contract_lot_id,contract_id,lot_id,source_id,source_file_id,source_record_id
clo_00001,con_00001,lot_00004,src_ted_opendata,file_ted_0001,contract:CON-0001/lot:LOT-0004
clo_00002,con_00002,lot_00001,src_ted_opendata,file_ted_0001,contract:CON-0002/lot:LOT-0001
clo_00003,con_00002,lot_00002,src_ted_opendata,file_ted_0001,contract:CON-0002/lot:LOT-0002
clo_00004,con_00002,lot_00003,src_ted_opendata,file_ted_0001,contract:CON-0002/lot:LOT-0003
clo_00005,con_00002,lot_00005,src_ted_opendata,file_ted_0001,contract:CON-0002/lot:LOT-0005
clo_00006,con_00003,lot_00006,src_ted_opendata,file_ted_0002,contract:CON-0001/lot:LOT-0001
clo_00007,con_00004,lot_00007,src_ted_opendata,file_ted_0003,contract:CON-0000/lot:LOT-0000
clo_00008,con_00005,lot_00009,src_ted_opendata,file_ted_0005,contract:CON-0001/lot:LOT-0001
clo_00009,con_00006,lot_00010,src_ted_opendata,file_ted_0006,contract:CON-0001/lot:LOT-0000
clo_00010,con_00007,lot_00011,src_ted_opendata,file_ted_0007,contract:CON-0001/lot:LOT-0001
clo_00011,con_00008,lot_00012,src_ted_opendata,file_ted_0008,contract:CON-0001/lot:LOT-0000
clo_00012,con_00009,lot_00013,src_ted_opendata,file_ted_0009,contract:CON-0001/lot:LOT-0001
clo_00013,con_00009,lot_00022,src_ted_opendata,file_ted_0009,contract:CON-0001/lot:LOT-0010
clo_00014,con_00009,lot_00020,src_ted_opendata,file_ted_0009,contract:CON-0001/lot:LOT-0008
clo_00015,con_00009,lot_00015,src_ted_opendata,file_ted_0009,contract:CON-0001/lot:LOT-0003
clo_00016,con_00009,lot_00019,src_ted_opendata,file_ted_0009,contract:CON-0001/lot:LOT-0007
clo_00017,con_00009,lot_00024,src_ted_opendata,file_ted_0009,contract:CON-0001/lot:LOT-0012
clo_00018,con_00009,lot_00026,src_ted_opendata,file_ted_0009,contract:CON-0001/lot:LOT-0014
clo_00019,con_00009,lot_00025,src_ted_opendata,file_ted_0009,contract:CON-0001/lot:LOT-0013
clo_00020,con_00010,lot_00021,src_ted_opendata,file_ted_0009,contract:CON-0002/lot:LOT-0009
clo_00021,con_00010,lot_00014,src_ted_opendata,file_ted_0009,contract:CON-0002/lot:LOT-0002
clo_00022,con_00010,lot_00027,src_ted_opendata,file_ted_0009,contract:CON-0002/lot:LOT-0015
clo_00023,con_00010,lot_00023,src_ted_opendata,file_ted_0009,contract:CON-0002/lot:LOT-0011
clo_00024,con_00010,lot_00016,src_ted_opendata,file_ted_0009,contract:CON-0002/lot:LOT-0004
clo_00025,con_00011,lot_00030,src_ted_opendata,file_ted_0009,contract:CON-0003/lot:LOT-0018
clo_00026,con_00011,lot_00017,src_ted_opendata,file_ted_0009,contract:CON-0003/lot:LOT-0005
clo_00027,con_00012,lot_00018,src_ted_opendata,file_ted_0009,contract:CON-0004/lot:LOT-0006
clo_00028,con_00012,lot_00029,src_ted_opendata,file_ted_0009,contract:CON-0004/lot:LOT-0017
clo_00029,con_00012,lot_00028,src_ted_opendata,file_ted_0009,contract:CON-0004/lot:LOT-0016
clo_00030,con_00013,lot_00031,src_ted_opendata,file_ted_0010,contract:CON-0001/lot:LOT-0001
clo_00031,con_00014,lot_00033,src_ted_opendata,file_ted_0012,contract:CON-0001/lot:LOT-0001
clo_00032,con_00015,lot_00034,src_ted_opendata,file_ted_0013,contract:CON-0001/lot:LOT-0003
clo_00033,con_00016,lot_00035,src_ted_opendata,file_ted_0013,contract:CON-0002/lot:LOT-0004
clo_00034,con_00017,lot_00036,src_ted_opendata,file_ted_0013,contract:CON-0003/lot:LOT-0010
clo_00035,con_00018,lot_00037,src_ted_opendata,file_ted_0013,contract:CON-0004/lot:LOT-0012
clo_00036,con_00019,lot_00038,src_ted_opendata,file_ted_0013,contract:CON-0005/lot:LOT-0014
clo_00037,con_00020,lot_00039,src_ted_opendata,file_ted_0013,contract:CON-0006/lot:LOT-0016
clo_00038,con_00021,lot_00040,src_ted_opendata,file_ted_0013,contract:CON-0007/lot:LOT-0018
clo_00039,con_00022,lot_00041,src_ted_opendata,file_ted_0013,contract:CON-0008/lot:LOT-0020
clo_00040,con_00023,lot_00042,src_ted_opendata,file_ted_0013,contract:CON-0009/lot:LOT-0021
clo_00041,con_00024,lot_00043,src_ted_opendata,file_ted_0013,contract:CON-0010/lot:LOT-0022
clo_00042,con_00025,lot_00044,src_ted_opendata,file_ted_0013,contract:CON-0011/lot:LOT-0024
clo_00043,con_00026,lot_00045,src_ted_opendata,file_ted_0013,contract:CON-0012/lot:LOT-0027
clo_00044,con_00027,lot_00046,src_ted_opendata,file_ted_0013,contract:CON-0013/lot:LOT-0030
clo_00045,con_00028,lot_00047,src_ted_opendata,file_ted_0013,contract:CON-0014/lot:LOT-0032
clo_00046,con_00029,lot_00048,src_ted_opendata,file_ted_0013,contract:CON-0015/lot:LOT-0043
clo_00047,con_00030,lot_00049,src_ted_opendata,file_ted_0013,contract:CON-0016/lot:LOT-0093
clo_00048,con_00031,lot_00050,src_ted_opendata,file_ted_0013,contract:CON-0017/lot:LOT-0094
clo_00049,con_00032,lot_00051,src_ted_opendata,file_ted_0013,contract:CON-0018/lot:LOT-0095
clo_00050,con_00033,lot_00052,src_ted_opendata,file_ted_0013,contract:CON-0019/lot:LOT-0096
clo_00051,con_00034,lot_00053,src_ted_opendata,file_ted_0013,contract:CON-0020/lot:LOT-0097
clo_00052,con_00035,lot_00054,src_ted_opendata,file_ted_0013,contract:CON-0021/lot:LOT-0098
clo_00053,con_00036,lot_00055,src_ted_opendata,file_ted_0013,contract:CON-0023/lot:LOT-0102
clo_00054,con_00037,lot_00056,src_ted_opendata,file_ted_0013,contract:CON-0024/lot:LOT-0103
clo_00055,con_00038,lot_00057,src_ted_opendata,file_ted_0013,contract:CON-0025/lot:LOT-0104
clo_00056,con_00039,lot_00058,src_ted_opendata,file_ted_0013,contract:CON-0026/lot:LOT-0105
clo_00057,con_00040,lot_00059,src_ted_opendata,file_ted_0013,contract:CON-0027/lot:LOT-0106
clo_00058,con_00041,lot_00060,src_ted_opendata,file_ted_0013,contract:CON-0028/lot:LOT-0109
clo_00059,con_00042,lot_00061,src_ted_opendata,file_ted_0014,contract:CON-0001/lot:LOT-0000
clo_00060,con_00043,lot_00062,src_ted_opendata,file_ted_0015,contract:CON-0001/lot:LOT-0032
clo_00061,con_00044,lot_00063,src_ted_opendata,file_ted_0015,contract:CON-0002/lot:LOT-0033
clo_00062,con_00045,lot_00064,src_ted_opendata,file_ted_0015,contract:CON-0003/lot:LOT-0034
clo_00063,con_00046,lot_00065,src_ted_opendata,file_ted_0015,contract:CON-0004/lot:LOT-0035
clo_00064,con_00047,lot_00066,src_ted_opendata,file_ted_0015,contract:CON-0005/lot:LOT-0036
clo_00065,con_00048,lot_00067,src_ted_opendata,file_ted_0015,contract:CON-0006/lot:LOT-0037
clo_00066,con_00049,lot_00068,src_ted_opendata,file_ted_0015,contract:CON-0007/lot:LOT-0038
clo_00067,con_00050,lot_00069,src_ted_opendata,file_ted_0015,contract:CON-0008/lot:LOT-0039
clo_00068,con_00051,lot_00070,src_ted_opendata,file_ted_0015,contract:CON-0009/lot:LOT-0040
clo_00069,con_00052,lot_00071,src_ted_opendata,file_ted_0015,contract:CON-0010/lot:LOT-0041
clo_00070,con_00053,lot_00072,src_ted_opendata,file_ted_0016,contract:CON-0001/lot:LOT-0001
clo_00071,con_00054,lot_00073,src_ted_opendata,file_ted_0017,contract:CON-0000/lot:LOT-0000
clo_00072,con_00055,lot_00074,src_ted_opendata,file_ted_0018,contract:CON-0001/lot:LOT-0001
clo_00073,con_00056,lot_00075,src_ted_opendata,file_ted_0019,contract:CON-0001/lot:LOT-0001
clo_00074,con_00057,lot_00076,src_ted_opendata,file_ted_0020,contract:CON-0001/lot:LOT-0001
clo_00075,con_00058,lot_00079,src_ted_opendata,file_ted_0023,contract:CON-0001/lot:LOT-0000
clo_00076,con_00059,lot_00084,src_ted_opendata,file_ted_0024,contract:CON-0001/lot:LOT-0005
clo_00077,con_00059,lot_00081,src_ted_opendata,file_ted_0024,contract:CON-0001/lot:LOT-0002
clo_00078,con_00059,lot_00086,src_ted_opendata,file_ted_0024,contract:CON-0001/lot:LOT-0007
clo_00079,con_00059,lot_00083,src_ted_opendata,file_ted_0024,contract:CON-0001/lot:LOT-0004
clo_00080,con_00060,lot_00082,src_ted_opendata,file_ted_0024,contract:CON-0002/lot:LOT-0003
clo_00081,con_00061,lot_00087,src_ted_opendata,file_ted_0024,contract:CON-0003/lot:LOT-0008
clo_00082,con_00062,lot_00085,src_ted_opendata,file_ted_0024,contract:CON-0004/lot:LOT-0006
clo_00083,con_00063,lot_00080,src_ted_opendata,file_ted_0024,contract:CON-0005/lot:LOT-0001
clo_00084,con_00064,lot_00089,src_ted_opendata,file_ted_0025,contract:CON-0001/lot:LOT-0001
clo_00085,con_00065,lot_00090,src_ted_opendata,file_ted_0026,contract:CON-0001/lot:LOT-0000
clo_00086,con_00066,lot_00092,src_ted_opendata,file_ted_0028,contract:CON-0001/lot:LOT-0001
clo_00087,con_00067,lot_00093,src_ted_opendata,file_ted_0029,contract:CON-0001/lot:LOT-0001
clo_00088,con_00068,lot_00094,src_ted_opendata,file_ted_0030,contract:CON-0001/lot:LOT-0001
clo_00089,con_00069,lot_00095,src_ted_opendata,file_ted_0031,contract:CON-0001/lot:LOT-0000
clo_00090,con_00070,lot_00096,src_ted_opendata,file_ted_0032,contract:CON-0001/lot:LOT-0000
clo_00091,con_00071,lot_00097,src_ted_opendata,file_ted_0033,contract:CON-0001/lot:LOT-0001
clo_00092,con_00072,lot_00097,src_ted_opendata,file_ted_0033,contract:CON-0002/lot:LOT-0001
clo_00093,con_00073,lot_00097,src_ted_opendata,file_ted_0033,contract:CON-0003/lot:LOT-0001
clo_00094,con_00074,lot_00098,src_ted_opendata,file_ted_0034,contract:CON-0000/lot:LOT-0001
clo_00095,con_00074,lot_00099,src_ted_opendata,file_ted_0034,contract:CON-0000/lot:LOT-0002
clo_00096,con_00074,lot_00100,src_ted_opendata,file_ted_0034,contract:CON-0000/lot:LOT-0003
clo_00097,con_00075,lot_00101,src_ted_opendata,file_ted_0035,contract:CON-0001/lot:LOT-0001
clo_00098,con_00076,lot_00102,src_ted_opendata,file_ted_0036,contract:CON-0001/lot:LOT-0001
clo_00099,con_00077,lot_00103,src_ted_opendata,file_ted_0036,contract:CON-0002/lot:LOT-0002
clo_00100,con_00078,lot_00104,src_ted_opendata,file_ted_0036,contract:CON-0003/lot:LOT-0003
clo_00101,con_00079,lot_00105,src_ted_opendata,file_ted_0037,contract:CON-0003/lot:LOT-0003
clo_00102,con_00080,lot_00107,src_ted_opendata,file_ted_0039,contract:CON-0001/lot:LOT-0001
clo_00103,con_00081,lot_00108,src_ted_opendata,file_ted_0039,contract:CON-0002/lot:LOT-0002
clo_00104,con_00082,lot_00109,src_ted_opendata,file_ted_0040,contract:CON-0001/lot:LOT-0001
clo_00105,con_00083,lot_00110,src_ted_opendata,file_ted_0040,contract:CON-0002/lot:LOT-0002
clo_00106,con_00084,lot_00111,src_ted_opendata,file_ted_0040,contract:CON-0003/lot:LOT-0003
clo_00107,con_00085,lot_00112,src_ted_opendata,file_ted_0040,contract:CON-0004/lot:LOT-0004
clo_00108,con_00086,lot_00113,src_ted_opendata,file_ted_0040,contract:CON-0005/lot:LOT-0005
clo_00109,con_00087,lot_00114,src_ted_opendata,file_ted_0040,contract:CON-0006/lot:LOT-0006
clo_00110,con_00088,lot_00115,src_ted_opendata,file_ted_0040,contract:CON-0007/lot:LOT-0007
clo_00111,con_00089,lot_00117,src_ted_opendata,file_ted_0041,contract:CON-0001/lot:LOT-0001
clo_00112,con_00089,lot_00118,src_ted_opendata,file_ted_0041,contract:CON-0001/lot:LOT-0002
clo_00113,con_00090,lot_00119,src_ted_opendata,file_ted_0042,contract:CON-0001/lot:LOT-0001
clo_00114,con_00091,lot_00122,src_ted_opendata,file_ted_0042,contract:CON-0004/lot:LOT-0004
clo_00115,con_00092,lot_00121,src_ted_opendata,file_ted_0042,contract:CON-0003/lot:LOT-0003
clo_00116,con_00093,lot_00120,src_ted_opendata,file_ted_0042,contract:CON-0002/lot:LOT-0002
clo_00117,con_00094,lot_00131,src_ted_opendata,file_ted_0043,contract:CON-0015/lot:LOT-0009
clo_00118,con_00095,lot_00138,src_ted_opendata,file_ted_0043,contract:CON-0016/lot:LOT-0016
clo_00119,con_00096,lot_00135,src_ted_opendata,file_ted_0043,contract:CON-0017/lot:LOT-0013
clo_00120,con_00097,lot_00127,src_ted_opendata,file_ted_0043,contract:CON-0018/lot:LOT-0005
clo_00121,con_00098,lot_00126,src_ted_opendata,file_ted_0043,contract:CON-0019/lot:LOT-0004
clo_00122,con_00099,lot_00123,src_ted_opendata,file_ted_0043,contract:CON-0020/lot:LOT-0001
clo_00123,con_00100,lot_00128,src_ted_opendata,file_ted_0043,contract:CON-0021/lot:LOT-0006
clo_00124,con_00101,lot_00134,src_ted_opendata,file_ted_0043,contract:CON-0022/lot:LOT-0012
clo_00125,con_00102,lot_00125,src_ted_opendata,file_ted_0043,contract:CON-0023/lot:LOT-0003
clo_00126,con_00103,lot_00136,src_ted_opendata,file_ted_0043,contract:CON-0024/lot:LOT-0014
clo_00127,con_00104,lot_00127,src_ted_opendata,file_ted_0043,contract:CON-0001/lot:LOT-0005
clo_00128,con_00105,lot_00126,src_ted_opendata,file_ted_0043,contract:CON-0002/lot:LOT-0004
clo_00129,con_00106,lot_00135,src_ted_opendata,file_ted_0043,contract:CON-0007/lot:LOT-0013
clo_00130,con_00107,lot_00136,src_ted_opendata,file_ted_0043,contract:CON-0008/lot:LOT-0014
clo_00131,con_00108,lot_00137,src_ted_opendata,file_ted_0043,contract:CON-0009/lot:LOT-0015
clo_00132,con_00109,lot_00129,src_ted_opendata,file_ted_0043,contract:CON-0003/lot:LOT-0007
clo_00133,con_00110,lot_00133,src_ted_opendata,file_ted_0043,contract:CON-0010/lot:LOT-0011
clo_00134,con_00111,lot_00128,src_ted_opendata,file_ted_0043,contract:CON-0004/lot:LOT-0006
clo_00135,con_00112,lot_00134,src_ted_opendata,file_ted_0043,contract:CON-0011/lot:LOT-0012
clo_00136,con_00113,lot_00123,src_ted_opendata,file_ted_0043,contract:CON-0005/lot:LOT-0001
clo_00137,con_00114,lot_00131,src_ted_opendata,file_ted_0043,contract:CON-0012/lot:LOT-0009
clo_00138,con_00115,lot_00132,src_ted_opendata,file_ted_0043,contract:CON-0013/lot:LOT-0010
clo_00139,con_00116,lot_00138,src_ted_opendata,file_ted_0043,contract:CON-0014/lot:LOT-0016
clo_00140,con_00117,lot_00125,src_ted_opendata,file_ted_0043,contract:CON-0006/lot:LOT-0003
clo_00141,con_00118,lot_00127,src_ted_opendata,file_ted_0043,contract:CON-0025/lot:LOT-0005
clo_00142,con_00119,lot_00137,src_ted_opendata,file_ted_0043,contract:CON-0026/lot:LOT-0015
clo_00143,con_00120,lot_00133,src_ted_opendata,file_ted_0043,contract:CON-0027/lot:LOT-0011
clo_00144,con_00121,lot_00132,src_ted_opendata,file_ted_0043,contract:CON-0028/lot:LOT-0010
clo_00145,con_00122,lot_00129,src_ted_opendata,file_ted_0043,contract:CON-0029/lot:LOT-0007
clo_00146,con_00123,lot_00129,src_ted_opendata,file_ted_0043,contract:CON-0030/lot:LOT-0007
clo_00147,con_00124,lot_00139,src_ted_opendata,file_ted_0044,contract:CON-0001/lot:LOT-0001
clo_00148,con_00125,lot_00140,src_ted_opendata,file_ted_0045,contract:CON-0001/lot:LOT-0000
clo_00149,con_00126,lot_00141,src_ted_opendata,file_ted_0046,contract:CON-0001/lot:LOT-0000
clo_00150,con_00127,lot_00142,src_ted_opendata,file_ted_0047,contract:CON-0001/lot:LOT-0001
clo_00151,con_00128,lot_00143,src_ted_opendata,file_ted_0047,contract:CON-0002/lot:LOT-0002
clo_00152,con_00129,lot_00144,src_ted_opendata,file_ted_0047,contract:CON-0003/lot:LOT-0003
clo_00153,con_00130,lot_00145,src_ted_opendata,file_ted_0048,contract:CON-0001/lot:LOT-0001
clo_00154,con_00131,lot_00149,src_ted_opendata,file_ted_0051,contract:CON-0001/lot:LOT-0001
clo_00155,con_00132,lot_00150,src_ted_opendata,file_ted_0052,contract:CON-0001/lot:LOT-0001
clo_00156,con_00133,lot_00151,src_ted_opendata,file_ted_0052,contract:CON-0002/lot:LOT-0002
clo_00157,con_00134,lot_00152,src_ted_opendata,file_ted_0053,contract:CON-0001/lot:LOT-0006
clo_00158,con_00135,lot_00153,src_ted_opendata,file_ted_0054,contract:CON-0001/lot:LOT-0001
clo_00159,con_00136,lot_00154,src_ted_opendata,file_ted_0055,contract:CON-0001/lot:LOT-0001
clo_00160,con_00137,lot_00155,src_ted_opendata,file_ted_0056,contract:CON-0001/lot:LOT-0001
clo_00161,con_00138,lot_00156,src_ted_opendata,file_ted_0057,contract:CON-0001/lot:LOT-0001
clo_00162,con_00139,lot_00157,src_ted_opendata,file_ted_0057,contract:CON-0002/lot:LOT-0002
clo_00163,con_00140,lot_00158,src_ted_opendata,file_ted_0057,contract:CON-0003/lot:LOT-0003
clo_00164,con_00141,lot_00159,src_ted_opendata,file_ted_0058,contract:CON-0001/lot:LOT-0001
clo_00165,con_00142,lot_00160,src_ted_opendata,file_ted_0059,contract:CON-0001/lot:LOT-0000
clo_00166,con_00143,lot_00161,src_ted_opendata,file_ted_0060,contract:CON-0001/lot:LOT-0001
clo_00167,con_00144,lot_00162,src_ted_opendata,file_ted_0061,contract:CON-0001/lot:LOT-0001
clo_00168,con_00145,lot_00164,src_ted_opendata,file_ted_0062,contract:CON-0016/lot:LOT-0009
clo_00169,con_00146,lot_00163,src_ted_opendata,file_ted_0062,contract:CON-0015/lot:LOT-0008
clo_00170,con_00147,lot_00166,src_ted_opendata,file_ted_0064,contract:CON-0001/lot:LOT-0001
clo_00171,con_00148,lot_00167,src_ted_opendata,file_ted_0065,contract:CON-0001/lot:LOT-0001
clo_00172,con_00149,lot_00168,src_ted_opendata,file_ted_0066,contract:CON-0001/lot:LOT-0001
clo_00173,con_00150,lot_00169,src_ted_opendata,file_ted_0067,contract:CON-0001/lot:LOT-0001
clo_00174,con_00151,lot_00170,src_ted_opendata,file_ted_0068,contract:CON-0001/lot:LOT-0001
clo_00175,con_00152,lot_00171,src_ted_opendata,file_ted_0069,contract:CON-0001/lot:LOT-0001
clo_00176,con_00153,lot_00172,src_ted_opendata,file_ted_0070,contract:CON-0001/lot:LOT-0001
clo_00177,con_00154,lot_00173,src_ted_opendata,file_ted_0071,contract:CON-0001/lot:LOT-0001
clo_00178,con_00155,lot_00174,src_ted_opendata,file_ted_0072,contract:CON-0001/lot:LOT-0001
clo_00179,con_00156,lot_00175,src_ted_opendata,file_ted_0072,contract:CON-0002/lot:LOT-0002
clo_00180,con_00157,lot_00176,src_ted_opendata,file_ted_0072,contract:CON-0003/lot:LOT-0003
clo_00181,con_00158,lot_00177,src_ted_opendata,file_ted_0072,contract:CON-0004/lot:LOT-0004
clo_00182,con_00159,lot_00178,src_ted_opendata,file_ted_0072,contract:CON-0005/lot:LOT-0005
clo_00183,con_00160,lot_00179,src_ted_opendata,file_ted_0073,contract:CON-0001/lot:LOT-0001
clo_00184,con_00161,lot_00180,src_ted_opendata,file_ted_0074,contract:CON-0001/lot:LOT-0001
clo_00185,con_00162,lot_00181,src_ted_opendata,file_ted_0074,contract:CON-0002/lot:LOT-0002
clo_00186,con_00162,lot_00183,src_ted_opendata,file_ted_0074,contract:CON-0002/lot:LOT-0004
clo_00187,con_00162,lot_00184,src_ted_opendata,file_ted_0074,contract:CON-0002/lot:LOT-0005
clo_00188,con_00162,lot_00185,src_ted_opendata,file_ted_0074,contract:CON-0002/lot:LOT-0006
clo_00189,con_00162,lot_00186,src_ted_opendata,file_ted_0074,contract:CON-0002/lot:LOT-0007
clo_00190,con_00162,lot_00188,src_ted_opendata,file_ted_0074,contract:CON-0002/lot:LOT-0009
clo_00191,con_00162,lot_00189,src_ted_opendata,file_ted_0074,contract:CON-0002/lot:LOT-0010
clo_00192,con_00162,lot_00190,src_ted_opendata,file_ted_0074,contract:CON-0002/lot:LOT-0011
clo_00193,con_00162,lot_00191,src_ted_opendata,file_ted_0074,contract:CON-0002/lot:LOT-0012
clo_00194,con_00162,lot_00192,src_ted_opendata,file_ted_0074,contract:CON-0002/lot:LOT-0013
clo_00195,con_00163,lot_00182,src_ted_opendata,file_ted_0074,contract:CON-0003/lot:LOT-0003
clo_00196,con_00164,lot_00187,src_ted_opendata,file_ted_0074,contract:CON-0004/lot:LOT-0008
clo_00197,con_00165,lot_00195,src_ted_opendata,file_ted_0076,contract:CON-0001/lot:LOT-0001
clo_00198,con_00166,lot_00196,src_ted_opendata,file_ted_0077,contract:CON-0001/lot:LOT-0041
clo_00199,con_00167,lot_00197,src_ted_opendata,file_ted_0077,contract:CON-0002/lot:LOT-0042
clo_00200,con_00168,lot_00198,src_ted_opendata,file_ted_0077,contract:CON-0003/lot:LOT-0043
clo_00201,con_00169,lot_00199,src_ted_opendata,file_ted_0077,contract:CON-0004/lot:LOT-0044
clo_00202,con_00170,lot_00200,src_ted_opendata,file_ted_0077,contract:CON-0005/lot:LOT-0045
clo_00203,con_00171,lot_00201,src_ted_opendata,file_ted_0077,contract:CON-0006/lot:LOT-0047
clo_00204,con_00172,lot_00202,src_ted_opendata,file_ted_0077,contract:CON-0007/lot:LOT-0048
clo_00205,con_00173,lot_00203,src_ted_opendata,file_ted_0077,contract:CON-0008/lot:LOT-0051
clo_00206,con_00174,lot_00204,src_ted_opendata,file_ted_0077,contract:CON-0009/lot:LOT-0052
clo_00207,con_00175,lot_00205,src_ted_opendata,file_ted_0077,contract:CON-0010/lot:LOT-0054
clo_00208,con_00176,lot_00206,src_ted_opendata,file_ted_0077,contract:CON-0011/lot:LOT-0055
clo_00209,con_00177,lot_00207,src_ted_opendata,file_ted_0077,contract:CON-0012/lot:LOT-0056
clo_00210,con_00178,lot_00208,src_ted_opendata,file_ted_0077,contract:CON-0013/lot:LOT-0057
clo_00211,con_00179,lot_00209,src_ted_opendata,file_ted_0078,contract:CON-0001/lot:LOT-0001
clo_00212,con_00180,lot_00210,src_ted_opendata,file_ted_0078,contract:CON-0002/lot:LOT-0002
clo_00213,con_00181,lot_00211,src_ted_opendata,file_ted_0079,contract:CON-0001/lot:LOT-0000
clo_00214,con_00182,lot_00212,src_ted_opendata,file_ted_0080,contract:CON-0000/lot:LOT-0000
clo_00215,con_00183,lot_00213,src_ted_opendata,file_ted_0081,contract:CON-0002/lot:LOT-0001
clo_00216,con_00184,lot_00214,src_ted_opendata,file_ted_0082,contract:CON-0001/lot:LOT-0001
clo_00217,con_00185,lot_00215,src_ted_opendata,file_ted_0082,contract:CON-0003/lot:LOT-0003
clo_00218,con_00186,lot_00216,src_ted_opendata,file_ted_0083,contract:CON-0001/lot:LOT-0001
clo_00219,con_00187,lot_00219,src_ted_opendata,file_ted_0084,contract:CON-0001/lot:LOT-0003
clo_00220,con_00188,lot_00221,src_ted_opendata,file_ted_0085,contract:CON-0001/lot:LOT-0001
clo_00221,con_00189,lot_00222,src_ted_opendata,file_ted_0086,contract:CON-0001/lot:LOT-0001
clo_00222,con_00190,lot_00223,src_ted_opendata,file_ted_0087,contract:CON-0001/lot:LOT-0001
clo_00223,con_00191,lot_00225,src_ted_opendata,file_ted_0089,contract:CON-0001/lot:LOT-0001
clo_00224,con_00192,lot_00226,src_ted_opendata,file_ted_0090,contract:CON-0000/lot:LOT-0000
clo_00225,con_00193,lot_00227,src_ted_opendata,file_ted_0091,contract:CON-0001/lot:LOT-0001
clo_00226,con_00194,lot_00228,src_ted_opendata,file_ted_0092,contract:CON-0001/lot:LOT-0001
clo_00227,con_00195,lot_00229,src_ted_opendata,file_ted_0093,contract:CON-0001/lot:LOT-0000
clo_00228,con_00196,lot_00230,src_ted_opendata,file_ted_0094,contract:CON-0300/lot:LOT-0003
clo_00229,con_00197,lot_00232,src_ted_opendata,file_ted_0096,contract:CON-0001/lot:LOT-0001
clo_00230,con_00198,lot_00235,src_ted_opendata,file_ted_0099,contract:CON-0001/lot:LOT-0001
clo_00231,con_00199,lot_00237,src_ted_opendata,file_ted_0101,contract:CON-0001/lot:LOT-0000
clo_00232,con_00200,lot_00249,src_ted_opendata,file_ted_0104,contract:CON-0001/lot:LOT-0000
clo_00233,con_00201,lot_00251,src_ted_opendata,file_ted_0106,contract:CON-0001/lot:LOT-0001
clo_00234,con_00202,lot_00252,src_ted_opendata,file_ted_0107,contract:CON-0001/lot:LOT-0001
clo_00235,con_00203,lot_00253,src_ted_opendata,file_ted_0108,contract:CON-0001/lot:LOT-0000
clo_00236,con_00204,lot_00254,src_ted_opendata,file_ted_0109,contract:CON-0001/lot:LOT-0001
clo_00237,con_00205,lot_00256,src_ted_opendata,file_ted_0111,contract:CON-0001/lot:LOT-0000
clo_00238,con_00206,lot_00257,src_ted_opendata,file_ted_0112,contract:CON-0002/lot:LOT-0000
clo_00239,con_00207,lot_00257,src_ted_opendata,file_ted_0112,contract:CON-0001/lot:LOT-0000
clo_00240,con_00208,lot_00257,src_ted_opendata,file_ted_0112,contract:CON-0003/lot:LOT-0000
clo_00241,con_00209,lot_00257,src_ted_opendata,file_ted_0112,contract:CON-0004/lot:LOT-0000
clo_00242,con_00210,lot_00257,src_ted_opendata,file_ted_0112,contract:CON-0005/lot:LOT-0000
clo_00243,con_00211,lot_00259,src_ted_opendata,file_ted_0114,contract:CON-0001/lot:LOT-0001
clo_00244,con_00212,lot_00261,src_ted_opendata,file_ted_0114,contract:CON-0002/lot:LOT-0003
clo_00245,con_00213,lot_00260,src_ted_opendata,file_ted_0114,contract:CON-0003/lot:LOT-0002
clo_00246,con_00214,lot_00263,src_ted_opendata,file_ted_0114,contract:CON-0004/lot:LOT-0005
clo_00247,con_00215,lot_00262,src_ted_opendata,file_ted_0114,contract:CON-0005/lot:LOT-0004
clo_00248,con_00216,lot_00264,src_ted_opendata,file_ted_0115,contract:CON-0001/lot:LOT-0008
clo_00249,con_00217,lot_00265,src_ted_opendata,file_ted_0115,contract:CON-0002/lot:LOT-0030
clo_00250,con_00218,lot_00266,src_ted_opendata,file_ted_0115,contract:CON-0003/lot:LOT-0052
clo_00251,con_00219,lot_00267,src_ted_opendata,file_ted_0115,contract:CON-0004/lot:LOT-0053
clo_00252,con_00220,lot_00268,src_ted_opendata,file_ted_0115,contract:CON-0005/lot:LOT-0057
clo_00253,con_00221,lot_00269,src_ted_opendata,file_ted_0115,contract:CON-0006/lot:LOT-0068
clo_00254,con_00222,lot_00270,src_ted_opendata,file_ted_0115,contract:CON-0007/lot:LOT-0069
clo_00255,con_00223,lot_00271,src_ted_opendata,file_ted_0115,contract:CON-0008/lot:LOT-0074
clo_00256,con_00224,lot_00272,src_ted_opendata,file_ted_0115,contract:CON-0009/lot:LOT-0081
clo_00257,con_00225,lot_00273,src_ted_opendata,file_ted_0115,contract:CON-0010/lot:LOT-0088
clo_00258,con_00226,lot_00274,src_ted_opendata,file_ted_0115,contract:CON-0011/lot:LOT-0089
clo_00259,con_00227,lot_00275,src_ted_opendata,file_ted_0115,contract:CON-0012/lot:LOT-0101
clo_00260,con_00228,lot_00276,src_ted_opendata,file_ted_0115,contract:CON-0013/lot:LOT-0132
clo_00261,con_00229,lot_00277,src_ted_opendata,file_ted_0115,contract:CON-0014/lot:LOT-0138
clo_00262,con_00230,lot_00278,src_ted_opendata,file_ted_0116,contract:CON-0001/lot:LOT-0001
clo_00263,con_00231,lot_00279,src_ted_opendata,file_ted_0117,contract:CON-0001/lot:LOT-0062
clo_00264,con_00232,lot_00280,src_ted_opendata,file_ted_0117,contract:CON-0002/lot:LOT-0080
clo_00265,con_00233,lot_00281,src_ted_opendata,file_ted_0117,contract:CON-0003/lot:LOT-0085
clo_00266,con_00234,lot_00282,src_ted_opendata,file_ted_0117,contract:CON-0004/lot:LOT-0090
clo_00267,con_00235,lot_00283,src_ted_opendata,file_ted_0117,contract:CON-0005/lot:LOT-0098
clo_00268,con_00236,lot_00284,src_ted_opendata,file_ted_0117,contract:CON-0006/lot:LOT-0112
clo_00269,con_00237,lot_00285,src_ted_opendata,file_ted_0117,contract:CON-0007/lot:LOT-0118
clo_00270,con_00238,lot_00286,src_ted_opendata,file_ted_0117,contract:CON-0008/lot:LOT-0125
clo_00271,con_00239,lot_00287,src_ted_opendata,file_ted_0117,contract:CON-0009/lot:LOT-0135
clo_00272,con_00240,lot_00289,src_ted_opendata,file_ted_0119,contract:CON-0000/lot:LOT-0000
clo_00273,con_00241,lot_00290,src_ted_opendata,file_ted_0120,contract:CON-0001/lot:LOT-0001
clo_00274,con_00242,lot_00291,src_ted_opendata,file_ted_0120,contract:CON-0002/lot:LOT-0002
clo_00275,con_00242,lot_00292,src_ted_opendata,file_ted_0120,contract:CON-0002/lot:LOT-0003
clo_00276,con_00243,lot_00293,src_ted_opendata,file_ted_0120,contract:CON-0003/lot:LOT-0004
clo_00277,con_00244,lot_00294,src_ted_opendata,file_ted_0121,contract:CON-0001/lot:LOT-0001
clo_00278,con_00245,lot_00295,src_ted_opendata,file_ted_0121,contract:CON-0002/lot:LOT-0002
clo_00279,con_00246,lot_00296,src_ted_opendata,file_ted_0121,contract:CON-0003/lot:LOT-0003
clo_00280,con_00247,lot_00297,src_ted_opendata,file_ted_0121,contract:CON-0004/lot:LOT-0005
clo_00281,con_00248,lot_00298,src_ted_opendata,file_ted_0121,contract:CON-0005/lot:LOT-0006
clo_00282,con_00249,lot_00299,src_ted_opendata,file_ted_0121,contract:CON-0006/lot:LOT-0007
clo_00283,con_00250,lot_00300,src_ted_opendata,file_ted_0121,contract:CON-0007/lot:LOT-0009
clo_00284,con_00251,lot_00301,src_ted_opendata,file_ted_0121,contract:CON-0008/lot:LOT-0010
clo_00285,con_00252,lot_00304,src_ted_opendata,file_ted_0121,contract:CON-0009/lot:LOT-0013
clo_00286,con_00253,lot_00305,src_ted_opendata,file_ted_0121,contract:CON-0010/lot:LOT-0014
clo_00287,con_00254,lot_00307,src_ted_opendata,file_ted_0122,contract:CON-0001/lot:LOT-0001
clo_00288,con_00255,lot_00308,src_ted_opendata,file_ted_0123,contract:CON-0001/lot:LOT-0005
clo_00289,con_00256,lot_00309,src_ted_opendata,file_ted_0124,contract:CON-0001/lot:LOT-0001
clo_00290,con_00257,lot_00310,src_ted_opendata,file_ted_0124,contract:CON-0002/lot:LOT-0002
clo_00291,con_00258,lot_00311,src_ted_opendata,file_ted_0124,contract:CON-0003/lot:LOT-0003
clo_00292,con_00259,lot_00312,src_ted_opendata,file_ted_0124,contract:CON-0004/lot:LOT-0004
clo_00293,con_00260,lot_00315,src_ted_opendata,file_ted_0124,contract:CON-0005/lot:LOT-0007
clo_00294,con_00261,lot_00316,src_ted_opendata,file_ted_0124,contract:CON-0006/lot:LOT-0008
clo_00295,con_00262,lot_00317,src_ted_opendata,file_ted_0124,contract:CON-0007/lot:LOT-0009
clo_00296,con_00263,lot_00318,src_ted_opendata,file_ted_0124,contract:CON-0008/lot:LOT-0010
clo_00297,con_00264,lot_00319,src_ted_opendata,file_ted_0124,contract:CON-0009/lot:LOT-0011
clo_00298,con_00265,lot_00320,src_ted_opendata,file_ted_0124,contract:CON-0010/lot:LOT-0012
clo_00299,con_00266,lot_00321,src_ted_opendata,file_ted_0124,contract:CON-0011/lot:LOT-0013
clo_00300,con_00267,lot_00322,src_ted_opendata,file_ted_0124,contract:CON-0012/lot:LOT-0014
clo_00301,con_00268,lot_00325,src_ted_opendata,file_ted_0124,contract:CON-0013/lot:LOT-0017
clo_00302,con_00269,lot_00326,src_ted_opendata,file_ted_0124,contract:CON-0014/lot:LOT-0018
clo_00303,con_00270,lot_00327,src_ted_opendata,file_ted_0124,contract:CON-0015/lot:LOT-0019
clo_00304,con_00271,lot_00328,src_ted_opendata,file_ted_0124,contract:CON-0016/lot:LOT-0020
clo_00305,con_00272,lot_00329,src_ted_opendata,file_ted_0125,contract:CON-0001/lot:LOT-0001
clo_00306,con_00273,lot_00330,src_ted_opendata,file_ted_0125,contract:CON-0002/lot:LOT-0002
clo_00307,con_00274,lot_00331,src_ted_opendata,file_ted_0125,contract:CON-0003/lot:LOT-0003
clo_00308,con_00275,lot_00332,src_ted_opendata,file_ted_0125,contract:CON-0004/lot:LOT-0004
clo_00309,con_00276,lot_00333,src_ted_opendata,file_ted_0126,contract:CON-0001/lot:LOT-0001
clo_00310,con_00277,lot_00335,src_ted_opendata,file_ted_0127,contract:CON-0001/lot:LOT-0002
clo_00311,con_00278,lot_00336,src_ted_opendata,file_ted_0127,contract:CON-0002/lot:LOT-0003
clo_00312,con_00279,lot_00337,src_ted_opendata,file_ted_0127,contract:CON-0003/lot:LOT-0004
clo_00313,con_00280,lot_00338,src_ted_opendata,file_ted_0127,contract:CON-0004/lot:LOT-0005
clo_00314,con_00281,lot_00339,src_ted_opendata,file_ted_0127,contract:CON-0005/lot:LOT-0006
clo_00315,con_00282,lot_00341,src_ted_opendata,file_ted_0128,contract:CON-0001/lot:LOT-0001
clo_00316,con_00283,lot_00342,src_ted_opendata,file_ted_0128,contract:CON-0002/lot:LOT-0002
clo_00317,con_00284,lot_00344,src_ted_opendata,file_ted_0128,contract:CON-0003/lot:LOT-0004
clo_00318,con_00285,lot_00345,src_ted_opendata,file_ted_0128,contract:CON-0004/lot:LOT-0005
clo_00319,con_00286,lot_00346,src_ted_opendata,file_ted_0128,contract:CON-0005/lot:LOT-0006
clo_00320,con_00287,lot_00347,src_ted_opendata,file_ted_0128,contract:CON-0006/lot:LOT-0007
clo_00321,con_00288,lot_00348,src_ted_opendata,file_ted_0128,contract:CON-0007/lot:LOT-0008
clo_00322,con_00289,lot_00349,src_ted_opendata,file_ted_0129,contract:CON-0001/lot:LOT-0001
clo_00323,con_00290,lot_00350,src_ted_opendata,file_ted_0130,contract:CON-0001/lot:LOT-0001
clo_00324,con_00290,lot_00351,src_ted_opendata,file_ted_0130,contract:CON-0001/lot:LOT-0002
clo_00325,con_00290,lot_00352,src_ted_opendata,file_ted_0130,contract:CON-0001/lot:LOT-0003
clo_00326,con_00291,lot_00355,src_ted_opendata,file_ted_0131,contract:CON-0001/lot:LOT-0002
clo_00327,con_00292,lot_00356,src_ted_opendata,file_ted_0131,contract:CON-0002/lot:LOT-0003
clo_00328,con_00293,lot_00357,src_ted_opendata,file_ted_0132,contract:CON-0001/lot:LOT-0000
clo_00329,con_00294,lot_00358,src_ted_opendata,file_ted_0133,contract:CON-0001/lot:LOT-0001
clo_00330,con_00295,lot_00359,src_ted_opendata,file_ted_0134,contract:CON-0001/lot:LOT-0000
clo_00331,con_00296,lot_00361,src_ted_opendata,file_ted_0135,contract:CON-0002/lot:LOT-0002
clo_00332,con_00297,lot_00362,src_ted_opendata,file_ted_0135,contract:CON-0003/lot:LOT-0003
clo_00333,con_00298,lot_00364,src_ted_opendata,file_ted_0135,contract:CON-0005/lot:LOT-0005
clo_00334,con_00299,lot_00368,src_ted_opendata,file_ted_0137,contract:CON-0001/lot:LOT-0001
clo_00335,con_00300,lot_00372,src_ted_opendata,file_ted_0138,contract:CON-0001/lot:LOT-0003
clo_00336,con_00301,lot_00373,src_ted_opendata,file_ted_0139,contract:CON-0001/lot:LOT-0001
clo_00337,con_00302,lot_00374,src_ted_opendata,file_ted_0139,contract:CON-0002/lot:LOT-0013
clo_00338,con_00303,lot_00375,src_ted_opendata,file_ted_0139,contract:CON-0003/lot:LOT-0014
clo_00339,con_00304,lot_00376,src_ted_opendata,file_ted_0139,contract:CON-0004/lot:LOT-0015
clo_00340,con_00305,lot_00377,src_ted_opendata,file_ted_0139,contract:CON-0005/lot:LOT-0016
clo_00341,con_00306,lot_00378,src_ted_opendata,file_ted_0139,contract:CON-0006/lot:LOT-0017
clo_00342,con_00307,lot_00379,src_ted_opendata,file_ted_0139,contract:CON-0007/lot:LOT-0018
clo_00343,con_00308,lot_00380,src_ted_opendata,file_ted_0139,contract:CON-0008/lot:LOT-0019
clo_00344,con_00309,lot_00381,src_ted_opendata,file_ted_0140,contract:CON-0001/lot:LOT-0001
clo_00345,con_00310,lot_00382,src_ted_opendata,file_ted_0141,contract:CON-0001/lot:LOT-0001
clo_00346,con_00311,lot_00383,src_ted_opendata,file_ted_0142,contract:CON-0001/lot:LOT-0004
clo_00347,con_00312,lot_00385,src_ted_opendata,file_ted_0144,contract:CON-0001/lot:LOT-0001
clo_00348,con_00313,lot_00399,src_ted_opendata,file_ted_0145,contract:CON-0001/lot:LOT-0014
clo_00349,con_00313,lot_00386,src_ted_opendata,file_ted_0145,contract:CON-0001/lot:LOT-0001
clo_00350,con_00313,lot_00388,src_ted_opendata,file_ted_0145,contract:CON-0001/lot:LOT-0003
clo_00351,con_00313,lot_00402,src_ted_opendata,file_ted_0145,contract:CON-0001/lot:LOT-0017
clo_00352,con_00313,lot_00387,src_ted_opendata,file_ted_0145,contract:CON-0001/lot:LOT-0002
clo_00353,con_00313,lot_00400,src_ted_opendata,file_ted_0145,contract:CON-0001/lot:LOT-0015
clo_00354,con_00313,lot_00391,src_ted_opendata,file_ted_0145,contract:CON-0001/lot:LOT-0006
clo_00355,con_00313,lot_00396,src_ted_opendata,file_ted_0145,contract:CON-0001/lot:LOT-0011
clo_00356,con_00314,lot_00401,src_ted_opendata,file_ted_0145,contract:CON-0002/lot:LOT-0016
clo_00357,con_00315,lot_00394,src_ted_opendata,file_ted_0145,contract:CON-0003/lot:LOT-0009
clo_00358,con_00315,lot_00397,src_ted_opendata,file_ted_0145,contract:CON-0003/lot:LOT-0012
clo_00359,con_00315,lot_00395,src_ted_opendata,file_ted_0145,contract:CON-0003/lot:LOT-0010
clo_00360,con_00316,lot_00393,src_ted_opendata,file_ted_0145,contract:CON-0004/lot:LOT-0008
clo_00361,con_00317,lot_00389,src_ted_opendata,file_ted_0145,contract:CON-0005/lot:LOT-0004
clo_00362,con_00318,lot_00404,src_ted_opendata,file_ted_0146,contract:CON-0001/lot:LOT-0005
clo_00363,con_00319,lot_00405,src_ted_opendata,file_ted_0147,contract:CON-0001/lot:LOT-0001
clo_00364,con_00320,lot_00407,src_ted_opendata,file_ted_0148,contract:CON-0001/lot:LOT-0002
clo_00365,con_00321,lot_00408,src_ted_opendata,file_ted_0149,contract:CON-0001/lot:LOT-0001
clo_00366,con_00322,lot_00409,src_ted_opendata,file_ted_0150,contract:CON-0001/lot:LOT-0001
clo_00367,con_00323,lot_00410,src_ted_opendata,file_ted_0150,contract:CON-0002/lot:LOT-0002
clo_00368,con_00324,lot_00412,src_ted_opendata,file_ted_0151,contract:CON-0001/lot:LOT-0001
clo_00369,con_00325,lot_00413,src_ted_opendata,file_ted_0152,contract:CON-0001/lot:LOT-0001
clo_00370,con_00326,lot_00414,src_ted_opendata,file_ted_0152,contract:CON-0002/lot:LOT-0002
clo_00371,con_00327,lot_00415,src_ted_opendata,file_ted_0152,contract:CON-0003/lot:LOT-0003
clo_00372,con_00329,lot_00418,src_ted_opendata,file_ted_0154,contract:CON-0001/lot:LOT-0001
clo_00373,con_00329,lot_00419,src_ted_opendata,file_ted_0154,contract:CON-0001/lot:LOT-0002
clo_00374,con_00330,lot_00420,src_ted_opendata,file_ted_0155,contract:CON-0001/lot:LOT-0001
clo_00375,con_00332,lot_00422,src_ted_opendata,file_ted_0157,contract:CON-0001/lot:LOT-0001
clo_00376,con_00333,lot_00423,src_ted_opendata,file_ted_0158,contract:CON-0001/lot:LOT-0000
clo_00377,con_00334,lot_00424,src_ted_opendata,file_ted_0159,contract:CON-0001/lot:LOT-0000
clo_00378,con_00335,lot_00425,src_ted_opendata,file_ted_0160,contract:CON-0000/lot:LOT-0000
clo_00379,con_00336,lot_00426,src_ted_opendata,file_ted_0161,contract:CON-0001/lot:LOT-0001
clo_00380,con_00337,lot_00428,src_ted_opendata,file_ted_0163,contract:CON-0001/lot:LOT-0001
clo_00381,con_00338,lot_00429,src_ted_opendata,file_ted_0163,contract:CON-0002/lot:LOT-0002
clo_00382,con_00339,lot_00430,src_ted_opendata,file_ted_0163,contract:CON-0003/lot:LOT-0003
clo_00383,con_00340,lot_00431,src_ted_opendata,file_ted_0163,contract:CON-0004/lot:LOT-0004
clo_00384,con_00341,lot_00432,src_ted_opendata,file_ted_0164,contract:CON-0001/lot:LOT-0001
clo_00385,con_00342,lot_00433,src_ted_opendata,file_ted_0164,contract:CON-0002/lot:LOT-0002
clo_00386,con_00343,lot_00434,src_ted_opendata,file_ted_0164,contract:CON-0003/lot:LOT-0003
clo_00387,con_00344,lot_00435,src_ted_opendata,file_ted_0164,contract:CON-0004/lot:LOT-0004
clo_00388,con_00345,lot_00436,src_ted_opendata,file_ted_0164,contract:CON-0005/lot:LOT-0005
clo_00389,con_00346,lot_00437,src_ted_opendata,file_ted_0164,contract:CON-0006/lot:LOT-0006
clo_00390,con_00347,lot_00439,src_ted_opendata,file_ted_0164,contract:CON-0007/lot:LOT-0008
clo_00391,con_00348,lot_00440,src_ted_opendata,file_ted_0164,contract:CON-0008/lot:LOT-0009
clo_00392,con_00349,lot_00441,src_ted_opendata,file_ted_0164,contract:CON-0009/lot:LOT-0010
clo_00393,con_00350,lot_00442,src_ted_opendata,file_ted_0164,contract:CON-0010/lot:LOT-0011
clo_00394,con_00351,lot_00443,src_ted_opendata,file_ted_0164,contract:CON-0011/lot:LOT-0012
clo_00395,con_00352,lot_00444,src_ted_opendata,file_ted_0164,contract:CON-0012/lot:LOT-0013
clo_00396,con_00353,lot_00445,src_ted_opendata,file_ted_0164,contract:CON-0013/lot:LOT-0014
clo_00397,con_00354,lot_00447,src_ted_opendata,file_ted_0166,contract:CON-0001/lot:LOT-0001
clo_00398,con_00355,lot_00448,src_ted_opendata,file_ted_0167,contract:CON-0001/lot:LOT-0001
clo_00399,con_00356,lot_00449,src_ted_opendata,file_ted_0168,contract:CON-0001/lot:LOT-0001
clo_00400,con_00357,lot_00450,src_ted_opendata,file_ted_0168,contract:CON-0002/lot:LOT-0002
clo_00401,con_00358,lot_00451,src_ted_opendata,file_ted_0168,contract:CON-0003/lot:LOT-0003
clo_00402,con_00359,lot_00452,src_ted_opendata,file_ted_0168,contract:CON-0004/lot:LOT-0004
clo_00403,con_00360,lot_00453,src_ted_opendata,file_ted_0168,contract:CON-0005/lot:LOT-0005
clo_00404,con_00361,lot_00454,src_ted_opendata,file_ted_0168,contract:CON-0006/lot:LOT-0006
clo_00405,con_00362,lot_00455,src_ted_opendata,file_ted_0168,contract:CON-0007/lot:LOT-0007
clo_00406,con_00363,lot_00456,src_ted_opendata,file_ted_0168,contract:CON-0008/lot:LOT-0008
clo_00407,con_00364,lot_00457,src_ted_opendata,file_ted_0168,contract:CON-0009/lot:LOT-0009
clo_00408,con_00365,lot_00458,src_ted_opendata,file_ted_0168,contract:CON-0010/lot:LOT-0010
clo_00409,con_00366,lot_00459,src_ted_opendata,file_ted_0168,contract:CON-0011/lot:LOT-0011
clo_00410,con_00367,lot_00460,src_ted_opendata,file_ted_0168,contract:CON-0012/lot:LOT-0012
clo_00411,con_00368,lot_00461,src_ted_opendata,file_ted_0168,contract:CON-0013/lot:LOT-0013
clo_00412,con_00369,lot_00462,src_ted_opendata,file_ted_0168,contract:CON-0014/lot:LOT-0014
clo_00413,con_00370,lot_00463,src_ted_opendata,file_ted_0168,contract:CON-0015/lot:LOT-0015
clo_00414,con_00371,lot_00464,src_ted_opendata,file_ted_0168,contract:CON-0016/lot:LOT-0016
clo_00415,con_00372,lot_00465,src_ted_opendata,file_ted_0168,contract:CON-0017/lot:LOT-0017
clo_00416,con_00373,lot_00466,src_ted_opendata,file_ted_0168,contract:CON-0018/lot:LOT-0018
clo_00417,con_00374,lot_00468,src_ted_opendata,file_ted_0168,contract:CON-0019/lot:LOT-0020
clo_00418,con_00375,lot_00469,src_ted_opendata,file_ted_0168,contract:CON-0020/lot:LOT-0021
clo_00419,con_00376,lot_00470,src_ted_opendata,file_ted_0168,contract:CON-0021/lot:LOT-0022
clo_00420,con_00377,lot_00471,src_ted_opendata,file_ted_0168,contract:CON-0022/lot:LOT-0023
clo_00421,con_00378,lot_00472,src_ted_opendata,file_ted_0168,contract:CON-0023/lot:LOT-0024
clo_00422,con_00379,lot_00473,src_ted_opendata,file_ted_0168,contract:CON-0024/lot:LOT-0025
clo_00423,con_00380,lot_00474,src_ted_opendata,file_ted_0168,contract:CON-0025/lot:LOT-0026
clo_00424,con_00381,lot_00475,src_ted_opendata,file_ted_0168,contract:CON-0026/lot:LOT-0027
clo_00425,con_00382,lot_00476,src_ted_opendata,file_ted_0168,contract:CON-0027/lot:LOT-0028
clo_00426,con_00383,lot_00477,src_ted_opendata,file_ted_0168,contract:CON-0028/lot:LOT-0029
clo_00427,con_00384,lot_00478,src_ted_opendata,file_ted_0168,contract:CON-0029/lot:LOT-0030
clo_00428,con_00385,lot_00479,src_ted_opendata,file_ted_0168,contract:CON-0030/lot:LOT-0031
clo_00429,con_00386,lot_00480,src_ted_opendata,file_ted_0168,contract:CON-0031/lot:LOT-0032
clo_00430,con_00387,lot_00481,src_ted_opendata,file_ted_0169,contract:CON-0001/lot:LOT-0001
clo_00431,con_00388,lot_00482,src_ted_opendata,file_ted_0169,contract:CON-0002/lot:LOT-0002
clo_00432,con_00389,lot_00483,src_ted_opendata,file_ted_0169,contract:CON-0003/lot:LOT-0003
clo_00433,con_00390,lot_00484,src_ted_opendata,file_ted_0170,contract:CON-0029/lot:LOT-0001
clo_00434,con_00391,lot_00488,src_ted_opendata,file_ted_0170,contract:CON-0027/lot:LOT-0005
clo_00435,con_00392,lot_00489,src_ted_opendata,file_ted_0170,contract:CON-0025/lot:LOT-0006
clo_00436,con_00393,lot_00486,src_ted_opendata,file_ted_0170,contract:CON-0019/lot:LOT-0003
clo_00437,con_00394,lot_00485,src_ted_opendata,file_ted_0170,contract:CON-0020/lot:LOT-0002
clo_00438,con_00395,lot_00487,src_ted_opendata,file_ted_0170,contract:CON-0021/lot:LOT-0004
clo_00439,con_00396,lot_00485,src_ted_opendata,file_ted_0170,contract:CON-0022/lot:LOT-0002
clo_00440,con_00397,lot_00484,src_ted_opendata,file_ted_0170,contract:CON-0023/lot:LOT-0001
clo_00441,con_00398,lot_00488,src_ted_opendata,file_ted_0170,contract:CON-0016/lot:LOT-0005
clo_00442,con_00399,lot_00491,src_ted_opendata,file_ted_0170,contract:CON-0017/lot:LOT-0008
clo_00443,con_00400,lot_00489,src_ted_opendata,file_ted_0170,contract:CON-0018/lot:LOT-0006
clo_00444,con_00401,lot_00490,src_ted_opendata,file_ted_0170,contract:CON-0014/lot:LOT-0007
clo_00445,con_00402,lot_00491,src_ted_opendata,file_ted_0170,contract:CON-0015/lot:LOT-0008
clo_00446,con_00403,lot_00489,src_ted_opendata,file_ted_0170,contract:CON-0006/lot:LOT-0006
clo_00447,con_00404,lot_00486,src_ted_opendata,file_ted_0170,contract:CON-0001/lot:LOT-0003
clo_00448,con_00405,lot_00484,src_ted_opendata,file_ted_0170,contract:CON-0002/lot:LOT-0001
clo_00449,con_00406,lot_00489,src_ted_opendata,file_ted_0170,contract:CON-0003/lot:LOT-0006
clo_00450,con_00407,lot_00487,src_ted_opendata,file_ted_0170,contract:CON-0004/lot:LOT-0004
clo_00451,con_00408,lot_00485,src_ted_opendata,file_ted_0170,contract:CON-0005/lot:LOT-0002
clo_00452,con_00409,lot_00487,src_ted_opendata,file_ted_0170,contract:CON-0007/lot:LOT-0004
clo_00453,con_00410,lot_00486,src_ted_opendata,file_ted_0170,contract:CON-0009/lot:LOT-0003
clo_00454,con_00411,lot_00484,src_ted_opendata,file_ted_0170,contract:CON-0010/lot:LOT-0001
clo_00455,con_00412,lot_00484,src_ted_opendata,file_ted_0170,contract:CON-0011/lot:LOT-0001
clo_00456,con_00413,lot_00485,src_ted_opendata,file_ted_0170,contract:CON-0012/lot:LOT-0002
clo_00457,con_00414,lot_00488,src_ted_opendata,file_ted_0170,contract:CON-0013/lot:LOT-0005
clo_00458,con_00415,lot_00487,src_ted_opendata,file_ted_0170,contract:CON-0024/lot:LOT-0004
clo_00459,con_00416,lot_00490,src_ted_opendata,file_ted_0170,contract:CON-0026/lot:LOT-0007
clo_00460,con_00417,lot_00491,src_ted_opendata,file_ted_0170,contract:CON-0028/lot:LOT-0008
clo_00461,con_00418,lot_00492,src_ted_opendata,file_ted_0171,contract:CON-0001/lot:LOT-0000
clo_00462,con_00419,lot_00493,src_ted_opendata,file_ted_0172,contract:CON-0001/lot:LOT-0001
clo_00463,con_00420,lot_00494,src_ted_opendata,file_ted_0173,contract:CON-0000/lot:LOT-0000
clo_00464,con_00421,lot_00495,src_ted_opendata,file_ted_0174,contract:CON-0001/lot:LOT-0001
clo_00465,con_00422,lot_00496,src_ted_opendata,file_ted_0174,contract:CON-0002/lot:LOT-0003
clo_00466,con_00423,lot_00498,src_ted_opendata,file_ted_0176,contract:CON-0001/lot:LOT-0001
clo_00467,con_00424,lot_00499,src_ted_opendata,file_ted_0177,contract:CON-0001/lot:LOT-0000
clo_00468,con_00425,lot_00500,src_ted_opendata,file_ted_0178,contract:CON-0001/lot:LOT-0001
clo_00469,con_00426,lot_00501,src_ted_opendata,file_ted_0179,contract:CON-0001/lot:LOT-0001
clo_00470,con_00427,lot_00502,src_ted_opendata,file_ted_0180,contract:CON-0000/lot:LOT-0000
clo_00471,con_00428,lot_00503,src_ted_opendata,file_ted_0181,contract:CON-0001/lot:LOT-0001
clo_00472,con_00429,lot_00504,src_ted_opendata,file_ted_0182,contract:CON-0001/lot:LOT-0000
clo_00473,con_00430,lot_00506,src_ted_opendata,file_ted_0183,contract:CON-0001/lot:LOT-0002
clo_00474,con_00431,lot_00505,src_ted_opendata,file_ted_0183,contract:CON-0002/lot:LOT-0001
clo_00475,con_00432,lot_00507,src_ted_opendata,file_ted_0183,contract:CON-0003/lot:LOT-0003
clo_00476,con_00433,lot_00508,src_ted_opendata,file_ted_0183,contract:CON-0004/lot:LOT-0004
clo_00477,con_00434,lot_00509,src_ted_opendata,file_ted_0183,contract:CON-0005/lot:LOT-0005
clo_00478,con_00435,lot_00516,src_ted_opendata,file_ted_0184,contract:CON-0001/lot:LOT-0016
clo_00479,con_00435,lot_00518,src_ted_opendata,file_ted_0184,contract:CON-0001/lot:LOT-0019
clo_00480,con_00435,lot_00519,src_ted_opendata,file_ted_0184,contract:CON-0001/lot:LOT-0021
clo_00481,con_00435,lot_00520,src_ted_opendata,file_ted_0184,contract:CON-0001/lot:LOT-0022
clo_00482,con_00435,lot_00525,src_ted_opendata,file_ted_0184,contract:CON-0001/lot:LOT-0043
clo_00483,con_00436,lot_00521,src_ted_opendata,file_ted_0184,contract:CON-0002/lot:LOT-0023
clo_00484,con_00436,lot_00523,src_ted_opendata,file_ted_0184,contract:CON-0002/lot:LOT-0037
clo_00485,con_00436,lot_00528,src_ted_opendata,file_ted_0184,contract:CON-0002/lot:LOT-0047
clo_00486,con_00436,lot_00529,src_ted_opendata,file_ted_0184,contract:CON-0002/lot:LOT-0049
clo_00487,con_00436,lot_00530,src_ted_opendata,file_ted_0184,contract:CON-0002/lot:LOT-0050
clo_00488,con_00437,lot_00511,src_ted_opendata,file_ted_0184,contract:CON-0003/lot:LOT-0003
clo_00489,con_00438,lot_00513,src_ted_opendata,file_ted_0184,contract:CON-0004/lot:LOT-0010
clo_00490,con_00438,lot_00514,src_ted_opendata,file_ted_0184,contract:CON-0004/lot:LOT-0013
clo_00491,con_00438,lot_00515,src_ted_opendata,file_ted_0184,contract:CON-0004/lot:LOT-0014
clo_00492,con_00438,lot_00517,src_ted_opendata,file_ted_0184,contract:CON-0004/lot:LOT-0018
clo_00493,con_00438,lot_00524,src_ted_opendata,file_ted_0184,contract:CON-0004/lot:LOT-0041
clo_00494,con_00438,lot_00527,src_ted_opendata,file_ted_0184,contract:CON-0004/lot:LOT-0045
clo_00495,con_00439,lot_00510,src_ted_opendata,file_ted_0184,contract:CON-0005/lot:LOT-0002
clo_00496,con_00439,lot_00512,src_ted_opendata,file_ted_0184,contract:CON-0005/lot:LOT-0007
clo_00497,con_00439,lot_00522,src_ted_opendata,file_ted_0184,contract:CON-0005/lot:LOT-0030
clo_00498,con_00439,lot_00526,src_ted_opendata,file_ted_0184,contract:CON-0005/lot:LOT-0044
clo_00499,con_00440,lot_00531,src_ted_opendata,file_ted_0185,contract:CON-0001/lot:LOT-0000
clo_00500,con_00441,lot_00532,src_ted_opendata,file_ted_0186,contract:CON-0001/lot:LOT-0001
clo_00501,con_00442,lot_00533,src_ted_opendata,file_ted_0187,contract:CON-0001/lot:LOT-0001
clo_00502,con_00443,lot_00534,src_ted_opendata,file_ted_0188,contract:CON-0001/lot:LOT-0000
clo_00503,con_00444,lot_00535,src_ted_opendata,file_ted_0189,contract:CON-0001/lot:LOT-0001
clo_00504,con_00445,lot_00537,src_ted_opendata,file_ted_0190,contract:CON-0001/lot:LOT-0000
clo_00505,con_00446,lot_00538,src_ted_opendata,file_ted_0191,contract:CON-0001/lot:LOT-0000
clo_00506,con_00447,lot_00539,src_ted_opendata,file_ted_0192,contract:CON-0001/lot:LOT-0005
clo_00507,con_00448,lot_00540,src_ted_opendata,file_ted_0193,contract:CON-0001/lot:LOT-0001
clo_00508,con_00449,lot_00542,src_ted_opendata,file_ted_0193,contract:CON-0002/lot:LOT-0004
clo_00509,con_00450,lot_00543,src_ted_opendata,file_ted_0193,contract:CON-0003/lot:LOT-0005
clo_00510,con_00451,lot_00544,src_ted_opendata,file_ted_0193,contract:CON-0004/lot:LOT-0006
clo_00511,con_00452,lot_00545,src_ted_opendata,file_ted_0194,contract:CON-0001/lot:LOT-0001
clo_00512,con_00453,lot_00546,src_ted_opendata,file_ted_0194,contract:CON-0002/lot:LOT-0002
clo_00513,con_00454,lot_00547,src_ted_opendata,file_ted_0194,contract:CON-0003/lot:LOT-0003
clo_00514,con_00455,lot_00548,src_ted_opendata,file_ted_0195,contract:CON-0001/lot:LOT-0001
clo_00515,con_00456,lot_00549,src_ted_opendata,file_ted_0195,contract:CON-0002/lot:LOT-0002
clo_00516,con_00457,lot_00550,src_ted_opendata,file_ted_0195,contract:CON-0003/lot:LOT-0003
clo_00517,con_00458,lot_00551,src_ted_opendata,file_ted_0195,contract:CON-0004/lot:LOT-0004
clo_00518,con_00459,lot_00552,src_ted_opendata,file_ted_0195,contract:CON-0005/lot:LOT-0005
clo_00519,con_00460,lot_00553,src_ted_opendata,file_ted_0195,contract:CON-0006/lot:LOT-0006
clo_00520,con_00461,lot_00554,src_ted_opendata,file_ted_0195,contract:CON-0007/lot:LOT-0007
clo_00521,con_00462,lot_00556,src_ted_opendata,file_ted_0196,contract:CON-0001/lot:LOT-0005
clo_00522,con_00463,lot_00558,src_ted_opendata,file_ted_0197,contract:CON-0001/lot:LOT-0001
clo_00523,con_00464,lot_00559,src_ted_opendata,file_ted_0198,contract:CON-0001/lot:LOT-0001
clo_00524,con_00465,lot_00559,src_ted_opendata,file_ted_0198,contract:CON-0002/lot:LOT-0001
clo_00525,con_00466,lot_00559,src_ted_opendata,file_ted_0198,contract:CON-0003/lot:LOT-0001
clo_00526,con_00467,lot_00560,src_ted_opendata,file_ted_0198,contract:CON-0004/lot:LOT-0002
clo_00527,con_00468,lot_00560,src_ted_opendata,file_ted_0198,contract:CON-0005/lot:LOT-0002
clo_00528,con_00469,lot_00561,src_ted_opendata,file_ted_0199,contract:CON-0001/lot:LOT-0001
clo_00529,con_00470,lot_00562,src_ted_opendata,file_ted_0200,contract:CON-0001/lot:LOT-0001
clo_00530,con_00471,lot_00563,src_ted_opendata,file_ted_0200,contract:CON-0002/lot:LOT-0002
clo_00531,con_00472,lot_00564,src_ted_opendata,file_ted_0200,contract:CON-0003/lot:LOT-0003
clo_00532,con_00473,lot_00565,src_ted_opendata,file_ted_0201,contract:CON-0001/lot:LOT-0000
clo_00533,con_00474,lot_00566,src_ted_opendata,file_ted_0202,contract:CON-0001/lot:LOT-0001
clo_00534,con_00475,lot_00567,src_ted_opendata,file_ted_0202,contract:CON-0002/lot:LOT-0002
clo_00535,con_00476,lot_00573,src_ted_opendata,file_ted_0202,contract:CON-0003/lot:LOT-0008
clo_00536,con_00477,lot_00568,src_ted_opendata,file_ted_0202,contract:CON-0004/lot:LOT-0003
clo_00537,con_00478,lot_00569,src_ted_opendata,file_ted_0202,contract:CON-0005/lot:LOT-0004
clo_00538,con_00479,lot_00570,src_ted_opendata,file_ted_0202,contract:CON-0006/lot:LOT-0005
clo_00539,con_00480,lot_00574,src_ted_opendata,file_ted_0202,contract:CON-0007/lot:LOT-0009
clo_00540,con_00481,lot_00577,src_ted_opendata,file_ted_0203,contract:CON-0001/lot:LOT-0001
clo_00541,con_00482,lot_00578,src_ted_opendata,file_ted_0204,contract:CON-0001/lot:LOT-0001
clo_00542,con_00483,lot_00579,src_ted_opendata,file_ted_0205,contract:CON-0200/lot:LOT-0002
clo_00543,con_00484,lot_00580,src_ted_opendata,file_ted_0206,contract:CON-0001/lot:LOT-0001
clo_00544,con_00485,lot_00581,src_ted_opendata,file_ted_0207,contract:CON-0001/lot:LOT-0001
clo_00545,con_00486,lot_00582,src_ted_opendata,file_ted_0208,contract:CON-0001/lot:LOT-0001
clo_00546,con_00487,lot_00583,src_ted_opendata,file_ted_0209,contract:CON-0001/lot:LOT-0000
clo_00547,con_00488,lot_00584,src_ted_opendata,file_ted_0210,contract:CON-0001/lot:LOT-0001
clo_00548,con_00489,lot_00587,src_ted_opendata,file_ted_0211,contract:CON-1617/lot:LOT-5777
clo_00549,con_00490,lot_00588,src_ted_opendata,file_ted_0212,contract:CON-0002/lot:LOT-0000
clo_00550,con_00491,lot_00588,src_ted_opendata,file_ted_0212,contract:CON-0001/lot:LOT-0000
clo_00551,con_00492,lot_00590,src_ted_opendata,file_ted_0214,contract:CON-0001/lot:LOT-0001
clo_00552,con_00493,lot_00591,src_ted_opendata,file_ted_0215,contract:CON-0001/lot:LOT-0000
clo_00553,con_00494,lot_00592,src_ted_opendata,file_ted_0216,contract:CON-0001/lot:LOT-0001
clo_00554,con_00495,lot_00593,src_ted_opendata,file_ted_0216,contract:CON-0002/lot:LOT-0002
clo_00555,con_00496,lot_00594,src_ted_opendata,file_ted_0217,contract:CON-0001/lot:LOT-0001
clo_00556,con_00497,lot_00595,src_ted_opendata,file_ted_0218,contract:CON-0001/lot:LOT-0001
clo_00557,con_00498,lot_00596,src_ted_opendata,file_ted_0218,contract:CON-0002/lot:LOT-0002
clo_00558,con_00499,lot_00600,src_ted_opendata,file_ted_0220,contract:CON-0001/lot:LOT-0001
clo_00559,con_00500,lot_00601,src_ted_opendata,file_ted_0220,contract:CON-0002/lot:LOT-0002
clo_00560,con_00501,lot_00602,src_ted_opendata,file_ted_0220,contract:CON-0003/lot:LOT-0003
clo_00561,con_00502,lot_00603,src_ted_opendata,file_ted_0220,contract:CON-0004/lot:LOT-0004
clo_00562,con_00503,lot_00605,src_ted_opendata,file_ted_0220,contract:CON-0005/lot:LOT-0006
clo_00563,con_00504,lot_00606,src_ted_opendata,file_ted_0220,contract:CON-0006/lot:LOT-0007
clo_00564,con_00505,lot_00607,src_ted_opendata,file_ted_0220,contract:CON-0007/lot:LOT-0008
clo_00565,con_00506,lot_00610,src_ted_opendata,file_ted_0221,contract:CON-0001/lot:LOT-0003
clo_00566,con_00507,lot_00608,src_ted_opendata,file_ted_0221,contract:CON-0002/lot:LOT-0001
clo_00567,con_00508,lot_00612,src_ted_opendata,file_ted_0221,contract:CON-0003/lot:LOT-0005
clo_00568,con_00509,lot_00611,src_ted_opendata,file_ted_0221,contract:CON-0004/lot:LOT-0004
clo_00569,con_00510,lot_00609,src_ted_opendata,file_ted_0221,contract:CON-0005/lot:LOT-0002
clo_00570,con_00511,lot_00613,src_ted_opendata,file_ted_0221,contract:CON-0006/lot:LOT-0006
clo_00571,con_00512,lot_00614,src_ted_opendata,file_ted_0221,contract:CON-0007/lot:LOT-0007
clo_00572,con_00513,lot_00618,src_ted_opendata,file_ted_0223,contract:CON-0001/lot:LOT-0001
clo_00573,con_00514,lot_00619,src_ted_opendata,file_ted_0224,contract:CON-0001/lot:LOT-0001
clo_00574,con_00515,lot_00620,src_ted_opendata,file_ted_0225,contract:CON-0001/lot:LOT-0000
clo_00575,con_00516,lot_00621,src_ted_opendata,file_ted_0226,contract:CON-0001/lot:LOT-0001
clo_00576,con_00517,lot_00622,src_ted_opendata,file_ted_0227,contract:CON-0001/lot:LOT-0001
clo_00577,con_00518,lot_00623,src_ted_opendata,file_ted_0227,contract:CON-0002/lot:LOT-0002
clo_00578,con_00519,lot_00624,src_ted_opendata,file_ted_0227,contract:CON-0003/lot:LOT-0003
clo_00579,con_00520,lot_00625,src_ted_opendata,file_ted_0227,contract:CON-0004/lot:LOT-0004
clo_00580,con_00521,lot_00627,src_ted_opendata,file_ted_0229,contract:CON-0001/lot:LOT-0001
clo_00581,con_00522,lot_00628,src_ted_opendata,file_ted_0230,contract:CON-0001/lot:LOT-0001
clo_00582,con_00523,lot_00629,src_ted_opendata,file_ted_0231,contract:CON-0001/lot:LOT-0001
clo_00583,con_00524,lot_00631,src_ted_opendata,file_ted_0232,contract:CON-0001/lot:LOT-0002
clo_00584,con_00525,lot_00630,src_ted_opendata,file_ted_0232,contract:CON-0002/lot:LOT-0001
clo_00585,con_00526,lot_00632,src_ted_opendata,file_ted_0233,contract:CON-0001/lot:LOT-0001
clo_00586,con_00527,lot_00634,src_ted_opendata,file_ted_0235,contract:CON-0001/lot:LOT-0001
clo_00587,con_00528,lot_00635,src_ted_opendata,file_ted_0235,contract:CON-0002/lot:LOT-0002
clo_00588,con_00529,lot_00636,src_ted_opendata,file_ted_0235,contract:CON-0003/lot:LOT-0003
clo_00589,con_00530,lot_00637,src_ted_opendata,file_ted_0235,contract:CON-0004/lot:LOT-0004
clo_00590,con_00531,lot_00638,src_ted_opendata,file_ted_0235,contract:CON-0005/lot:LOT-0005
clo_00591,con_00532,lot_00639,src_ted_opendata,file_ted_0235,contract:CON-0006/lot:LOT-0006
clo_00592,con_00533,lot_00640,src_ted_opendata,file_ted_0235,contract:CON-0007/lot:LOT-0007
clo_00593,con_00534,lot_00642,src_ted_opendata,file_ted_0237,contract:CON-0001/lot:LOT-0001
clo_00594,con_00535,lot_00643,src_ted_opendata,file_ted_0238,contract:CON-0001/lot:LOT-0000
clo_00595,con_00536,lot_00644,src_ted_opendata,file_ted_0239,contract:CON-0000/lot:LOT-0000
clo_00596,con_00537,lot_00645,src_ted_opendata,file_ted_0240,contract:CON-0001/lot:LOT-0001
clo_00597,con_00538,lot_00646,src_ted_opendata,file_ted_0241,contract:CON-0001/lot:LOT-0001
clo_00598,con_00539,lot_00647,src_ted_opendata,file_ted_0242,contract:CON-0001/lot:LOT-0001
clo_00599,con_00540,lot_00648,src_ted_opendata,file_ted_0242,contract:CON-0002/lot:LOT-0002
clo_00600,con_00541,lot_00665,src_ted_opendata,file_ted_0244,contract:CON-0050/lot:LOT-0016
clo_00601,con_00542,lot_00668,src_ted_opendata,file_ted_0244,contract:CON-0015/lot:LOT-0019
clo_00602,con_00543,lot_00657,src_ted_opendata,file_ted_0244,contract:CON-0009/lot:LOT-0008
clo_00603,con_00544,lot_00661,src_ted_opendata,file_ted_0244,contract:CON-0012/lot:LOT-0012
clo_00604,con_00545,lot_00664,src_ted_opendata,file_ted_0244,contract:CON-0014/lot:LOT-0015
clo_00605,con_00546,lot_00660,src_ted_opendata,file_ted_0244,contract:CON-0011/lot:LOT-0011
clo_00606,con_00547,lot_00665,src_ted_opendata,file_ted_0244,contract:CON-0004/lot:LOT-0016
clo_00607,con_00548,lot_00650,src_ted_opendata,file_ted_0244,contract:CON-0001/lot:LOT-0001
clo_00608,con_00549,lot_00659,src_ted_opendata,file_ted_0244,contract:CON-0003/lot:LOT-0010
clo_00609,con_00550,lot_00656,src_ted_opendata,file_ted_0244,contract:CON-0002/lot:LOT-0007
clo_00610,con_00551,lot_00667,src_ted_opendata,file_ted_0244,contract:CON-0005/lot:LOT-0018
clo_00611,con_00552,lot_00658,src_ted_opendata,file_ted_0244,contract:CON-0010/lot:LOT-0009
clo_00612,con_00553,lot_00652,src_ted_opendata,file_ted_0244,contract:CON-0007/lot:LOT-0003
clo_00613,con_00554,lot_00665,src_ted_opendata,file_ted_0244,contract:CON-0017/lot:LOT-0016
clo_00614,con_00555,lot_00655,src_ted_opendata,file_ted_0244,contract:CON-0018/lot:LOT-0006
clo_00615,con_00556,lot_00663,src_ted_opendata,file_ted_0244,contract:CON-0013/lot:LOT-0014
clo_00616,con_00557,lot_00670,src_ted_opendata,file_ted_0244,contract:CON-0020/lot:LOT-0021
clo_00617,con_00558,lot_00659,src_ted_opendata,file_ted_0244,contract:CON-0022/lot:LOT-0010
clo_00618,con_00559,lot_00659,src_ted_opendata,file_ted_0244,contract:CON-0023/lot:LOT-0010
clo_00619,con_00560,lot_00655,src_ted_opendata,file_ted_0244,contract:CON-0024/lot:LOT-0006
clo_00620,con_00561,lot_00665,src_ted_opendata,file_ted_0244,contract:CON-0030/lot:LOT-0016
clo_00621,con_00562,lot_00665,src_ted_opendata,file_ted_0244,contract:CON-0029/lot:LOT-0016
clo_00622,con_00563,lot_00651,src_ted_opendata,file_ted_0244,contract:CON-0032/lot:LOT-0002
clo_00623,con_00564,lot_00651,src_ted_opendata,file_ted_0244,contract:CON-0033/lot:LOT-0002
clo_00624,con_00565,lot_00665,src_ted_opendata,file_ted_0244,contract:CON-0039/lot:LOT-0016
clo_00625,con_00566,lot_00660,src_ted_opendata,file_ted_0244,contract:CON-0034/lot:LOT-0011
clo_00626,con_00567,lot_00650,src_ted_opendata,file_ted_0244,contract:CON-0035/lot:LOT-0001
clo_00627,con_00568,lot_00665,src_ted_opendata,file_ted_0244,contract:CON-0040/lot:LOT-0016
clo_00628,con_00569,lot_00661,src_ted_opendata,file_ted_0244,contract:CON-0041/lot:LOT-0012
clo_00629,con_00570,lot_00661,src_ted_opendata,file_ted_0244,contract:CON-0042/lot:LOT-0012
clo_00630,con_00571,lot_00665,src_ted_opendata,file_ted_0244,contract:CON-0043/lot:LOT-0016
clo_00631,con_00572,lot_00660,src_ted_opendata,file_ted_0244,contract:CON-0031/lot:LOT-0011
clo_00632,con_00573,lot_00665,src_ted_opendata,file_ted_0244,contract:CON-0036/lot:LOT-0016
clo_00633,con_00574,lot_00665,src_ted_opendata,file_ted_0244,contract:CON-0037/lot:LOT-0016
clo_00634,con_00575,lot_00655,src_ted_opendata,file_ted_0244,contract:CON-0038/lot:LOT-0006
clo_00635,con_00576,lot_00665,src_ted_opendata,file_ted_0244,contract:CON-0027/lot:LOT-0016
clo_00636,con_00577,lot_00668,src_ted_opendata,file_ted_0244,contract:CON-0026/lot:LOT-0019
clo_00637,con_00578,lot_00669,src_ted_opendata,file_ted_0244,contract:CON-0025/lot:LOT-0020
clo_00638,con_00579,lot_00665,src_ted_opendata,file_ted_0244,contract:CON-0021/lot:LOT-0016
clo_00639,con_00580,lot_00654,src_ted_opendata,file_ted_0244,contract:CON-0019/lot:LOT-0005
clo_00640,con_00581,lot_00659,src_ted_opendata,file_ted_0244,contract:CON-0046/lot:LOT-0010
clo_00641,con_00582,lot_00660,src_ted_opendata,file_ted_0244,contract:CON-0048/lot:LOT-0011
clo_00642,con_00583,lot_00659,src_ted_opendata,file_ted_0244,contract:CON-0049/lot:LOT-0010
clo_00643,con_00584,lot_00669,src_ted_opendata,file_ted_0244,contract:CON-0028/lot:LOT-0020
clo_00644,con_00585,lot_00661,src_ted_opendata,file_ted_0244,contract:CON-0047/lot:LOT-0012
clo_00645,con_00586,lot_00661,src_ted_opendata,file_ted_0244,contract:CON-0044/lot:LOT-0012
clo_00646,con_00587,lot_00660,src_ted_opendata,file_ted_0244,contract:CON-0045/lot:LOT-0011
clo_00647,con_00588,lot_00669,src_ted_opendata,file_ted_0244,contract:CON-0016/lot:LOT-0020
clo_00648,con_00589,lot_00653,src_ted_opendata,file_ted_0244,contract:CON-0008/lot:LOT-0004
clo_00649,con_00590,lot_00651,src_ted_opendata,file_ted_0244,contract:CON-0006/lot:LOT-0002
clo_00650,con_00591,lot_00665,src_ted_opendata,file_ted_0244,contract:CON-0051/lot:LOT-0016
clo_00651,con_00592,lot_00671,src_ted_opendata,file_ted_0245,contract:CON-0001/lot:LOT-0001
clo_00652,con_00593,lot_00672,src_ted_opendata,file_ted_0246,contract:CON-0001/lot:LOT-0003
clo_00653,con_00594,lot_00673,src_ted_opendata,file_ted_0247,contract:CON-0001/lot:LOT-0001
clo_00654,con_00595,lot_00674,src_ted_opendata,file_ted_0248,contract:CON-0001/lot:LOT-0000
clo_00655,con_00596,lot_00675,src_ted_opendata,file_ted_0249,contract:CON-0001/lot:LOT-0001
clo_00656,con_00597,lot_00676,src_ted_opendata,file_ted_0249,contract:CON-0002/lot:LOT-0002
clo_00657,con_00598,lot_00678,src_ted_opendata,file_ted_0249,contract:CON-0003/lot:LOT-0004
clo_00658,con_00599,lot_00679,src_ted_opendata,file_ted_0249,contract:CON-0004/lot:LOT-0005
clo_00659,con_00600,lot_00681,src_ted_opendata,file_ted_0251,contract:CON-0001/lot:LOT-0000
clo_00660,con_00601,lot_00682,src_ted_opendata,file_ted_0252,contract:CON-0200/lot:LOT-0002
clo_00661,con_00602,lot_00683,src_ted_opendata,file_ted_0253,contract:CON-0000/lot:LOT-0000
clo_00662,con_00603,lot_00685,src_ted_opendata,file_ted_0255,contract:CON-0001/lot:LOT-0001
clo_00663,con_00604,lot_00686,src_ted_opendata,file_ted_0256,contract:CON-0001/lot:LOT-0001
clo_00664,con_00605,lot_00687,src_ted_opendata,file_ted_0256,contract:CON-0002/lot:LOT-0002
clo_00665,con_00606,lot_00688,src_ted_opendata,file_ted_0256,contract:CON-0003/lot:LOT-0003
clo_00666,con_00607,lot_00689,src_ted_opendata,file_ted_0256,contract:CON-0004/lot:LOT-0004
clo_00667,con_00608,lot_00690,src_ted_opendata,file_ted_0256,contract:CON-0005/lot:LOT-0005
clo_00668,con_00609,lot_00691,src_ted_opendata,file_ted_0256,contract:CON-0006/lot:LOT-0006
clo_00669,con_00610,lot_00692,src_ted_opendata,file_ted_0256,contract:CON-0007/lot:LOT-0007
clo_00670,con_00611,lot_00693,src_ted_opendata,file_ted_0256,contract:CON-0008/lot:LOT-0008
clo_00671,con_00612,lot_00694,src_ted_opendata,file_ted_0256,contract:CON-0009/lot:LOT-0009
clo_00672,con_00613,lot_00695,src_ted_opendata,file_ted_0256,contract:CON-0010/lot:LOT-0010
clo_00673,con_00614,lot_00696,src_ted_opendata,file_ted_0256,contract:CON-0011/lot:LOT-0011
clo_00674,con_00615,lot_00697,src_ted_opendata,file_ted_0256,contract:CON-0012/lot:LOT-0012
clo_00675,con_00616,lot_00698,src_ted_opendata,file_ted_0256,contract:CON-0013/lot:LOT-0013
clo_00676,con_00617,lot_00700,src_ted_opendata,file_ted_0256,contract:CON-0015/lot:LOT-0015
clo_00677,con_00618,lot_00702,src_ted_opendata,file_ted_0258,contract:CON-0001/lot:LOT-0001
clo_00678,con_00619,lot_00703,src_ted_opendata,file_ted_0258,contract:CON-0002/lot:LOT-0002
clo_00679,con_00620,lot_00705,src_ted_opendata,file_ted_0258,contract:CON-0003/lot:LOT-0004
clo_00680,con_00621,lot_00706,src_ted_opendata,file_ted_0258,contract:CON-0004/lot:LOT-0005
clo_00681,con_00622,lot_00707,src_ted_opendata,file_ted_0258,contract:CON-0005/lot:LOT-0006
clo_00682,con_00623,lot_00708,src_ted_opendata,file_ted_0258,contract:CON-0006/lot:LOT-0007
clo_00683,con_00624,lot_00709,src_ted_opendata,file_ted_0258,contract:CON-0007/lot:LOT-0008
clo_00684,con_00625,lot_00710,src_ted_opendata,file_ted_0258,contract:CON-0008/lot:LOT-0009
clo_00685,con_00626,lot_00711,src_ted_opendata,file_ted_0258,contract:CON-0009/lot:LOT-0010
clo_00686,con_00627,lot_00713,src_ted_opendata,file_ted_0258,contract:CON-0010/lot:LOT-0012
clo_00687,con_00628,lot_00716,src_ted_opendata,file_ted_0258,contract:CON-0011/lot:LOT-0015
clo_00688,con_00629,lot_00718,src_ted_opendata,file_ted_0258,contract:CON-0012/lot:LOT-0017
clo_00689,con_00630,lot_00719,src_ted_opendata,file_ted_0258,contract:CON-0013/lot:LOT-0018
clo_00690,con_00631,lot_00720,src_ted_opendata,file_ted_0258,contract:CON-0014/lot:LOT-0019
clo_00691,con_00632,lot_00721,src_ted_opendata,file_ted_0259,contract:CON-0001/lot:LOT-0001
clo_00692,con_00633,lot_00724,src_ted_opendata,file_ted_0260,contract:CON-0001/lot:LOT-0003
clo_00693,con_00634,lot_00723,src_ted_opendata,file_ted_0260,contract:CON-0002/lot:LOT-0002
clo_00694,con_00635,lot_00722,src_ted_opendata,file_ted_0260,contract:CON-0003/lot:LOT-0001
clo_00695,con_00636,lot_00726,src_ted_opendata,file_ted_0261,contract:CON-0001/lot:LOT-0002
clo_00696,con_00637,lot_00727,src_ted_opendata,file_ted_0261,contract:CON-0002/lot:LOT-0003
clo_00697,con_00638,lot_00728,src_ted_opendata,file_ted_0261,contract:CON-0003/lot:LOT-0004
clo_00698,con_00639,lot_00729,src_ted_opendata,file_ted_0261,contract:CON-0004/lot:LOT-0005
clo_00699,con_00640,lot_00730,src_ted_opendata,file_ted_0261,contract:CON-0005/lot:LOT-0006
clo_00700,con_00641,lot_00732,src_ted_opendata,file_ted_0261,contract:CON-0006/lot:LOT-0008
clo_00701,con_00642,lot_00733,src_ted_opendata,file_ted_0261,contract:CON-0007/lot:LOT-0009
clo_00702,con_00643,lot_00731,src_ted_opendata,file_ted_0261,contract:CON-0008/lot:LOT-0007
clo_00703,con_00644,lot_00735,src_ted_opendata,file_ted_0263,contract:CON-0001/lot:LOT-0000
clo_00704,con_00645,lot_00738,src_ted_opendata,file_ted_0264,contract:CON-0001/lot:LOT-0003
clo_00705,con_00646,lot_00736,src_ted_opendata,file_ted_0264,contract:CON-0002/lot:LOT-0001
clo_00706,con_00647,lot_00739,src_ted_opendata,file_ted_0264,contract:CON-0003/lot:LOT-0004
clo_00707,con_00648,lot_00737,src_ted_opendata,file_ted_0264,contract:CON-0004/lot:LOT-0002
clo_00708,con_00649,lot_00740,src_ted_opendata,file_ted_0265,contract:CON-0001/lot:LOT-0001
clo_00709,con_00650,lot_00741,src_ted_opendata,file_ted_0266,contract:CON-0001/lot:LOT-0000
clo_00710,con_00651,lot_00742,src_ted_opendata,file_ted_0267,contract:CON-0001/lot:LOT-0001
clo_00711,con_00652,lot_00743,src_ted_opendata,file_ted_0267,contract:CON-0002/lot:LOT-0002
clo_00712,con_00653,lot_00744,src_ted_opendata,file_ted_0267,contract:CON-0003/lot:LOT-0003
clo_00713,con_00654,lot_00745,src_ted_opendata,file_ted_0267,contract:CON-0004/lot:LOT-0004
clo_00714,con_00655,lot_00746,src_ted_opendata,file_ted_0267,contract:CON-0005/lot:LOT-0005
clo_00715,con_00656,lot_00747,src_ted_opendata,file_ted_0267,contract:CON-0006/lot:LOT-0006
clo_00716,con_00657,lot_00748,src_ted_opendata,file_ted_0268,contract:CON-0001/lot:LOT-0001
clo_00717,con_00658,lot_00749,src_ted_opendata,file_ted_0269,contract:CON-0001/lot:LOT-0001
clo_00718,con_00659,lot_00750,src_ted_opendata,file_ted_0270,contract:CON-0001/lot:LOT-0001
clo_00719,con_00660,lot_00751,src_ted_opendata,file_ted_0270,contract:CON-0002/lot:LOT-0002
clo_00720,con_00661,lot_00752,src_ted_opendata,file_ted_0271,contract:CON-0000/lot:LOT-0000
clo_00721,con_00662,lot_00753,src_ted_opendata,file_ted_0272,contract:CON-0001/lot:LOT-0001
clo_00722,con_00663,lot_00754,src_ted_opendata,file_ted_0273,contract:CON-0001/lot:LOT-0002
clo_00723,con_00664,lot_00756,src_ted_opendata,file_ted_0273,contract:CON-0002/lot:LOT-0004
clo_00724,con_00665,lot_00758,src_ted_opendata,file_ted_0273,contract:CON-0003/lot:LOT-0006
clo_00725,con_00666,lot_00759,src_ted_opendata,file_ted_0273,contract:CON-0004/lot:LOT-0007
clo_00726,con_00667,lot_00760,src_ted_opendata,file_ted_0273,contract:CON-0005/lot:LOT-0008
clo_00727,con_00668,lot_00761,src_ted_opendata,file_ted_0273,contract:CON-0006/lot:LOT-0009
clo_00728,con_00669,lot_00762,src_ted_opendata,file_ted_0273,contract:CON-0007/lot:LOT-0010
clo_00729,con_00670,lot_00763,src_ted_opendata,file_ted_0273,contract:CON-0008/lot:LOT-0011
clo_00730,con_00671,lot_00765,src_ted_opendata,file_ted_0273,contract:CON-0009/lot:LOT-0013
clo_00731,con_00672,lot_00766,src_ted_opendata,file_ted_0273,contract:CON-0010/lot:LOT-0014
clo_00732,con_00673,lot_00767,src_ted_opendata,file_ted_0273,contract:CON-0011/lot:LOT-0015
clo_00733,con_00674,lot_00768,src_ted_opendata,file_ted_0273,contract:CON-0012/lot:LOT-0016
clo_00734,con_00675,lot_00769,src_ted_opendata,file_ted_0273,contract:CON-0013/lot:LOT-0017
clo_00735,con_00676,lot_00776,src_ted_opendata,file_ted_0273,contract:CON-0014/lot:LOT-0024
clo_00736,con_00677,lot_00770,src_ted_opendata,file_ted_0273,contract:CON-0015/lot:LOT-0018
clo_00737,con_00678,lot_00774,src_ted_opendata,file_ted_0273,contract:CON-0016/lot:LOT-0022
clo_00738,con_00679,lot_00777,src_ted_opendata,file_ted_0274,contract:CON-0001/lot:LOT-0000
clo_00739,con_00680,lot_00778,src_ted_opendata,file_ted_0275,contract:CON-0001/lot:LOT-0001
clo_00740,con_00681,lot_00779,src_ted_opendata,file_ted_0275,contract:CON-0002/lot:LOT-0002
clo_00741,con_00682,lot_00780,src_ted_opendata,file_ted_0275,contract:CON-0003/lot:LOT-0003
clo_00742,con_00683,lot_00781,src_ted_opendata,file_ted_0275,contract:CON-0004/lot:LOT-0004
clo_00743,con_00684,lot_00783,src_ted_opendata,file_ted_0275,contract:CON-0005/lot:LOT-0006
clo_00744,con_00685,lot_00784,src_ted_opendata,file_ted_0276,contract:CON-0001/lot:LOT-0001
clo_00745,con_00686,lot_00785,src_ted_opendata,file_ted_0277,contract:CON-0001/lot:LOT-0001
clo_00746,con_00687,lot_00786,src_ted_opendata,file_ted_0277,contract:CON-0002/lot:LOT-0002
clo_00747,con_00688,lot_00787,src_ted_opendata,file_ted_0278,contract:CON-0001/lot:LOT-0001
clo_00748,con_00689,lot_00788,src_ted_opendata,file_ted_0278,contract:CON-0002/lot:LOT-0002
clo_00749,con_00690,lot_00789,src_ted_opendata,file_ted_0278,contract:CON-0003/lot:LOT-0003
clo_00750,con_00691,lot_00790,src_ted_opendata,file_ted_0278,contract:CON-0004/lot:LOT-0004
clo_00751,con_00692,lot_00791,src_ted_opendata,file_ted_0278,contract:CON-0005/lot:LOT-0005
clo_00752,con_00693,lot_00792,src_ted_opendata,file_ted_0279,contract:CON-0001/lot:LOT-0001
clo_00753,con_00694,lot_00794,src_ted_opendata,file_ted_0281,contract:CON-0001/lot:LOT-0000
clo_00754,con_00695,lot_00795,src_ted_opendata,file_ted_0282,contract:CON-0000/lot:LOT-0000
clo_00755,con_00696,lot_00796,src_ted_opendata,file_ted_0283,contract:CON-0001/lot:LOT-0001
clo_00756,con_00697,lot_00797,src_ted_opendata,file_ted_0284,contract:CON-0001/lot:LOT-0001
clo_00757,con_00698,lot_00798,src_ted_opendata,file_ted_0285,contract:CON-0001/lot:LOT-0001
clo_00758,con_00699,lot_00800,src_ted_opendata,file_ted_0285,contract:CON-0002/lot:LOT-0003
clo_00759,con_00700,lot_00801,src_ted_opendata,file_ted_0285,contract:CON-0003/lot:LOT-0004
clo_00760,con_00701,lot_00802,src_ted_opendata,file_ted_0286,contract:CON-0001/lot:LOT-0001
clo_00761,con_00702,lot_00803,src_ted_opendata,file_ted_0286,contract:CON-0002/lot:LOT-0005
clo_00762,con_00703,lot_00804,src_ted_opendata,file_ted_0286,contract:CON-0003/lot:LOT-0006
clo_00763,con_00704,lot_00805,src_ted_opendata,file_ted_0286,contract:CON-0004/lot:LOT-0007
clo_00764,con_00705,lot_00806,src_ted_opendata,file_ted_0286,contract:CON-0005/lot:LOT-0008
clo_00765,con_00706,lot_00807,src_ted_opendata,file_ted_0286,contract:CON-0006/lot:LOT-0009
clo_00766,con_00707,lot_00808,src_ted_opendata,file_ted_0286,contract:CON-0007/lot:LOT-0010
clo_00767,con_00708,lot_00809,src_ted_opendata,file_ted_0286,contract:CON-0008/lot:LOT-0011
clo_00768,con_00709,lot_00810,src_ted_opendata,file_ted_0286,contract:CON-0009/lot:LOT-0012
clo_00769,con_00710,lot_00812,src_ted_opendata,file_ted_0286,contract:CON-0010/lot:LOT-0014
clo_00770,con_00711,lot_00813,src_ted_opendata,file_ted_0287,contract:CON-0001/lot:LOT-0000
clo_00771,con_00712,lot_00814,src_ted_opendata,file_ted_0288,contract:CON-0001/lot:LOT-0001
clo_00772,con_00713,lot_00815,src_ted_opendata,file_ted_0289,contract:CON-0001/lot:LOT-0001
clo_00773,con_00714,lot_00816,src_ted_opendata,file_ted_0290,contract:CON-0001/lot:LOT-0001
clo_00774,con_00715,lot_00817,src_ted_opendata,file_ted_0291,contract:CON-0002/lot:LOT-0001
clo_00775,con_00716,lot_00818,src_ted_opendata,file_ted_0292,contract:CON-0001/lot:LOT-0001
clo_00776,con_00717,lot_00821,src_ted_opendata,file_ted_0292,contract:CON-0002/lot:LOT-0004
clo_00777,con_00717,lot_00822,src_ted_opendata,file_ted_0292,contract:CON-0002/lot:LOT-0005
clo_00778,con_00718,lot_00819,src_ted_opendata,file_ted_0292,contract:CON-0003/lot:LOT-0002
clo_00779,con_00719,lot_00820,src_ted_opendata,file_ted_0292,contract:CON-0004/lot:LOT-0003
clo_00780,con_00720,lot_00823,src_ted_opendata,file_ted_0292,contract:CON-0005/lot:LOT-0006
clo_00781,con_00721,lot_00826,src_ted_opendata,file_ted_0295,contract:CON-0001/lot:LOT-0001
clo_00782,con_00722,lot_00827,src_ted_opendata,file_ted_0296,contract:CON-0001/lot:LOT-0001
clo_00783,con_00723,lot_00828,src_ted_opendata,file_ted_0296,contract:CON-0002/lot:LOT-0002
clo_00784,con_00724,lot_00829,src_ted_opendata,file_ted_0296,contract:CON-0003/lot:LOT-0003
clo_00785,con_00725,lot_00830,src_ted_opendata,file_ted_0296,contract:CON-0004/lot:LOT-0004
clo_00786,con_00726,lot_00831,src_ted_opendata,file_ted_0297,contract:CON-0001/lot:LOT-0000
clo_00787,con_00727,lot_00832,src_ted_opendata,file_ted_0298,contract:CON-0001/lot:LOT-0001
clo_00788,con_00728,lot_00833,src_ted_opendata,file_ted_0298,contract:CON-0002/lot:LOT-0002
clo_00789,con_00729,lot_00834,src_ted_opendata,file_ted_0298,contract:CON-0003/lot:LOT-0003
clo_00790,con_00730,lot_00835,src_ted_opendata,file_ted_0298,contract:CON-0004/lot:LOT-0004
clo_00791,con_00731,lot_00836,src_ted_opendata,file_ted_0298,contract:CON-0005/lot:LOT-0005
clo_00792,con_00732,lot_00837,src_ted_opendata,file_ted_0298,contract:CON-0006/lot:LOT-0006
clo_00793,con_00733,lot_00838,src_ted_opendata,file_ted_0299,contract:CON-0001/lot:LOT-0001
clo_00794,con_00734,lot_00839,src_ted_opendata,file_ted_0299,contract:CON-0002/lot:LOT-0002
clo_00795,con_00735,lot_00840,src_ted_opendata,file_ted_0299,contract:CON-0003/lot:LOT-0003
clo_00796,con_00736,lot_00841,src_ted_opendata,file_ted_0299,contract:CON-0004/lot:LOT-0004
clo_00797,con_00737,lot_00842,src_ted_opendata,file_ted_0299,contract:CON-0005/lot:LOT-0005
clo_00798,con_00738,lot_00843,src_ted_opendata,file_ted_0299,contract:CON-0006/lot:LOT-0006
clo_00799,con_00739,lot_00844,src_ted_opendata,file_ted_0299,contract:CON-0007/lot:LOT-0007
clo_00800,con_00740,lot_00845,src_ted_opendata,file_ted_0299,contract:CON-0008/lot:LOT-0008
