contract_award_id,contract_id,award_id,source_id,source_file_id,source_record_id
caw_00001,con_00001,awd_00004,src_ted_opendata,file_ted_0001,contract:CON-0001/award:awd_00004
caw_00002,con_00002,awd_00001,src_ted_opendata,file_ted_0001,contract:CON-0002/award:awd_00001
caw_00003,con_00002,awd_00002,src_ted_opendata,file_ted_0001,contract:CON-0002/award:awd_00002
caw_00004,con_00002,awd_00003,src_ted_opendata,file_ted_0001,contract:CON-0002/award:awd_00003
caw_00005,con_00002,awd_00005,src_ted_opendata,file_ted_0001,contract:CON-0002/award:awd_00005
caw_00006,con_00003,awd_00006,src_ted_opendata,file_ted_0002,contract:CON-0001/award:awd_00006
caw_00007,con_00004,awd_00007,src_ted_opendata,file_ted_0003,contract:CON-0000/award:awd_00007
caw_00008,con_00005,awd_00009,src_ted_opendata,file_ted_0005,contract:CON-0001/award:awd_00009
caw_00009,con_00006,awd_00010,src_ted_opendata,file_ted_0006,contract:CON-0001/award:awd_00010
caw_00010,con_00007,awd_00011,src_ted_opendata,file_ted_0007,contract:CON-0001/award:awd_00011
caw_00011,con_00008,awd_00012,src_ted_opendata,file_ted_0008,contract:CON-0001/award:awd_00012
caw_00012,con_00009,awd_00013,src_ted_opendata,file_ted_0009,contract:CON-0001/award:awd_00013
caw_00013,con_00009,awd_00014,src_ted_opendata,file_ted_0009,contract:CON-0001/award:awd_00014
caw_00014,con_00009,awd_00015,src_ted_opendata,file_ted_0009,contract:CON-0001/award:awd_00015
caw_00015,con_00009,awd_00016,src_ted_opendata,file_ted_0009,contract:CON-0001/award:awd_00016
caw_00016,con_00009,awd_00017,src_ted_opendata,file_ted_0009,contract:CON-0001/award:awd_00017
caw_00017,con_00009,awd_00018,src_ted_opendata,file_ted_0009,contract:CON-0001/award:awd_00018
caw_00018,con_00009,awd_00019,src_ted_opendata,file_ted_0009,contract:CON-0001/award:awd_00019
caw_00019,con_00009,awd_00020,src_ted_opendata,file_ted_0009,contract:CON-0001/award:awd_00020
caw_00020,con_00010,awd_00021,src_ted_opendata,file_ted_0009,contract:CON-0002/award:awd_00021
caw_00021,con_00010,awd_00022,src_ted_opendata,file_ted_0009,contract:CON-0002/award:awd_00022
caw_00022,con_00010,awd_00023,src_ted_opendata,file_ted_0009,contract:CON-0002/award:awd_00023
caw_00023,con_00010,awd_00024,src_ted_opendata,file_ted_0009,contract:CON-0002/award:awd_00024
caw_00024,con_00010,awd_00025,src_ted_opendata,file_ted_0009,contract:CON-0002/award:awd_00025
caw_00025,con_00011,awd_00026,src_ted_opendata,file_ted_0009,contract:CON-0003/award:awd_00026
caw_00026,con_00011,awd_00027,src_ted_opendata,file_ted_0009,contract:CON-0003/award:awd_00027
caw_00027,con_00012,awd_00028,src_ted_opendata,file_ted_0009,contract:CON-0004/award:awd_00028
caw_00028,con_00012,awd_00029,src_ted_opendata,file_ted_0009,contract:CON-0004/award:awd_00029
caw_00029,con_00012,awd_00030,src_ted_opendata,file_ted_0009,contract:CON-0004/award:awd_00030
caw_00030,con_00013,awd_00031,src_ted_opendata,file_ted_0010,contract:CON-0001/award:awd_00031
caw_00031,con_00014,awd_00033,src_ted_opendata,file_ted_0012,contract:CON-0001/award:awd_00033
caw_00032,con_00015,awd_00034,src_ted_opendata,file_ted_0013,contract:CON-0001/award:awd_00034
caw_00033,con_00016,awd_00035,src_ted_opendata,file_ted_0013,contract:CON-0002/award:awd_00035
caw_00034,con_00017,awd_00036,src_ted_opendata,file_ted_0013,contract:CON-0003/award:awd_00036
caw_00035,con_00018,awd_00037,src_ted_opendata,file_ted_0013,contract:CON-0004/award:awd_00037
caw_00036,con_00019,awd_00038,src_ted_opendata,file_ted_0013,contract:CON-0005/award:awd_00038
caw_00037,con_00020,awd_00039,src_ted_opendata,file_ted_0013,contract:CON-0006/award:awd_00039
caw_00038,con_00021,awd_00040,src_ted_opendata,file_ted_0013,contract:CON-0007/award:awd_00040
caw_00039,con_00022,awd_00041,src_ted_opendata,file_ted_0013,contract:CON-0008/award:awd_00041
caw_00040,con_00023,awd_00042,src_ted_opendata,file_ted_0013,contract:CON-0009/award:awd_00042
caw_00041,con_00024,awd_00043,src_ted_opendata,file_ted_0013,contract:CON-0010/award:awd_00043
caw_00042,con_00025,awd_00044,src_ted_opendata,file_ted_0013,contract:CON-0011/award:awd_00044
caw_00043,con_00026,awd_00045,src_ted_opendata,file_ted_0013,contract:CON-0012/award:awd_00045
caw_00044,con_00027,awd_00046,src_ted_opendata,file_ted_0013,contract:CON-0013/award:awd_00046
caw_00045,con_00028,awd_00047,src_ted_opendata,file_ted_0013,contract:CON-0014/award:awd_00047
caw_00046,con_00029,awd_00048,src_ted_opendata,file_ted_0013,contract:CON-0015/award:awd_00048
caw_00047,con_00030,awd_00049,src_ted_opendata,file_ted_0013,contract:CON-0016/award:awd_00049
caw_00048,con_00031,awd_00050,src_ted_opendata,file_ted_0013,contract:CON-0017/award:awd_00050
caw_00049,con_00032,awd_00051,src_ted_opendata,file_ted_0013,contract:CON-0018/award:awd_00051
caw_00050,con_00033,awd_00052,src_ted_opendata,file_ted_0013,contract:CON-0019/award:awd_00052
caw_00051,con_00034,awd_00053,src_ted_opendata,file_ted_0013,contract:CON-0020/award:awd_00053
caw_00052,con_00035,awd_00054,src_ted_opendata,file_ted_0013,contract:CON-0021/award:awd_00054
caw_00053,con_00036,awd_00055,src_ted_opendata,file_ted_0013,contract:CON-0023/award:awd_00055
caw_00054,con_00037,awd_00056,src_ted_opendata,file_ted_0013,contract:CON-0024/award:awd_00056
caw_00055,con_00038,awd_00057,src_ted_opendata,file_ted_0013,contract:CON-0025/award:awd_00057
caw_00056,con_00039,awd_00058,src_ted_opendata,file_ted_0013,contract:CON-0026/award:awd_00058
caw_00057,con_00040,awd_00059,src_ted_opendata,file_ted_0013,contract:CON-0027/award:awd_00059
caw_00058,con_00041,awd_00060,src_ted_opendata,file_ted_0013,contract:CON-0028/award:awd_00060
caw_00059,con_00042,awd_00061,src_ted_opendata,file_ted_0014,contract:CON-0001/award:awd_00061
caw_00060,con_00043,awd_00062,src_ted_opendata,file_ted_0015,contract:CON-0001/award:awd_00062
caw_00061,con_00044,awd_00063,src_ted_opendata,file_ted_0015,contract:CON-0002/award:awd_00063
caw_00062,con_00045,awd_00064,src_ted_opendata,file_ted_0015,contract:CON-0003/award:awd_00064
caw_00063,con_00046,awd_00065,src_ted_opendata,file_ted_0015,contract:CON-0004/award:awd_00065
caw_00064,con_00047,awd_00066,src_ted_opendata,file_ted_0015,contract:CON-0005/award:awd_00066
caw_00065,con_00048,awd_00067,src_ted_opendata,file_ted_0015,contract:CON-0006/award:awd_00067
caw_00066,con_00049,awd_00068,src_ted_opendata,file_ted_0015,contract:CON-0007/award:awd_00068
caw_00067,con_00050,awd_00069,src_ted_opendata,file_ted_0015,contract:CON-0008/award:awd_00069
caw_00068,con_00051,awd_00070,src_ted_opendata,file_ted_0015,contract:CON-0009/award:awd_00070
caw_00069,con_00052,awd_00071,src_ted_opendata,file_ted_0015,contract:CON-0010/award:awd_00071
caw_00070,con_00053,awd_00072,src_ted_opendata,file_ted_0016,contract:CON-0001/award:awd_00072
caw_00071,con_00054,awd_00073,src_ted_opendata,file_ted_0017,contract:CON-0000/award:awd_00073
caw_00072,con_00055,awd_00074,src_ted_opendata,file_ted_0018,contract:CON-0001/award:awd_00074
caw_00073,con_00056,awd_00075,src_ted_opendata,file_ted_0019,contract:CON-0001/award:awd_00075
caw_00074,con_00057,awd_00076,src_ted_opendata,file_ted_0020,contract:CON-0001/award:awd_00076
caw_00075,con_00058,awd_00079,src_ted_opendata,file_ted_0023,contract:CON-0001/award:awd_00079
caw_00076,con_00059,awd_00080,src_ted_opendata,file_ted_0024,contract:CON-0001/award:awd_00080
caw_00077,con_00059,awd_00081,src_ted_opendata,file_ted_0024,contract:CON-0001/award:awd_00081
caw_00078,con_00059,awd_00082,src_ted_opendata,file_ted_0024,contract:CON-0001/award:awd_00082
caw_00079,con_00059,awd_00083,src_ted_opendata,file_ted_0024,contract:CON-0001/award:awd_00083
caw_00080,con_00060,awd_00084,src_ted_opendata,file_ted_0024,contract:CON-0002/award:awd_00084
caw_00081,con_00061,awd_00085,src_ted_opendata,file_ted_0024,contract:CON-0003/award:awd_00085
caw_00082,con_00062,awd_00086,src_ted_opendata,file_ted_0024,contract:CON-0004/award:awd_00086
caw_00083,con_00063,awd_00087,src_ted_opendata,file_ted_0024,contract:CON-0005/award:awd_00087
caw_00084,con_00064,awd_00089,src_ted_opendata,file_ted_0025,contract:CON-0001/award:awd_00089
caw_00085,con_00065,awd_00090,src_ted_opendata,file_ted_0026,contract:CON-0001/award:awd_00090
caw_00086,con_00066,awd_00092,src_ted_opendata,file_ted_0028,contract:CON-0001/award:awd_00092
caw_00087,con_00067,awd_00093,src_ted_opendata,file_ted_0029,contract:CON-0001/award:awd_00093
caw_00088,con_00068,awd_00094,src_ted_opendata,file_ted_0030,contract:CON-0001/award:awd_00094
caw_00089,con_00069,awd_00095,src_ted_opendata,file_ted_0031,contract:CON-0001/award:awd_00095
caw_00090,con_00070,awd_00096,src_ted_opendata,file_ted_0032,contract:CON-0001/award:awd_00096
caw_00091,con_00071,awd_00097,src_ted_opendata,file_ted_0033,contract:CON-0001/award:awd_00097
caw_00092,con_00072,awd_00098,src_ted_opendata,file_ted_0033,contract:CON-0002/award:awd_00098
caw_00093,con_00073,awd_00099,src_ted_opendata,file_ted_0033,contract:CON-0003/award:awd_00099
caw_00094,con_00074,awd_00100,src_ted_opendata,file_ted_0034,contract:CON-0000/award:awd_00100
caw_00095,con_00074,awd_00101,src_ted_opendata,file_ted_0034,contract:CON-0000/award:awd_00101
caw_00096,con_00074,awd_00102,src_ted_opendata,file_ted_0034,contract:CON-0000/award:awd_00102
caw_00097,con_00075,awd_00103,src_ted_opendata,file_ted_0035,contract:CON-0001/award:awd_00103
caw_00098,con_00076,awd_00104,src_ted_opendata,file_ted_0036,contract:CON-0001/award:awd_00104
caw_00099,con_00077,awd_00105,src_ted_opendata,file_ted_0036,contract:CON-0002/award:awd_00105
caw_00100,con_00078,awd_00106,src_ted_opendata,file_ted_0036,contract:CON-0003/award:awd_00106
caw_00101,con_00079,awd_00107,src_ted_opendata,file_ted_0037,contract:CON-0003/award:awd_00107
caw_00102,con_00080,awd_00109,src_ted_opendata,file_ted_0039,contract:CON-0001/award:awd_00109
caw_00103,con_00081,awd_00110,src_ted_opendata,file_ted_0039,contract:CON-0002/award:awd_00110
caw_00104,con_00082,awd_00111,src_ted_opendata,file_ted_0040,contract:CON-0001/award:awd_00111
caw_00105,con_00083,awd_00112,src_ted_opendata,file_ted_0040,contract:CON-0002/award:awd_00112
caw_00106,con_00084,awd_00113,src_ted_opendata,file_ted_0040,contract:CON-0003/award:awd_00113
caw_00107,con_00085,awd_00114,src_ted_opendata,file_ted_0040,contract:CON-0004/award:awd_00114
caw_00108,con_00086,awd_00115,src_ted_opendata,file_ted_0040,contract:CON-0005/award:awd_00115
caw_00109,con_00087,awd_00116,src_ted_opendata,file_ted_0040,contract:CON-0006/award:awd_00116
caw_00110,con_00088,awd_00117,src_ted_opendata,file_ted_0040,contract:CON-0007/award:awd_00117
caw_00111,con_00089,awd_00119,src_ted_opendata,file_ted_0041,contract:CON-0001/award:awd_00119
caw_00112,con_00089,awd_00120,src_ted_opendata,file_ted_0041,contract:CON-0001/award:awd_00120
caw_00113,con_00090,awd_00121,src_ted_opendata,file_ted_0042,contract:CON-0001/award:awd_00121
caw_00114,con_00091,awd_00122,src_ted_opendata,file_ted_0042,contract:CON-0004/award:awd_00122
caw_00115,con_00092,awd_00123,src_ted_opendata,file_ted_0042,contract:CON-0003/award:awd_00123
caw_00116,con_00093,awd_00124,src_ted_opendata,file_ted_0042,contract:CON-0002/award:awd_00124
caw_00117,con_00094,awd_00125,src_ted_opendata,file_ted_0043,contract:CON-0015/award:awd_00125
caw_00118,con_00095,awd_00126,src_ted_opendata,file_ted_0043,contract:CON-0016/award:awd_00126
caw_00119,con_00096,awd_00127,src_ted_opendata,file_ted_0043,contract:CON-0017/award:awd_00127
caw_00120,con_00097,awd_00128,src_ted_opendata,file_ted_0043,contract:CON-0018/award:awd_00128
caw_00121,con_00098,awd_00129,src_ted_opendata,file_ted_0043,contract:CON-0019/award:awd_00129
caw_00122,con_00099,awd_00130,src_ted_opendata,file_ted_0043,contract:CON-0020/award:awd_00130
caw_00123,con_00100,awd_00131,src_ted_opendata,file_ted_0043,contract:CON-0021/award:awd_00131
caw_00124,con_00101,awd_00132,src_ted_opendata,file_ted_0043,contract:CON-0022/award:awd_00132
caw_00125,con_00102,awd_00133,src_ted_opendata,file_ted_0043,contract:CON-0023/award:awd_00133
caw_00126,con_00103,awd_00134,src_ted_opendata,file_ted_0043,contract:CON-0024/award:awd_00134
caw_00127,con_00108,awd_00135,src_ted_opendata,file_ted_0043,contract:CON-0009/award:awd_00135
caw_00128,con_00109,awd_00136,src_ted_opendata,file_ted_0043,contract:CON-0003/award:awd_00136
caw_00129,con_00110,awd_00137,src_ted_opendata,file_ted_0043,contract:CON-0010/award:awd_00137
caw_00130,con_00115,awd_00138,src_ted_opendata,file_ted_0043,contract:CON-0013/award:awd_00138
caw_00131,con_00124,awd_00141,src_ted_opendata,file_ted_0044,contract:CON-0001/award:awd_00141
caw_00132,con_00125,awd_00142,src_ted_opendata,file_ted_0045,contract:CON-0001/award:awd_00142
caw_00133,con_00126,awd_00143,src_ted_opendata,file_ted_0046,contract:CON-0001/award:awd_00143
caw_00134,con_00127,awd_00144,src_ted_opendata,file_ted_0047,contract:CON-0001/award:awd_00144
caw_00135,con_00128,awd_00145,src_ted_opendata,file_ted_0047,contract:CON-0002/award:awd_00145
caw_00136,con_00129,awd_00146,src_ted_opendata,file_ted_0047,contract:CON-0003/award:awd_00146
caw_00137,con_00130,awd_00147,src_ted_opendata,file_ted_0048,contract:CON-0001/award:awd_00147
caw_00138,con_00131,awd_00151,src_ted_opendata,file_ted_0051,contract:CON-0001/award:awd_00151
caw_00139,con_00132,awd_00152,src_ted_opendata,file_ted_0052,contract:CON-0001/award:awd_00152
caw_00140,con_00133,awd_00153,src_ted_opendata,file_ted_0052,contract:CON-0002/award:awd_00153
caw_00141,con_00134,awd_00154,src_ted_opendata,file_ted_0053,contract:CON-0001/award:awd_00154
caw_00142,con_00135,awd_00155,src_ted_opendata,file_ted_0054,contract:CON-0001/award:awd_00155
caw_00143,con_00136,awd_00156,src_ted_opendata,file_ted_0055,contract:CON-0001/award:awd_00156
caw_00144,con_00137,awd_00157,src_ted_opendata,file_ted_0056,contract:CON-0001/award:awd_00157
caw_00145,con_00138,awd_00158,src_ted_opendata,file_ted_0057,contract:CON-0001/award:awd_00158
caw_00146,con_00139,awd_00159,src_ted_opendata,file_ted_0057,contract:CON-0002/award:awd_00159
caw_00147,con_00140,awd_00160,src_ted_opendata,file_ted_0057,contract:CON-0003/award:awd_00160
caw_00148,con_00141,awd_00161,src_ted_opendata,file_ted_0058,contract:CON-0001/award:awd_00161
caw_00149,con_00142,awd_00162,src_ted_opendata,file_ted_0059,contract:CON-0001/award:awd_00162
caw_00150,con_00143,awd_00163,src_ted_opendata,file_ted_0060,contract:CON-0001/award:awd_00163
caw_00151,con_00144,awd_00164,src_ted_opendata,file_ted_0061,contract:CON-0001/award:awd_00164
caw_00152,con_00145,awd_00166,src_ted_opendata,file_ted_0062,contract:CON-0016/award:awd_00166
caw_00153,con_00146,awd_00165,src_ted_opendata,file_ted_0062,contract:CON-0015/award:awd_00165
caw_00154,con_00147,awd_00168,src_ted_opendata,file_ted_0064,contract:CON-0001/award:awd_00168
caw_00155,con_00148,awd_00169,src_ted_opendata,file_ted_0065,contract:CON-0001/award:awd_00169
caw_00156,con_00149,awd_00170,src_ted_opendata,file_ted_0066,contract:CON-0001/award:awd_00170
caw_00157,con_00150,awd_00171,src_ted_opendata,file_ted_0067,contract:CON-0001/award:awd_00171
caw_00158,con_00151,awd_00172,src_ted_opendata,file_ted_0068,contract:CON-0001/award:awd_00172
caw_00159,con_00152,awd_00173,src_ted_opendata,file_ted_0069,contract:CON-0001/award:awd_00173
caw_00160,con_00153,awd_00174,src_ted_opendata,file_ted_0070,contract:CON-0001/award:awd_00174
caw_00161,con_00154,awd_00175,src_ted_opendata,file_ted_0071,contract:CON-0001/award:awd_00175
caw_00162,con_00155,awd_00176,src_ted_opendata,file_ted_0072,contract:CON-0001/award:awd_00176
caw_00163,con_00156,awd_00177,src_ted_opendata,file_ted_0072,contract:CON-0002/award:awd_00177
caw_00164,con_00157,awd_00178,src_ted_opendata,file_ted_0072,contract:CON-0003/award:awd_00178
caw_00165,con_00158,awd_00179,src_ted_opendata,file_ted_0072,contract:CON-0004/award:awd_00179
caw_00166,con_00159,awd_00180,src_ted_opendata,file_ted_0072,contract:CON-0005/award:awd_00180
caw_00167,con_00160,awd_00181,src_ted_opendata,file_ted_0073,contract:CON-0001/award:awd_00181
caw_00168,con_00161,awd_00182,src_ted_opendata,file_ted_0074,contract:CON-0001/award:awd_00182
caw_00169,con_00162,awd_00183,src_ted_opendata,file_ted_0074,contract:CON-0002/award:awd_00183
caw_00170,con_00162,awd_00185,src_ted_opendata,file_ted_0074,contract:CON-0002/award:awd_00185
caw_00171,con_00162,awd_00186,src_ted_opendata,file_ted_0074,contract:CON-0002/award:awd_00186
caw_00172,con_00162,awd_00187,src_ted_opendata,file_ted_0074,contract:CON-0002/award:awd_00187
caw_00173,con_00162,awd_00188,src_ted_opendata,file_ted_0074,contract:CON-0002/award:awd_00188
caw_00174,con_00162,awd_00190,src_ted_opendata,file_ted_0074,contract:CON-0002/award:awd_00190
caw_00175,con_00162,awd_00191,src_ted_opendata,file_ted_0074,contract:CON-0002/award:awd_00191
caw_00176,con_00162,awd_00192,src_ted_opendata,file_ted_0074,contract:CON-0002/award:awd_00192
caw_00177,con_00162,awd_00193,src_ted_opendata,file_ted_0074,contract:CON-0002/award:awd_00193
caw_00178,con_00162,awd_00194,src_ted_opendata,file_ted_0074,contract:CON-0002/award:awd_00194
caw_00179,con_00163,awd_00184,src_ted_opendata,file_ted_0074,contract:CON-0003/award:awd_00184
caw_00180,con_00164,awd_00189,src_ted_opendata,file_ted_0074,contract:CON-0004/award:awd_00189
caw_00181,con_00165,awd_00197,src_ted_opendata,file_ted_0076,contract:CON-0001/award:awd_00197
caw_00182,con_00166,awd_00198,src_ted_opendata,file_ted_0077,contract:CON-0001/award:awd_00198
caw_00183,con_00167,awd_00199,src_ted_opendata,file_ted_0077,contract:CON-0002/award:awd_00199
caw_00184,con_00168,awd_00200,src_ted_opendata,file_ted_0077,contract:CON-0003/award:awd_00200
caw_00185,con_00169,awd_00201,src_ted_opendata,file_ted_0077,contract:CON-0004/award:awd_00201
caw_00186,con_00170,awd_00202,src_ted_opendata,file_ted_0077,contract:CON-0005/award:awd_00202
caw_00187,con_00171,awd_00203,src_ted_opendata,file_ted_0077,contract:CON-0006/award:awd_00203
caw_00188,con_00172,awd_00204,src_ted_opendata,file_ted_0077,contract:CON-0007/award:awd_00204
caw_00189,con_00173,awd_00205,src_ted_opendata,file_ted_0077,contract:CON-0008/award:awd_00205
caw_00190,con_00174,awd_00206,src_ted_opendata,file_ted_0077,contract:CON-0009/award:awd_00206
caw_00191,con_00175,awd_00207,src_ted_opendata,file_ted_0077,contract:CON-0010/award:awd_00207
caw_00192,con_00176,awd_00208,src_ted_opendata,file_ted_0077,contract:CON-0011/award:awd_00208
caw_00193,con_00177,awd_00209,src_ted_opendata,file_ted_0077,contract:CON-0012/award:awd_00209
caw_00194,con_00178,awd_00210,src_ted_opendata,file_ted_0077,contract:CON-0013/award:awd_00210
caw_00195,con_00179,awd_00211,src_ted_opendata,file_ted_0078,contract:CON-0001/award:awd_00211
caw_00196,con_00180,awd_00212,src_ted_opendata,file_ted_0078,contract:CON-0002/award:awd_00212
caw_00197,con_00181,awd_00213,src_ted_opendata,file_ted_0079,contract:CON-0001/award:awd_00213
caw_00198,con_00182,awd_00214,src_ted_opendata,file_ted_0080,contract:CON-0000/award:awd_00214
caw_00199,con_00183,awd_00215,src_ted_opendata,file_ted_0081,contract:CON-0002/award:awd_00215
caw_00200,con_00184,awd_00216,src_ted_opendata,file_ted_0082,contract:CON-0001/award:awd_00216
caw_00201,con_00185,awd_00217,src_ted_opendata,file_ted_0082,contract:CON-0003/award:awd_00217
caw_00202,con_00186,awd_00218,src_ted_opendata,file_ted_0083,contract:CON-0001/award:awd_00218
caw_00203,con_00187,awd_00221,src_ted_opendata,file_ted_0084,contract:CON-0001/award:awd_00221
caw_00204,con_00188,awd_00223,src_ted_opendata,file_ted_0085,contract:CON-0001/award:awd_00223
caw_00205,con_00189,awd_00224,src_ted_opendata,file_ted_0086,contract:CON-0001/award:awd_00224
caw_00206,con_00190,awd_00225,src_ted_opendata,file_ted_0087,contract:CON-0001/award:awd_00225
caw_00207,con_00191,awd_00227,src_ted_opendata,file_ted_0089,contract:CON-0001/award:awd_00227
caw_00208,con_00192,awd_00228,src_ted_opendata,file_ted_0090,contract:CON-0000/award:awd_00228
caw_00209,con_00193,awd_00229,src_ted_opendata,file_ted_0091,contract:CON-0001/award:awd_00229
caw_00210,con_00194,awd_00230,src_ted_opendata,file_ted_0092,contract:CON-0001/award:awd_00230
caw_00211,con_00195,awd_00231,src_ted_opendata,file_ted_0093,contract:CON-0001/award:awd_00231
caw_00212,con_00196,awd_00232,src_ted_opendata,file_ted_0094,contract:CON-0300/award:awd_00232
caw_00213,con_00197,awd_00234,src_ted_opendata,file_ted_0096,contract:CON-0001/award:awd_00234
caw_00214,con_00198,awd_00237,src_ted_opendata,file_ted_0099,contract:CON-0001/award:awd_00237
caw_00215,con_00199,awd_00239,src_ted_opendata,file_ted_0101,contract:CON-0001/award:awd_00239
caw_00216,con_00200,awd_00251,src_ted_opendata,file_ted_0104,contract:CON-0001/award:awd_00251
caw_00217,con_00201,awd_00253,src_ted_opendata,file_ted_0106,contract:CON-0001/award:awd_00253
caw_00218,con_00202,awd_00254,src_ted_opendata,file_ted_0107,contract:CON-0001/award:awd_00254
caw_00219,con_00203,awd_00255,src_ted_opendata,file_ted_0108,contract:CON-0001/award:awd_00255
caw_00220,con_00204,awd_00256,src_ted_opendata,file_ted_0109,contract:CON-0001/award:awd_00256
caw_00221,con_00205,awd_00258,src_ted_opendata,file_ted_0111,contract:CON-0001/award:awd_00258
caw_00222,con_00206,awd_00259,src_ted_opendata,file_ted_0112,contract:CON-0002/award:awd_00259
caw_00223,con_00211,awd_00261,src_ted_opendata,file_ted_0114,contract:CON-0001/award:awd_00261
caw_00224,con_00212,awd_00262,src_ted_opendata,file_ted_0114,contract:CON-0002/award:awd_00262
caw_00225,con_00213,awd_00263,src_ted_opendata,file_ted_0114,contract:CON-0003/award:awd_00263
caw_00226,con_00214,awd_00264,src_ted_opendata,file_ted_0114,contract:CON-0004/award:awd_00264
caw_00227,con_00215,awd_00265,src_ted_opendata,file_ted_0114,contract:CON-0005/award:awd_00265
caw_00228,con_00216,awd_00266,src_ted_opendata,file_ted_0115,contract:CON-0001/award:awd_00266
caw_00229,con_00217,awd_00267,src_ted_opendata,file_ted_0115,contract:CON-0002/award:awd_00267
caw_00230,con_00218,awd_00268,src_ted_opendata,file_ted_0115,contract:CON-0003/award:awd_00268
caw_00231,con_00219,awd_00269,src_ted_opendata,file_ted_0115,contract:CON-0004/award:awd_00269
caw_00232,con_00220,awd_00270,src_ted_opendata,file_ted_0115,contract:CON-0005/award:awd_00270
caw_00233,con_00221,awd_00271,src_ted_opendata,file_ted_0115,contract:CON-0006/award:awd_00271
caw_00234,con_00222,awd_00272,src_ted_opendata,file_ted_0115,contract:CON-0007/award:awd_00272
caw_00235,con_00223,awd_00273,src_ted_opendata,file_ted_0115,contract:CON-0008/award:awd_00273
caw_00236,con_00224,awd_00274,src_ted_opendata,file_ted_0115,contract:CON-0009/award:awd_00274
caw_00237,con_00225,awd_00275,src_ted_opendata,file_ted_0115,contract:CON-0010/award:awd_00275
caw_00238,con_00226,awd_00276,src_ted_opendata,file_ted_0115,contract:CON-0011/award:awd_00276
caw_00239,con_00227,awd_00277,src_ted_opendata,file_ted_0115,contract:CON-0012/award:awd_00277
caw_00240,con_00228,awd_00278,src_ted_opendata,file_ted_0115,contract:CON-0013/award:awd_00278
caw_00241,con_00229,awd_00279,src_ted_opendata,file_ted_0115,contract:CON-0014/award:awd_00279
caw_00242,con_00230,awd_00280,src_ted_opendata,file_ted_0116,contract:CON-0001/award:awd_00280
caw_00243,con_00231,awd_00281,src_ted_opendata,file_ted_0117,contract:CON-0001/award:awd_00281
caw_00244,con_00232,awd_00282,src_ted_opendata,file_ted_0117,contract:CON-0002/award:awd_00282
caw_00245,con_00233,awd_00283,src_ted_opendata,file_ted_0117,contract:CON-0003/award:awd_00283
caw_00246,con_00234,awd_00284,src_ted_opendata,file_ted_0117,contract:CON-0004/award:awd_00284
caw_00247,con_00235,awd_00285,src_ted_opendata,file_ted_0117,contract:CON-0005/award:awd_00285
caw_00248,con_00236,awd_00286,src_ted_opendata,file_ted_0117,contract:CON-0006/award:awd_00286
caw_00249,con_00237,awd_00287,src_ted_opendata,file_ted_0117,contract:CON-0007/award:awd_00287
caw_00250,con_00238,awd_00288,src_ted_opendata,file_ted_0117,contract:CON-0008/award:awd_00288
caw_00251,con_00239,awd_00289,src_ted_opendata,file_ted_0117,contract:CON-0009/award:awd_00289
caw_00252,con_00240,awd_00291,src_ted_opendata,file_ted_0119,contract:CON-0000/award:awd_00291
caw_00253,con_00241,awd_00292,src_ted_opendata,file_ted_0120,contract:CON-0001/award:awd_00292
caw_00254,con_00242,awd_00293,src_ted_opendata,file_ted_0120,contract:CON-0002/award:awd_00293
caw_00255,con_00242,awd_00294,src_ted_opendata,file_ted_0120,contract:CON-0002/award:awd_00294
caw_00256,con_00243,awd_00295,src_ted_opendata,file_ted_0120,contract:CON-0003/award:awd_00295
caw_00257,con_00244,awd_00296,src_ted_opendata,file_ted_0121,contract:CON-0001/award:awd_00296
caw_00258,con_00245,awd_00297,src_ted_opendata,file_ted_0121,contract:CON-0002/award:awd_00297
caw_00259,con_00246,awd_00298,src_ted_opendata,file_ted_0121,contract:CON-0003/award:awd_00298
caw_00260,con_00247,awd_00299,src_ted_opendata,file_ted_0121,contract:CON-0004/award:awd_00299
caw_00261,con_00248,awd_00300,src_ted_opendata,file_ted_0121,contract:CON-0005/award:awd_00300
caw_00262,con_00249,awd_00301,src_ted_opendata,file_ted_0121,contract:CON-0006/award:awd_00301
caw_00263,con_00250,awd_00302,src_ted_opendata,file_ted_0121,contract:CON-0007/award:awd_00302
caw_00264,con_00251,awd_00303,src_ted_opendata,file_ted_0121,contract:CON-0008/award:awd_00303
caw_00265,con_00252,awd_00304,src_ted_opendata,file_ted_0121,contract:CON-0009/award:awd_00304
caw_00266,con_00253,awd_00305,src_ted_opendata,file_ted_0121,contract:CON-0010/award:awd_00305
caw_00267,con_00254,awd_00309,src_ted_opendata,file_ted_0122,contract:CON-0001/award:awd_00309
caw_00268,con_00255,awd_00310,src_ted_opendata,file_ted_0123,contract:CON-0001/award:awd_00310
caw_00269,con_00256,awd_00311,src_ted_opendata,file_ted_0124,contract:CON-0001/award:awd_00311
caw_00270,con_00257,awd_00312,src_ted_opendata,file_ted_0124,contract:CON-0002/award:awd_00312
caw_00271,con_00258,awd_00313,src_ted_opendata,file_ted_0124,contract:CON-0003/award:awd_00313
caw_00272,con_00259,awd_00314,src_ted_opendata,file_ted_0124,contract:CON-0004/award:awd_00314
caw_00273,con_00260,awd_00317,src_ted_opendata,file_ted_0124,contract:CON-0005/award:awd_00317
caw_00274,con_00261,awd_00318,src_ted_opendata,file_ted_0124,contract:CON-0006/award:awd_00318
caw_00275,con_00262,awd_00319,src_ted_opendata,file_ted_0124,contract:CON-0007/award:awd_00319
caw_00276,con_00263,awd_00320,src_ted_opendata,file_ted_0124,contract:CON-0008/award:awd_00320
caw_00277,con_00264,awd_00321,src_ted_opendata,file_ted_0124,contract:CON-0009/award:awd_00321
caw_00278,con_00265,awd_00322,src_ted_opendata,file_ted_0124,contract:CON-0010/award:awd_00322
caw_00279,con_00266,awd_00323,src_ted_opendata,file_ted_0124,contract:CON-0011/award:awd_00323
caw_00280,con_00267,awd_00324,src_ted_opendata,file_ted_0124,contract:CON-0012/award:awd_00324
caw_00281,con_00268,awd_00327,src_ted_opendata,file_ted_0124,contract:CON-0013/award:awd_00327
caw_00282,con_00269,awd_00328,src_ted_opendata,file_ted_0124,contract:CON-0014/award:awd_00328
caw_00283,con_00270,awd_00329,src_ted_opendata,file_ted_0124,contract:CON-0015/award:awd_00329
caw_00284,con_00271,awd_00330,src_ted_opendata,file_ted_0124,contract:CON-0016/award:awd_00330
caw_00285,con_00272,awd_00331,src_ted_opendata,file_ted_0125,contract:CON-0001/award:awd_00331
caw_00286,con_00273,awd_00332,src_ted_opendata,file_ted_0125,contract:CON-0002/award:awd_00332
caw_00287,con_00274,awd_00333,src_ted_opendata,file_ted_0125,contract:CON-0003/award:awd_00333
caw_00288,con_00275,awd_00334,src_ted_opendata,file_ted_0125,contract:CON-0004/award:awd_00334
caw_00289,con_00276,awd_00335,src_ted_opendata,file_ted_0126,contract:CON-0001/award:awd_00335
caw_00290,con_00277,awd_00337,src_ted_opendata,file_ted_0127,contract:CON-0001/award:awd_00337
caw_00291,con_00278,awd_00338,src_ted_opendata,file_ted_0127,contract:CON-0002/award:awd_00338
caw_00292,con_00279,awd_00339,src_ted_opendata,file_ted_0127,contract:CON-0003/award:awd_00339
caw_00293,con_00280,awd_00340,src_ted_opendata,file_ted_0127,contract:CON-0004/award:awd_00340
caw_00294,con_00281,awd_00341,src_ted_opendata,file_ted_0127,contract:CON-0005/award:awd_00341
caw_00295,con_00282,awd_00343,src_ted_opendata,file_ted_0128,contract:CON-0001/award:awd_00343
caw_00296,con_00283,awd_00344,src_ted_opendata,file_ted_0128,contract:CON-0002/award:awd_00344
caw_00297,con_00284,awd_00346,src_ted_opendata,file_ted_0128,contract:CON-0003/award:awd_00346
caw_00298,con_00285,awd_00347,src_ted_opendata,file_ted_0128,contract:CON-0004/award:awd_00347
caw_00299,con_00286,awd_00348,src_ted_opendata,file_ted_0128,contract:CON-0005/award:awd_00348
caw_00300,con_00287,awd_00349,src_ted_opendata,file_ted_0128,contract:CON-0006/award:awd_00349
caw_00301,con_00288,awd_00350,src_ted_opendata,file_ted_0128,contract:CON-0007/award:awd_00350
caw_00302,con_00289,awd_00351,src_ted_opendata,file_ted_0129,contract:CON-0001/award:awd_00351
caw_00303,con_00290,awd_00352,src_ted_opendata,file_ted_0130,contract:CON-0001/award:awd_00352
caw_00304,con_00290,awd_00353,src_ted_opendata,file_ted_0130,contract:CON-0001/award:awd_00353
caw_00305,con_00290,awd_00354,src_ted_opendata,file_ted_0130,contract:CON-0001/award:awd_00354
caw_00306,con_00291,awd_00357,src_ted_opendata,file_ted_0131,contract:CON-0001/award:awd_00357
caw_00307,con_00292,awd_00358,src_ted_opendata,file_ted_0131,contract:CON-0002/award:awd_00358
caw_00308,con_00293,awd_00359,src_ted_opendata,file_ted_0132,contract:CON-0001/award:awd_00359
caw_00309,con_00294,awd_00360,src_ted_opendata,file_ted_0133,contract:CON-0001/award:awd_00360
caw_00310,con_00295,awd_00361,src_ted_opendata,file_ted_0134,contract:CON-0001/award:awd_00361
caw_00311,con_00296,awd_00363,src_ted_opendata,file_ted_0135,contract:CON-0002/award:awd_00363
caw_00312,con_00297,awd_00364,src_ted_opendata,file_ted_0135,contract:CON-0003/award:awd_00364
caw_00313,con_00298,awd_00366,src_ted_opendata,file_ted_0135,contract:CON-0005/award:awd_00366
caw_00314,con_00299,awd_00370,src_ted_opendata,file_ted_0137,contract:CON-0001/award:awd_00370
caw_00315,con_00300,awd_00374,src_ted_opendata,file_ted_0138,contract:CON-0001/award:awd_00374
caw_00316,con_00301,awd_00375,src_ted_opendata,file_ted_0139,contract:CON-0001/award:awd_00375
caw_00317,con_00302,awd_00376,src_ted_opendata,file_ted_0139,contract:CON-0002/award:awd_00376
caw_00318,con_00303,awd_00377,src_ted_opendata,file_ted_0139,contract:CON-0003/award:awd_00377
caw_00319,con_00304,awd_00378,src_ted_opendata,file_ted_0139,contract:CON-0004/award:awd_00378
caw_00320,con_00305,awd_00379,src_ted_opendata,file_ted_0139,contract:CON-0005/award:awd_00379
caw_00321,con_00306,awd_00381,src_ted_opendata,file_ted_0139,contract:CON-0006/award:awd_00381
caw_00322,con_00307,awd_00380,src_ted_opendata,file_ted_0139,contract:CON-0007/award:awd_00380
caw_00323,con_00308,awd_00382,src_ted_opendata,file_ted_0139,contract:CON-0008/award:awd_00382
caw_00324,con_00309,awd_00383,src_ted_opendata,file_ted_0140,contract:CON-0001/award:awd_00383
caw_00325,con_00310,awd_00384,src_ted_opendata,file_ted_0141,contract:CON-0001/award:awd_00384
caw_00326,con_00311,awd_00385,src_ted_opendata,file_ted_0142,contract:CON-0001/award:awd_00385
caw_00327,con_00312,awd_00387,src_ted_opendata,file_ted_0144,contract:CON-0001/award:awd_00387
caw_00328,con_00313,awd_00388,src_ted_opendata,file_ted_0145,contract:CON-0001/award:awd_00388
caw_00329,con_00313,awd_00389,src_ted_opendata,file_ted_0145,contract:CON-0001/award:awd_00389
caw_00330,con_00313,awd_00390,src_ted_opendata,file_ted_0145,contract:CON-0001/award:awd_00390
caw_00331,con_00313,awd_00391,src_ted_opendata,file_ted_0145,contract:CON-0001/award:awd_00391
caw_00332,con_00313,awd_00392,src_ted_opendata,file_ted_0145,contract:CON-0001/award:awd_00392
caw_00333,con_00313,awd_00393,src_ted_opendata,file_ted_0145,contract:CON-0001/award:awd_00393
caw_00334,con_00313,awd_00394,src_ted_opendata,file_ted_0145,contract:CON-0001/award:awd_00394
caw_00335,con_00313,awd_00395,src_ted_opendata,file_ted_0145,contract:CON-0001/award:awd_00395
caw_00336,con_00314,awd_00396,src_ted_opendata,file_ted_0145,contract:CON-0002/award:awd_00396
caw_00337,con_00315,awd_00397,src_ted_opendata,file_ted_0145,contract:CON-0003/award:awd_00397
caw_00338,con_00315,awd_00398,src_ted_opendata,file_ted_0145,contract:CON-0003/award:awd_00398
caw_00339,con_00315,awd_00399,src_ted_opendata,file_ted_0145,contract:CON-0003/award:awd_00399
caw_00340,con_00316,awd_00400,src_ted_opendata,file_ted_0145,contract:CON-0004/award:awd_00400
caw_00341,con_00317,awd_00401,src_ted_opendata,file_ted_0145,contract:CON-0005/award:awd_00401
caw_00342,con_00318,awd_00406,src_ted_opendata,file_ted_0146,contract:CON-0001/award:awd_00406
caw_00343,con_00319,awd_00407,src_ted_opendata,file_ted_0147,contract:CON-0001/award:awd_00407
caw_00344,con_00320,awd_00409,src_ted_opendata,file_ted_0148,contract:CON-0001/award:awd_00409
caw_00345,con_00321,awd_00410,src_ted_opendata,file_ted_0149,contract:CON-0001/award:awd_00410
caw_00346,con_00322,awd_00411,src_ted_opendata,file_ted_0150,contract:CON-0001/award:awd_00411
caw_00347,con_00323,awd_00412,src_ted_opendata,file_ted_0150,contract:CON-0002/award:awd_00412
caw_00348,con_00324,awd_00414,src_ted_opendata,file_ted_0151,contract:CON-0001/award:awd_00414
caw_00349,con_00325,awd_00415,src_ted_opendata,file_ted_0152,contract:CON-0001/award:awd_00415
caw_00350,con_00326,awd_00416,src_ted_opendata,file_ted_0152,contract:CON-0002/award:awd_00416
caw_00351,con_00327,awd_00417,src_ted_opendata,file_ted_0152,contract:CON-0003/award:awd_00417
caw_00352,con_00328,awd_00418,src_ted_opendata,file_ted_0153,contract:CON-0001/award:awd_00418
caw_00353,con_00329,awd_00419,src_ted_opendata,file_ted_0154,contract:CON-0001/award:awd_00419
caw_00354,con_00329,awd_00420,src_ted_opendata,file_ted_0154,contract:CON-0001/award:awd_00420
caw_00355,con_00330,awd_00421,src_ted_opendata,file_ted_0155,contract:CON-0001/award:awd_00421
caw_00356,con_00331,awd_00422,src_ted_opendata,file_ted_0156,contract:CON-0001/award:awd_00422
caw_00357,con_00332,awd_00423,src_ted_opendata,file_ted_0157,contract:CON-0001/award:awd_00423
caw_00358,con_00333,awd_00424,src_ted_opendata,file_ted_0158,contract:CON-0001/award:awd_00424
caw_00359,con_00334,awd_00425,src_ted_opendata,file_ted_0159,contract:CON-0001/award:awd_00425
caw_00360,con_00335,awd_00426,src_ted_opendata,file_ted_0160,contract:CON-0000/award:awd_00426
caw_00361,con_00336,awd_00427,src_ted_opendata,file_ted_0161,contract:CON-0001/award:awd_00427
caw_00362,con_00337,awd_00429,src_ted_opendata,file_ted_0163,contract:CON-0001/award:awd_00429
caw_00363,con_00338,awd_00430,src_ted_opendata,file_ted_0163,contract:CON-0002/award:awd_00430
caw_00364,con_00339,awd_00431,src_ted_opendata,file_ted_0163,contract:CON-0003/award:awd_00431
caw_00365,con_00340,awd_00432,src_ted_opendata,file_ted_0163,contract:CON-0004/award:awd_00432
caw_00366,con_00341,awd_00433,src_ted_opendata,file_ted_0164,contract:CON-0001/award:awd_00433
caw_00367,con_00342,awd_00434,src_ted_opendata,file_ted_0164,contract:CON-0002/award:awd_00434
caw_00368,con_00343,awd_00435,src_ted_opendata,file_ted_0164,contract:CON-0003/award:awd_00435
caw_00369,con_00344,awd_00436,src_ted_opendata,file_ted_0164,contract:CON-0004/award:awd_00436
caw_00370,con_00345,awd_00437,src_ted_opendata,file_ted_0164,contract:CON-0005/award:awd_00437
caw_00371,con_00346,awd_00438,src_ted_opendata,file_ted_0164,contract:CON-0006/award:awd_00438
caw_00372,con_00347,awd_00440,src_ted_opendata,file_ted_0164,contract:CON-0007/award:awd_00440
caw_00373,con_00348,awd_00441,src_ted_opendata,file_ted_0164,contract:CON-0008/award:awd_00441
caw_00374,con_00349,awd_00442,src_ted_opendata,file_ted_0164,contract:CON-0009/award:awd_00442
caw_00375,con_00350,awd_00443,src_ted_opendata,file_ted_0164,contract:CON-0010/award:awd_00443
caw_00376,con_00351,awd_00444,src_ted_opendata,file_ted_0164,contract:CON-0011/award:awd_00444
caw_00377,con_00352,awd_00445,src_ted_opendata,file_ted_0164,contract:CON-0012/award:awd_00445
caw_00378,con_00353,awd_00446,src_ted_opendata,file_ted_0164,contract:CON-0013/award:awd_00446
caw_00379,con_00354,awd_00448,src_ted_opendata,file_ted_0166,contract:CON-0001/award:awd_00448
caw_00380,con_00355,awd_00449,src_ted_opendata,file_ted_0167,contract:CON-0001/award:awd_00449
caw_00381,con_00356,awd_00450,src_ted_opendata,file_ted_0168,contract:CON-0001/award:awd_00450
caw_00382,con_00357,awd_00451,src_ted_opendata,file_ted_0168,contract:CON-0002/award:awd_00451
caw_00383,con_00358,awd_00452,src_ted_opendata,file_ted_0168,contract:CON-0003/award:awd_00452
caw_00384,con_00359,awd_00453,src_ted_opendata,file_ted_0168,contract:CON-0004/award:awd_00453
caw_00385,con_00360,awd_00454,src_ted_opendata,file_ted_0168,contract:CON-0005/award:awd_00454
caw_00386,con_00361,awd_00455,src_ted_opendata,file_ted_0168,contract:CON-0006/award:awd_00455
caw_00387,con_00362,awd_00456,src_ted_opendata,file_ted_0168,contract:CON-0007/award:awd_00456
caw_00388,con_00363,awd_00457,src_ted_opendata,file_ted_0168,contract:CON-0008/award:awd_00457
caw_00389,con_00364,awd_00458,src_ted_opendata,file_ted_0168,contract:CON-0009/award:awd_00458
caw_00390,con_00365,awd_00459,src_ted_opendata,file_ted_0168,contract:CON-0010/award:awd_00459
caw_00391,con_00366,awd_00460,src_ted_opendata,file_ted_0168,contract:CON-0011/award:awd_00460
caw_00392,con_00367,awd_00461,src_ted_opendata,file_ted_0168,contract:CON-0012/award:awd_00461
caw_00393,con_00368,awd_00462,src_ted_opendata,file_ted_0168,contract:CON-0013/award:awd_00462
caw_00394,con_00369,awd_00463,src_ted_opendata,file_ted_0168,contract:CON-0014/award:awd_00463
caw_00395,con_00370,awd_00464,src_ted_opendata,file_ted_0168,contract:CON-0015/award:awd_00464
caw_00396,con_00371,awd_00465,src_ted_opendata,file_ted_0168,contract:CON-0016/award:awd_00465
caw_00397,con_00372,awd_00466,src_ted_opendata,file_ted_0168,contract:CON-0017/award:awd_00466
caw_00398,con_00373,awd_00467,src_ted_opendata,file_ted_0168,contract:CON-0018/award:awd_00467
caw_00399,con_00374,awd_00469,src_ted_opendata,file_ted_0168,contract:CON-0019/award:awd_00469
caw_00400,con_00375,awd_00470,src_ted_opendata,file_ted_0168,contract:CON-0020/award:awd_00470
caw_00401,con_00376,awd_00471,src_ted_opendata,file_ted_0168,contract:CON-0021/award:awd_00471
caw_00402,con_00377,awd_00472,src_ted_opendata,file_ted_0168,contract:CON-0022/award:awd_00472
caw_00403,con_00378,awd_00473,src_ted_opendata,file_ted_0168,contract:CON-0023/award:awd_00473
caw_00404,con_00379,awd_00474,src_ted_opendata,file_ted_0168,contract:CON-0024/award:awd_00474
caw_00405,con_00380,awd_00475,src_ted_opendata,file_ted_0168,contract:CON-0025/award:awd_00475
caw_00406,con_00381,awd_00476,src_ted_opendata,file_ted_0168,contract:CON-0026/award:awd_00476
caw_00407,con_00382,awd_00477,src_ted_opendata,file_ted_0168,contract:CON-0027/award:awd_00477
caw_00408,con_00383,awd_00478,src_ted_opendata,file_ted_0168,contract:CON-0028/award:awd_00478
caw_00409,con_00384,awd_00479,src_ted_opendata,file_ted_0168,contract:CON-0029/award:awd_00479
caw_00410,con_00385,awd_00480,src_ted_opendata,file_ted_0168,contract:CON-0030/award:awd_00480
caw_00411,con_00386,awd_00481,src_ted_opendata,file_ted_0168,contract:CON-0031/award:awd_00481
caw_00412,con_00387,awd_00482,src_ted_opendata,file_ted_0169,contract:CON-0001/award:awd_00482
caw_00413,con_00388,awd_00483,src_ted_opendata,file_ted_0169,contract:CON-0002/award:awd_00483
caw_00414,con_00389,awd_00484,src_ted_opendata,file_ted_0169,contract:CON-0003/award:awd_00484
caw_00415,con_00390,awd_00485,src_ted_opendata,file_ted_0170,contract:CON-0029/award:awd_00485
caw_00416,con_00391,awd_00486,src_ted_opendata,file_ted_0170,contract:CON-0027/award:awd_00486
caw_00417,con_00392,awd_00487,src_ted_opendata,file_ted_0170,contract:CON-0025/award:awd_00487
caw_00418,con_00393,awd_00488,src_ted_opendata,file_ted_0170,contract:CON-0019/award:awd_00488
caw_00419,con_00394,awd_00489,src_ted_opendata,file_ted_0170,contract:CON-0020/award:awd_00489
caw_00420,con_00395,awd_00490,src_ted_opendata,file_ted_0170,contract:CON-0021/award:awd_00490
caw_00421,con_00399,awd_00491,src_ted_opendata,file_ted_0170,contract:CON-0017/award:awd_00491
caw_00422,con_00401,awd_00492,src_ted_opendata,file_ted_0170,contract:CON-0014/award:awd_00492
caw_00423,con_00418,awd_00493,src_ted_opendata,file_ted_0171,contract:CON-0001/award:awd_00493
caw_00424,con_00419,awd_00494,src_ted_opendata,file_ted_0172,contract:CON-0001/award:awd_00494
caw_00425,con_00420,awd_00495,src_ted_opendata,file_ted_0173,contract:CON-0000/award:awd_00495
caw_00426,con_00421,awd_00496,src_ted_opendata,file_ted_0174,contract:CON-0001/award:awd_00496
caw_00427,con_00422,awd_00497,src_ted_opendata,file_ted_0174,contract:CON-0002/award:awd_00497
caw_00428,con_00423,awd_00499,src_ted_opendata,file_ted_0176,contract:CON-0001/award:awd_00499
caw_00429,con_00424,awd_00500,src_ted_opendata,file_ted_0177,contract:CON-0001/award:awd_00500
caw_00430,con_00425,awd_00501,src_ted_opendata,file_ted_0178,contract:CON-0001/award:awd_00501
caw_00431,con_00426,awd_00502,src_ted_opendata,file_ted_0179,contract:CON-0001/award:awd_00502
caw_00432,con_00427,awd_00503,src_ted_opendata,file_ted_0180,contract:CON-0000/award:awd_00503
caw_00433,con_00428,awd_00504,src_ted_opendata,file_ted_0181,contract:CON-0001/award:awd_00504
caw_00434,con_00429,awd_00505,src_ted_opendata,file_ted_0182,contract:CON-0001/award:awd_00505
caw_00435,con_00430,awd_00506,src_ted_opendata,file_ted_0183,contract:CON-0001/award:awd_00506
caw_00436,con_00431,awd_00507,src_ted_opendata,file_ted_0183,contract:CON-0002/award:awd_00507
caw_00437,con_00432,awd_00508,src_ted_opendata,file_ted_0183,contract:CON-0003/award:awd_00508
caw_00438,con_00433,awd_00509,src_ted_opendata,file_ted_0183,contract:CON-0004/award:awd_00509
caw_00439,con_00434,awd_00510,src_ted_opendata,file_ted_0183,contract:CON-0005/award:awd_00510
caw_00440,con_00435,awd_00511,src_ted_opendata,file_ted_0184,contract:CON-0001/award:awd_00511
caw_00441,con_00435,awd_00512,src_ted_opendata,file_ted_0184,contract:CON-0001/award:awd_00512
caw_00442,con_00435,awd_00513,src_ted_opendata,file_ted_0184,contract:CON-0001/award:awd_00513
caw_00443,con_00435,awd_00514,src_ted_opendata,file_ted_0184,contract:CON-0001/award:awd_00514
caw_00444,con_00435,awd_00515,src_ted_opendata,file_ted_0184,contract:CON-0001/award:awd_00515
caw_00445,con_00436,awd_00516,src_ted_opendata,file_ted_0184,contract:CON-0002/award:awd_00516
caw_00446,con_00436,awd_00517,src_ted_opendata,file_ted_0184,contract:CON-0002/award:awd_00517
caw_00447,con_00436,awd_00518,src_ted_opendata,file_ted_0184,contract:CON-0002/award:awd_00518
caw_00448,con_00436,awd_00519,src_ted_opendata,file_ted_0184,contract:CON-0002/award:awd_00519
caw_00449,con_00436,awd_00520,src_ted_opendata,file_ted_0184,contract:CON-0002/award:awd_00520
caw_00450,con_00437,awd_00521,src_ted_opendata,file_ted_0184,contract:CON-0003/award:awd_00521
caw_00451,con_00438,awd_00522,src_ted_opendata,file_ted_0184,contract:CON-0004/award:awd_00522
caw_00452,con_00438,awd_00523,src_ted_opendata,file_ted_0184,contract:CON-0004/award:awd_00523
caw_00453,con_00438,awd_00524,src_ted_opendata,file_ted_0184,contract:CON-0004/award:awd_00524
caw_00454,con_00438,awd_00525,src_ted_opendata,file_ted_0184,contract:CON-0004/award:awd_00525
caw_00455,con_00438,awd_00526,src_ted_opendata,file_ted_0184,contract:CON-0004/award:awd_00526
caw_00456,con_00438,awd_00527,src_ted_opendata,file_ted_0184,contract:CON-0004/award:awd_00527
caw_00457,con_00439,awd_00528,src_ted_opendata,file_ted_0184,contract:CON-0005/award:awd_00528
caw_00458,con_00439,awd_00529,src_ted_opendata,file_ted_0184,contract:CON-0005/award:awd_00529
caw_00459,con_00439,awd_00530,src_ted_opendata,file_ted_0184,contract:CON-0005/award:awd_00530
caw_00460,con_00439,awd_00531,src_ted_opendata,file_ted_0184,contract:CON-0005/award:awd_00531
caw_00461,con_00440,awd_00532,src_ted_opendata,file_ted_0185,contract:CON-0001/award:awd_00532
caw_00462,con_00441,awd_00533,src_ted_opendata,file_ted_0186,contract:CON-0001/award:awd_00533
caw_00463,con_00442,awd_00534,src_ted_opendata,file_ted_0187,contract:CON-0001/award:awd_00534
caw_00464,con_00443,awd_00535,src_ted_opendata,file_ted_0188,contract:CON-0001/award:awd_00535
caw_00465,con_00444,awd_00536,src_ted_opendata,file_ted_0189,contract:CON-0001/award:awd_00536
caw_00466,con_00445,awd_00538,src_ted_opendata,file_ted_0190,contract:CON-0001/award:awd_00538
caw_00467,con_00446,awd_00539,src_ted_opendata,file_ted_0191,contract:CON-0001/award:awd_00539
caw_00468,con_00447,awd_00540,src_ted_opendata,file_ted_0192,contract:CON-0001/award:awd_00540
caw_00469,con_00448,awd_00541,src_ted_opendata,file_ted_0193,contract:CON-0001/award:awd_00541
caw_00470,con_00449,awd_00543,src_ted_opendata,file_ted_0193,contract:CON-0002/award:awd_00543
caw_00471,con_00450,awd_00544,src_ted_opendata,file_ted_0193,contract:CON-0003/award:awd_00544
caw_00472,con_00451,awd_00545,src_ted_opendata,file_ted_0193,contract:CON-0004/award:awd_00545
caw_00473,con_00452,awd_00546,src_ted_opendata,file_ted_0194,contract:CON-0001/award:awd_00546
caw_00474,con_00453,awd_00547,src_ted_opendata,file_ted_0194,contract:CON-0002/award:awd_00547
caw_00475,con_00454,awd_00548,src_ted_opendata,file_ted_0194,contract:CON-0003/award:awd_00548
caw_00476,con_00455,awd_00549,src_ted_opendata,file_ted_0195,contract:CON-0001/award:awd_00549
caw_00477,con_00456,awd_00550,src_ted_opendata,file_ted_0195,contract:CON-0002/award:awd_00550
caw_00478,con_00457,awd_00551,src_ted_opendata,file_ted_0195,contract:CON-0003/award:awd_00551
caw_00479,con_00458,awd_00552,src_ted_opendata,file_ted_0195,contract:CON-0004/award:awd_00552
caw_00480,con_00459,awd_00553,src_ted_opendata,file_ted_0195,contract:CON-0005/award:awd_00553
caw_00481,con_00460,awd_00554,src_ted_opendata,file_ted_0195,contract:CON-0006/award:awd_00554
caw_00482,con_00461,awd_00555,src_ted_opendata,file_ted_0195,contract:CON-0007/award:awd_00555
caw_00483,con_00462,awd_00557,src_ted_opendata,file_ted_0196,contract:CON-0001/award:awd_00557
caw_00484,con_00463,awd_00559,src_ted_opendata,file_ted_0197,contract:CON-0001/award:awd_00559
caw_00485,con_00464,awd_00560,src_ted_opendata,file_ted_0198,contract:CON-0001/award:awd_00560
caw_00486,con_00465,awd_00561,src_ted_opendata,file_ted_0198,contract:CON-0002/award:awd_00561
caw_00487,con_00466,awd_00562,src_ted_opendata,file_ted_0198,contract:CON-0003/award:awd_00562
caw_00488,con_00467,awd_00563,src_ted_opendata,file_ted_0198,contract:CON-0004/award:awd_00563
caw_00489,con_00468,awd_00564,src_ted_opendata,file_ted_0198,contract:CON-0005/award:awd_00564
caw_00490,con_00469,awd_00565,src_ted_opendata,file_ted_0199,contract:CON-0001/award:awd_00565
caw_00491,con_00470,awd_00566,src_ted_opendata,file_ted_0200,contract:CON-0001/award:awd_00566
caw_00492,con_00471,awd_00567,src_ted_opendata,file_ted_0200,contract:CON-0002/award:awd_00567
caw_00493,con_00472,awd_00568,src_ted_opendata,file_ted_0200,contract:CON-0003/award:awd_00568
caw_00494,con_00473,awd_00569,src_ted_opendata,file_ted_0201,contract:CON-0001/award:awd_00569
caw_00495,con_00474,awd_00570,src_ted_opendata,file_ted_0202,contract:CON-0001/award:awd_00570
caw_00496,con_00475,awd_00571,src_ted_opendata,file_ted_0202,contract:CON-0002/award:awd_00571
caw_00497,con_00476,awd_00577,src_ted_opendata,file_ted_0202,contract:CON-0003/award:awd_00577
caw_00498,con_00477,awd_00572,src_ted_opendata,file_ted_0202,contract:CON-0004/award:awd_00572
caw_00499,con_00478,awd_00573,src_ted_opendata,file_ted_0202,contract:CON-0005/award:awd_00573
caw_00500,con_00479,awd_00574,src_ted_opendata,file_ted_0202,contract:CON-0006/award:awd_00574
caw_00501,con_00480,awd_00578,src_ted_opendata,file_ted_0202,contract:CON-0007/award:awd_00578
caw_00502,con_00481,awd_00581,src_ted_opendata,file_ted_0203,contract:CON-0001/award:awd_00581
caw_00503,con_00482,awd_00582,src_ted_opendata,file_ted_0204,contract:CON-0001/award:awd_00582
caw_00504,con_00483,awd_00583,src_ted_opendata,file_ted_0205,contract:CON-0200/award:awd_00583
caw_00505,con_00484,awd_00584,src_ted_opendata,file_ted_0206,contract:CON-0001/award:awd_00584
caw_00506,con_00485,awd_00585,src_ted_opendata,file_ted_0207,contract:CON-0001/award:awd_00585
caw_00507,con_00486,awd_00586,src_ted_opendata,file_ted_0208,contract:CON-0001/award:awd_00586
caw_00508,con_00487,awd_00587,src_ted_opendata,file_ted_0209,contract:CON-0001/award:awd_00587
caw_00509,con_00488,awd_00588,src_ted_opendata,file_ted_0210,contract:CON-0001/award:awd_00588
caw_00510,con_00488,awd_00589,src_ted_opendata,file_ted_0210,contract:CON-0001/award:awd_00589
caw_00511,con_00489,awd_00590,src_ted_opendata,file_ted_0211,contract:CON-1617/award:awd_00590
caw_00512,con_00491,awd_00591,src_ted_opendata,file_ted_0212,contract:CON-0001/award:awd_00591
caw_00513,con_00492,awd_00593,src_ted_opendata,file_ted_0214,contract:CON-0001/award:awd_00593
caw_00514,con_00493,awd_00594,src_ted_opendata,file_ted_0215,contract:CON-0001/award:awd_00594
caw_00515,con_00494,awd_00595,src_ted_opendata,file_ted_0216,contract:CON-0001/award:awd_00595
caw_00516,con_00495,awd_00596,src_ted_opendata,file_ted_0216,contract:CON-0002/award:awd_00596
caw_00517,con_00496,awd_00597,src_ted_opendata,file_ted_0217,contract:CON-0001/award:awd_00597
caw_00518,con_00497,awd_00598,src_ted_opendata,file_ted_0218,contract:CON-0001/award:awd_00598
caw_00519,con_00498,awd_00599,src_ted_opendata,file_ted_0218,contract:CON-0002/award:awd_00599
caw_00520,con_00499,awd_00603,src_ted_opendata,file_ted_0220,contract:CON-0001/award:awd_00603
caw_00521,con_00500,awd_00604,src_ted_opendata,file_ted_0220,contract:CON-0002/award:awd_00604
caw_00522,con_00501,awd_00605,src_ted_opendata,file_ted_0220,contract:CON-0003/award:awd_00605
caw_00523,con_00502,awd_00606,src_ted_opendata,file_ted_0220,contract:CON-0004/award:awd_00606
caw_00524,con_00503,awd_00608,src_ted_opendata,file_ted_0220,contract:CON-0005/award:awd_00608
caw_00525,con_00504,awd_00609,src_ted_opendata,file_ted_0220,contract:CON-0006/award:awd_00609
caw_00526,con_00505,awd_00610,src_ted_opendata,file_ted_0220,contract:CON-0007/award:awd_00610
caw_00527,con_00506,awd_00611,src_ted_opendata,file_ted_0221,contract:CON-0001/award:awd_00611
caw_00528,con_00507,awd_00612,src_ted_opendata,file_ted_0221,contract:CON-0002/award:awd_00612
caw_00529,con_00508,awd_00613,src_ted_opendata,file_ted_0221,contract:CON-0003/award:awd_00613
caw_00530,con_00509,awd_00614,src_ted_opendata,file_ted_0221,contract:CON-0004/award:awd_00614
caw_00531,con_00510,awd_00615,src_ted_opendata,file_ted_0221,contract:CON-0005/award:awd_00615
caw_00532,con_00511,awd_00616,src_ted_opendata,file_ted_0221,contract:CON-0006/award:awd_00616
caw_00533,con_00512,awd_00617,src_ted_opendata,file_ted_0221,contract:CON-0007/award:awd_00617
caw_00534,con_00513,awd_00621,src_ted_opendata,file_ted_0223,contract:CON-0001/award:awd_00621
caw_00535,con_00514,awd_00622,src_ted_opendata,file_ted_0224,contract:CON-0001/award:awd_00622
caw_00536,con_00515,awd_00623,src_ted_opendata,file_ted_0225,contract:CON-0001/award:awd_00623
caw_00537,con_00516,awd_00624,src_ted_opendata,file_ted_0226,contract:CON-0001/award:awd_00624
caw_00538,con_00517,awd_00625,src_ted_opendata,file_ted_0227,contract:CON-0001/award:awd_00625
caw_00539,con_00518,awd_00626,src_ted_opendata,file_ted_0227,contract:CON-0002/award:awd_00626
caw_00540,con_00519,awd_00627,src_ted_opendata,file_ted_0227,contract:CON-0003/award:awd_00627
caw_00541,con_00520,awd_00628,src_ted_opendata,file_ted_0227,contract:CON-0004/award:awd_00628
caw_00542,con_00521,awd_00630,src_ted_opendata,file_ted_0229,contract:CON-0001/award:awd_00630
caw_00543,con_00522,awd_00631,src_ted_opendata,file_ted_0230,contract:CON-0001/award:awd_00631
caw_00544,con_00523,awd_00632,src_ted_opendata,file_ted_0231,contract:CON-0001/award:awd_00632
caw_00545,con_00524,awd_00633,src_ted_opendata,file_ted_0232,contract:CON-0001/award:awd_00633
caw_00546,con_00525,awd_00634,src_ted_opendata,file_ted_0232,contract:CON-0002/award:awd_00634
caw_00547,con_00526,awd_00635,src_ted_opendata,file_ted_0233,contract:CON-0001/award:awd_00635
caw_00548,con_00527,awd_00637,src_ted_opendata,file_ted_0235,contract:CON-0001/award:awd_00637
caw_00549,con_00528,awd_00638,src_ted_opendata,file_ted_0235,contract:CON-0002/award:awd_00638
caw_00550,con_00529,awd_00639,src_ted_opendata,file_ted_0235,contract:CON-0003/award:awd_00639
caw_00551,con_00530,awd_00640,src_ted_opendata,file_ted_0235,contract:CON-0004/award:awd_00640
caw_00552,con_00531,awd_00641,src_ted_opendata,file_ted_0235,contract:CON-0005/award:awd_00641
caw_00553,con_00532,awd_00642,src_ted_opendata,file_ted_0235,contract:CON-0006/award:awd_00642
caw_00554,con_00533,awd_00643,src_ted_opendata,file_ted_0235,contract:CON-0007/award:awd_00643
caw_00555,con_00534,awd_00645,src_ted_opendata,file_ted_0237,contract:CON-0001/award:awd_00645
caw_00556,con_00535,awd_00646,src_ted_opendata,file_ted_0238,contract:CON-0001/award:awd_00646
caw_00557,con_00536,awd_00647,src_ted_opendata,file_ted_0239,contract:CON-0000/award:awd_00647
caw_00558,con_00537,awd_00648,src_ted_opendata,file_ted_0240,contract:CON-0001/award:awd_00648
caw_00559,con_00538,awd_00649,src_ted_opendata,file_ted_0241,contract:CON-0001/award:awd_00649
caw_00560,con_00539,awd_00650,src_ted_opendata,file_ted_0242,contract:CON-0001/award:awd_00650
caw_00561,con_00540,awd_00651,src_ted_opendata,file_ted_0242,contract:CON-0002/award:awd_00651
caw_00562,con_00541,awd_00653,src_ted_opendata,file_ted_0244,contract:CON-0050/award:awd_00653
caw_00563,con_00542,awd_00654,src_ted_opendata,file_ted_0244,contract:CON-0015/award:awd_00654
caw_00564,con_00543,awd_00655,src_ted_opendata,file_ted_0244,contract:CON-0009/award:awd_00655
caw_00565,con_00544,awd_00656,src_ted_opendata,file_ted_0244,contract:CON-0012/award:awd_00656
caw_00566,con_00545,awd_00657,src_ted_opendata,file_ted_0244,contract:CON-0014/award:awd_00657
caw_00567,con_00546,awd_00658,src_ted_opendata,file_ted_0244,contract:CON-0011/award:awd_00658
caw_00568,con_00548,awd_00659,src_ted_opendata,file_ted_0244,contract:CON-0001/award:awd_00659
caw_00569,con_00549,awd_00660,src_ted_opendata,file_ted_0244,contract:CON-0003/award:awd_00660
caw_00570,con_00550,awd_00661,src_ted_opendata,file_ted_0244,contract:CON-0002/award:awd_00661
caw_00571,con_00551,awd_00662,src_ted_opendata,file_ted_0244,contract:CON-0005/award:awd_00662
caw_00572,con_00552,awd_00663,src_ted_opendata,file_ted_0244,contract:CON-0010/award:awd_00663
caw_00573,con_00553,awd_00664,src_ted_opendata,file_ted_0244,contract:CON-0007/award:awd_00664
caw_00574,con_00555,awd_00665,src_ted_opendata,file_ted_0244,contract:CON-0018/award:awd_00665
caw_00575,con_00556,awd_00666,src_ted_opendata,file_ted_0244,contract:CON-0013/award:awd_00666
caw_00576,con_00557,awd_00667,src_ted_opendata,file_ted_0244,contract:CON-0020/award:awd_00667
caw_00577,con_00563,awd_00668,src_ted_opendata,file_ted_0244,contract:CON-0032/award:awd_00668
caw_00578,con_00578,awd_00669,src_ted_opendata,file_ted_0244,contract:CON-0025/award:awd_00669
caw_00579,con_00580,awd_00670,src_ted_opendata,file_ted_0244,contract:CON-0019/award:awd_00670
caw_00580,con_00589,awd_00671,src_ted_opendata,file_ted_0244,contract:CON-0008/award:awd_00671
caw_00581,con_00592,awd_00674,src_ted_opendata,file_ted_0245,contract:CON-0001/award:awd_00674
caw_00582,con_00593,awd_00675,src_ted_opendata,file_ted_0246,contract:CON-0001/award:awd_00675
caw_00583,con_00594,awd_00676,src_ted_opendata,file_ted_0247,contract:CON-0001/award:awd_00676
caw_00584,con_00595,awd_00677,src_ted_opendata,file_ted_0248,contract:CON-0001/award:awd_00677
caw_00585,con_00596,awd_00678,src_ted_opendata,file_ted_0249,contract:CON-0001/award:awd_00678
caw_00586,con_00597,awd_00679,src_ted_opendata,file_ted_0249,contract:CON-0002/award:awd_00679
caw_00587,con_00598,awd_00681,src_ted_opendata,file_ted_0249,contract:CON-0003/award:awd_00681
caw_00588,con_00599,awd_00682,src_ted_opendata,file_ted_0249,contract:CON-0004/award:awd_00682
caw_00589,con_00600,awd_00684,src_ted_opendata,file_ted_0251,contract:CON-0001/award:awd_00684
caw_00590,con_00601,awd_00685,src_ted_opendata,file_ted_0252,contract:CON-0200/award:awd_00685
caw_00591,con_00602,awd_00686,src_ted_opendata,file_ted_0253,contract:CON-0000/award:awd_00686
caw_00592,con_00603,awd_00688,src_ted_opendata,file_ted_0255,contract:CON-0001/award:awd_00688
caw_00593,con_00604,awd_00689,src_ted_opendata,file_ted_0256,contract:CON-0001/award:awd_00689
caw_00594,con_00605,awd_00690,src_ted_opendata,file_ted_0256,contract:CON-0002/award:awd_00690
caw_00595,con_00606,awd_00691,src_ted_opendata,file_ted_0256,contract:CON-0003/award:awd_00691
caw_00596,con_00607,awd_00692,src_ted_opendata,file_ted_0256,contract:CON-0004/award:awd_00692
caw_00597,con_00608,awd_00693,src_ted_opendata,file_ted_0256,contract:CON-0005/award:awd_00693
caw_00598,con_00609,awd_00694,src_ted_opendata,file_ted_0256,contract:CON-0006/award:awd_00694
caw_00599,con_00610,awd_00695,src_ted_opendata,file_ted_0256,contract:CON-0007/award:awd_00695
caw_00600,con_00611,awd_00696,src_ted_opendata,file_ted_0256,contract:CON-0008/award:awd_00696
caw_00601,con_00612,awd_00697,src_ted_opendata,file_ted_0256,contract:CON-0009/award:awd_00697
caw_00602,con_00613,awd_00698,src_ted_opendata,file_ted_0256,contract:CON-0010/award:awd_00698
caw_00603,con_00614,awd_00699,src_ted_opendata,file_ted_0256,contract:CON-0011/award:awd_00699
caw_00604,con_00615,awd_00700,src_ted_opendata,file_ted_0256,contract:CON-0012/award:awd_00700
caw_00605,con_00616,awd_00701,src_ted_opendata,file_ted_0256,contract:CON-0013/award:awd_00701
caw_00606,con_00617,awd_00703,src_ted_opendata,file_ted_0256,contract:CON-0015/award:awd_00703
caw_00607,con_00618,awd_00705,src_ted_opendata,file_ted_0258,contract:CON-0001/award:awd_00705
caw_00608,con_00619,awd_00706,src_ted_opendata,file_ted_0258,contract:CON-0002/award:awd_00706
caw_00609,con_00620,awd_00712,src_ted_opendata,file_ted_0258,contract:CON-0003/award:awd_00712
caw_00610,con_00621,awd_00713,src_ted_opendata,file_ted_0258,contract:CON-0004/award:awd_00713
caw_00611,con_00622,awd_00714,src_ted_opendata,file_ted_0258,contract:CON-0005/award:awd_00714
caw_00612,con_00623,awd_00715,src_ted_opendata,file_ted_0258,contract:CON-0006/award:awd_00715
caw_00613,con_00624,awd_00716,src_ted_opendata,file_ted_0258,contract:CON-0007/award:awd_00716
caw_00614,con_00625,awd_00717,src_ted_opendata,file_ted_0258,contract:CON-0008/award:awd_00717
caw_00615,con_00626,awd_00718,src_ted_opendata,file_ted_0258,contract:CON-0009/award:awd_00718
caw_00616,con_00627,awd_00719,src_ted_opendata,file_ted_0258,contract:CON-0010/award:awd_00719
caw_00617,con_00628,awd_00720,src_ted_opendata,file_ted_0258,contract:CON-0011/award:awd_00720
caw_00618,con_00629,awd_00721,src_ted_opendata,file_ted_0258,contract:CON-0012/award:awd_00721
caw_00619,con_00630,awd_00722,src_ted_opendata,file_ted_0258,contract:CON-0013/award:awd_00722
caw_00620,con_00631,awd_00723,src_ted_opendata,file_ted_0258,contract:CON-0014/award:awd_00723
caw_00621,con_00632,awd_00724,src_ted_opendata,file_ted_0259,contract:CON-0001/award:awd_00724
caw_00622,con_00633,awd_00725,src_ted_opendata,file_ted_0260,contract:CON-0001/award:awd_00725
caw_00623,con_00633,awd_00727,src_ted_opendata,file_ted_0260,contract:CON-0001/award:awd_00727
caw_00624,con_00634,awd_00726,src_ted_opendata,file_ted_0260,contract:CON-0002/award:awd_00726
caw_00625,con_00635,awd_00727,src_ted_opendata,file_ted_0260,contract:CON-0003/award:awd_00727
caw_00626,con_00635,awd_00725,src_ted_opendata,file_ted_0260,contract:CON-0003/award:awd_00725
caw_00627,con_00636,awd_00728,src_ted_opendata,file_ted_0261,contract:CON-0001/award:awd_00728
caw_00628,con_00637,awd_00729,src_ted_opendata,file_ted_0261,contract:CON-0002/award:awd_00729
caw_00629,con_00638,awd_00730,src_ted_opendata,file_ted_0261,contract:CON-0003/award:awd_00730
caw_00630,con_00639,awd_00731,src_ted_opendata,file_ted_0261,contract:CON-0004/award:awd_00731
caw_00631,con_00640,awd_00732,src_ted_opendata,file_ted_0261,contract:CON-0005/award:awd_00732
caw_00632,con_00641,awd_00733,src_ted_opendata,file_ted_0261,contract:CON-0006/award:awd_00733
caw_00633,con_00641,awd_00734,src_ted_opendata,file_ted_0261,contract:CON-0006/award:awd_00734
caw_00634,con_00642,awd_00734,src_ted_opendata,file_ted_0261,contract:CON-0007/award:awd_00734
caw_00635,con_00642,awd_00735,src_ted_opendata,file_ted_0261,contract:CON-0007/award:awd_00735
caw_00636,con_00643,awd_00735,src_ted_opendata,file_ted_0261,contract:CON-0008/award:awd_00735
caw_00637,con_00643,awd_00733,src_ted_opendata,file_ted_0261,contract:CON-0008/award:awd_00733
caw_00638,con_00644,awd_00738,src_ted_opendata,file_ted_0263,contract:CON-0001/award:awd_00738
caw_00639,con_00645,awd_00739,src_ted_opendata,file_ted_0264,contract:CON-0001/award:awd_00739
caw_00640,con_00646,awd_00740,src_ted_opendata,file_ted_0264,contract:CON-0002/award:awd_00740
caw_00641,con_00647,awd_00741,src_ted_opendata,file_ted_0264,contract:CON-0003/award:awd_00741
caw_00642,con_00648,awd_00742,src_ted_opendata,file_ted_0264,contract:CON-0004/award:awd_00742
caw_00643,con_00649,awd_00743,src_ted_opendata,file_ted_0265,contract:CON-0001/award:awd_00743
caw_00644,con_00650,awd_00744,src_ted_opendata,file_ted_0266,contract:CON-0001/award:awd_00744
caw_00645,con_00651,awd_00745,src_ted_opendata,file_ted_0267,contract:CON-0001/award:awd_00745
caw_00646,con_00652,awd_00746,src_ted_opendata,file_ted_0267,contract:CON-0002/award:awd_00746
caw_00647,con_00653,awd_00747,src_ted_opendata,file_ted_0267,contract:CON-0003/award:awd_00747
caw_00648,con_00654,awd_00748,src_ted_opendata,file_ted_0267,contract:CON-0004/award:awd_00748
caw_00649,con_00655,awd_00749,src_ted_opendata,file_ted_0267,contract:CON-0005/award:awd_00749
caw_00650,con_00656,awd_00750,src_ted_opendata,file_ted_0267,contract:CON-0006/award:awd_00750
caw_00651,con_00657,awd_00751,src_ted_opendata,file_ted_0268,contract:CON-0001/award:awd_00751
caw_00652,con_00658,awd_00752,src_ted_opendata,file_ted_0269,contract:CON-0001/award:awd_00752
caw_00653,con_00659,awd_00753,src_ted_opendata,file_ted_0270,contract:CON-0001/award:awd_00753
caw_00654,con_00660,awd_00754,src_ted_opendata,file_ted_0270,contract:CON-0002/award:awd_00754
caw_00655,con_00661,awd_00755,src_ted_opendata,file_ted_0271,contract:CON-0000/award:awd_00755
caw_00656,con_00662,awd_00756,src_ted_opendata,file_ted_0272,contract:CON-0001/award:awd_00756
caw_00657,con_00663,awd_00757,src_ted_opendata,file_ted_0273,contract:CON-0001/award:awd_00757
caw_00658,con_00664,awd_00758,src_ted_opendata,file_ted_0273,contract:CON-0002/award:awd_00758
caw_00659,con_00665,awd_00759,src_ted_opendata,file_ted_0273,contract:CON-0003/award:awd_00759
caw_00660,con_00666,awd_00760,src_ted_opendata,file_ted_0273,contract:CON-0004/award:awd_00760
caw_00661,con_00667,awd_00761,src_ted_opendata,file_ted_0273,contract:CON-0005/award:awd_00761
caw_00662,con_00668,awd_00762,src_ted_opendata,file_ted_0273,contract:CON-0006/award:awd_00762
caw_00663,con_00669,awd_00763,src_ted_opendata,file_ted_0273,contract:CON-0007/award:awd_00763
caw_00664,con_00670,awd_00764,src_ted_opendata,file_ted_0273,contract:CON-0008/award:awd_00764
caw_00665,con_00671,awd_00768,src_ted_opendata,file_ted_0273,contract:CON-0009/award:awd_00768
caw_00666,con_00672,awd_00765,src_ted_opendata,file_ted_0273,contract:CON-0010/award:awd_00765
caw_00667,con_00673,awd_00767,src_ted_opendata,file_ted_0273,contract:CON-0011/award:awd_00767
caw_00668,con_00674,awd_00766,src_ted_opendata,file_ted_0273,contract:CON-0012/award:awd_00766
caw_00669,con_00675,awd_00769,src_ted_opendata,file_ted_0273,contract:CON-0013/award:awd_00769
caw_00670,con_00676,awd_00770,src_ted_opendata,file_ted_0273,contract:CON-0014/award:awd_00770
caw_00671,con_00677,awd_00771,src_ted_opendata,file_ted_0273,contract:CON-0015/award:awd_00771
caw_00672,con_00678,awd_00772,src_ted_opendata,file_ted_0273,contract:CON-0016/award:awd_00772
caw_00673,con_00679,awd_00780,src_ted_opendata,file_ted_0274,contract:CON-0001/award:awd_00780
caw_00674,con_00680,awd_00781,src_ted_opendata,file_ted_0275,contract:CON-0001/award:awd_00781
caw_00675,con_00681,awd_00782,src_ted_opendata,file_ted_0275,contract:CON-0002/award:awd_00782
caw_00676,con_00682,awd_00783,src_ted_opendata,file_ted_0275,contract:CON-0003/award:awd_00783
caw_00677,con_00683,awd_00784,src_ted_opendata,file_ted_0275,contract:CON-0004/award:awd_00784
caw_00678,con_00684,awd_00786,src_ted_opendata,file_ted_0275,contract:CON-0005/award:awd_00786
caw_00679,con_00685,awd_00787,src_ted_opendata,file_ted_0276,contract:CON-0001/award:awd_00787
caw_00680,con_00686,awd_00788,src_ted_opendata,file_ted_0277,contract:CON-0001/award:awd_00788
caw_00681,con_00687,awd_00789,src_ted_opendata,file_ted_0277,contract:CON-0002/award:awd_00789
caw_00682,con_00688,awd_00790,src_ted_opendata,file_ted_0278,contract:CON-0001/award:awd_00790
caw_00683,con_00689,awd_00791,src_ted_opendata,file_ted_0278,contract:CON-0002/award:awd_00791
caw_00684,con_00690,awd_00792,src_ted_opendata,file_ted_0278,contract:CON-0003/award:awd_00792
caw_00685,con_00691,awd_00793,src_ted_opendata,file_ted_0278,contract:CON-0004/award:awd_00793
caw_00686,con_00692,awd_00794,src_ted_opendata,file_ted_0278,contract:CON-0005/award:awd_00794
caw_00687,con_00693,awd_00795,src_ted_opendata,file_ted_0279,contract:CON-0001/award:awd_00795
caw_00688,con_00694,awd_00797,src_ted_opendata,file_ted_0281,contract:CON-0001/award:awd_00797
caw_00689,con_00695,awd_00798,src_ted_opendata,file_ted_0282,contract:CON-0000/award:awd_00798
caw_00690,con_00696,awd_00799,src_ted_opendata,file_ted_0283,contract:CON-0001/award:awd_00799
caw_00691,con_00697,awd_00800,src_ted_opendata,file_ted_0284,contract:CON-0001/award:awd_00800
caw_00692,con_00698,awd_00801,src_ted_opendata,file_ted_0285,contract:CON-0001/award:awd_00801
caw_00693,con_00699,awd_00802,src_ted_opendata,file_ted_0285,contract:CON-0002/award:awd_00802
caw_00694,con_00700,awd_00803,src_ted_opendata,file_ted_0285,contract:CON-0003/award:awd_00803
caw_00695,con_00701,awd_00805,src_ted_opendata,file_ted_0286,contract:CON-0001/award:awd_00805
caw_00696,con_00702,awd_00806,src_ted_opendata,file_ted_0286,contract:CON-0002/award:awd_00806
caw_00697,con_00703,awd_00807,src_ted_opendata,file_ted_0286,contract:CON-0003/award:awd_00807
caw_00698,con_00704,awd_00808,src_ted_opendata,file_ted_0286,contract:CON-0004/award:awd_00808
caw_00699,con_00705,awd_00809,src_ted_opendata,file_ted_0286,contract:CON-0005/award:awd_00809
caw_00700,con_00706,awd_00810,src_ted_opendata,file_ted_0286,contract:CON-0006/award:awd_00810
caw_00701,con_00707,awd_00811,src_ted_opendata,file_ted_0286,contract:CON-0007/award:awd_00811
caw_00702,con_00708,awd_00812,src_ted_opendata,file_ted_0286,contract:CON-0008/award:awd_00812
caw_00703,con_00709,awd_00813,src_ted_opendata,file_ted_0286,contract:CON-0009/award:awd_00813
caw_00704,con_00710,awd_00815,src_ted_opendata,file_ted_0286,contract:CON-0010/award:awd_00815
caw_00705,con_00711,awd_00816,src_ted_opendata,file_ted_0287,contract:CON-0001/award:awd_00816
caw_00706,con_00712,awd_00817,src_ted_opendata,file_ted_0288,contract:CON-0001/award:awd_00817
caw_00707,con_00713,awd_00818,src_ted_opendata,file_ted_0289,contract:CON-0001/award:awd_00818
caw_00708,con_00714,awd_00819,src_ted_opendata,file_ted_0290,contract:CON-0001/award:awd_00819
caw_00709,con_00715,awd_00820,src_ted_opendata,file_ted_0291,contract:CON-0002/award:awd_00820
caw_00710,con_00716,awd_00821,src_ted_opendata,file_ted_0292,contract:CON-0001/award:awd_00821
caw_00711,con_00717,awd_00824,src_ted_opendata,file_ted_0292,contract:CON-0002/award:awd_00824
caw_00712,con_00717,awd_00825,src_ted_opendata,file_ted_0292,contract:CON-0002/award:awd_00825
caw_00713,con_00718,awd_00822,src_ted_opendata,file_ted_0292,contract:CON-0003/award:awd_00822
caw_00714,con_00719,awd_00823,src_ted_opendata,file_ted_0292,contract:CON-0004/award:awd_00823
caw_00715,con_00720,awd_00826,src_ted_opendata,file_ted_0292,contract:CON-0005/award:awd_00826
caw_00716,con_00721,awd_00829,src_ted_opendata,file_ted_0295,contract:CON-0001/award:awd_00829
caw_00717,con_00722,awd_00830,src_ted_opendata,file_ted_0296,contract:CON-0001/award:awd_00830
caw_00718,con_00723,awd_00831,src_ted_opendata,file_ted_0296,contract:CON-0002/award:awd_00831
caw_00719,con_00724,awd_00832,src_ted_opendata,file_ted_0296,contract:CON-0003/award:awd_00832
caw_00720,con_00725,awd_00833,src_ted_opendata,file_ted_0296,contract:CON-0004/award:awd_00833
caw_00721,con_00726,awd_00834,src_ted_opendata,file_ted_0297,contract:CON-0001/award:awd_00834
caw_00722,con_00727,awd_00835,src_ted_opendata,file_ted_0298,contract:CON-0001/award:awd_00835
caw_00723,con_00728,awd_00836,src_ted_opendata,file_ted_0298,contract:CON-0002/award:awd_00836
caw_00724,con_00729,awd_00837,src_ted_opendata,file_ted_0298,contract:CON-0003/award:awd_00837
caw_00725,con_00730,awd_00838,src_ted_opendata,file_ted_0298,contract:CON-0004/award:awd_00838
caw_00726,con_00731,awd_00839,src_ted_opendata,file_ted_0298,contract:CON-0005/award:awd_00839
caw_00727,con_00732,awd_00840,src_ted_opendata,file_ted_0298,contract:CON-0006/award:awd_00840
caw_00728,con_00733,awd_00841,src_ted_opendata,file_ted_0299,contract:CON-0001/award:awd_00841
caw_00729,con_00734,awd_00842,src_ted_opendata,file_ted_0299,contract:CON-0002/award:awd_00842
caw_00730,con_00735,awd_00843,src_ted_opendata,file_ted_0299,contract:CON-0003/award:awd_00843
caw_00731,con_00736,awd_00844,src_ted_opendata,file_ted_0299,contract:CON-0004/award:awd_00844
caw_00732,con_00737,awd_00848,src_ted_opendata,file_ted_0299,contract:CON-0005/award:awd_00848
caw_00733,con_00738,awd_00845,src_ted_opendata,file_ted_0299,contract:CON-0006/award:awd_00845
caw_00734,con_00739,awd_00846,src_ted_opendata,file_ted_0299,contract:CON-0007/award:awd_00846
caw_00735,con_00740,awd_00847,src_ted_opendata,file_ted_0299,contract:CON-0008/award:awd_00847
ca_wb_1785647,ctr_wb_1785647,awd_wb_1785647,src_worldbank_finances1,file_worldbank_ds00005_001,77715
ca_wb_1785658,ctr_wb_1785658,awd_wb_1785658,src_worldbank_finances1,file_worldbank_ds00005_001,77714
ca_wb_1785749,ctr_wb_1785749,awd_wb_1785749,src_worldbank_finances1,file_worldbank_ds00005_001,77713
ca_wb_1785770,ctr_wb_1785770,awd_wb_1785770,src_worldbank_finances1,file_worldbank_ds00005_001,77712
ca_wb_1785794,ctr_wb_1785794,awd_wb_1785794,src_worldbank_finances1,file_worldbank_ds00005_001,77320
ca_wb_1785859,ctr_wb_1785859,awd_wb_1785859,src_worldbank_finances1,file_worldbank_ds00005_001,76736
ca_wb_1785870,ctr_wb_1785870,awd_wb_1785870,src_worldbank_finances1,file_worldbank_ds00005_001,77319
ca_wb_1785879,ctr_wb_1785879,awd_wb_1785879,src_worldbank_finances1,file_worldbank_ds00005_001,76735
ca_wb_1785883,ctr_wb_1785883,awd_wb_1785883,src_worldbank_finances1,file_worldbank_ds00005_001,76734
ca_wb_1785885,ctr_wb_1785885,awd_wb_1785885,src_worldbank_finances1,file_worldbank_ds00005_001,76733
ca_wb_1785952,ctr_wb_1785952,awd_wb_1785952,src_worldbank_finances1,file_worldbank_ds00005_001,77191
ca_wb_1785957,ctr_wb_1785957,awd_wb_1785957,src_worldbank_finances1,file_worldbank_ds00005_001,76732
ca_wb_1785992,ctr_wb_1785992,awd_wb_1785992,src_worldbank_finances1,file_worldbank_ds00005_001,76731
ca_wb_1786024,ctr_wb_1786024,awd_wb_1786024,src_worldbank_finances1,file_worldbank_ds00005_001,77190
ca_wb_1786026,ctr_wb_1786026,awd_wb_1786026,src_worldbank_finances1,file_worldbank_ds00005_001,77059
ca_wb_1786041,ctr_wb_1786041,awd_wb_1786041,src_worldbank_finances1,file_worldbank_ds00005_001,77318
ca_wb_1786047,ctr_wb_1786047,awd_wb_1786047,src_worldbank_finances1,file_worldbank_ds00005_001,77189
ca_wb_1786049,ctr_wb_1786049,awd_wb_1786049,src_worldbank_finances1,file_worldbank_ds00005_001,77711
ca_wb_1786062,ctr_wb_1786062,awd_wb_1786062,src_worldbank_finances1,file_worldbank_ds00005_001,77188
ca_wb_1786076,ctr_wb_1786076,awd_wb_1786076,src_worldbank_finances1,file_worldbank_ds00005_001,77710
ca_wb_1786088,ctr_wb_1786088,awd_wb_1786088,src_worldbank_finances1,file_worldbank_ds00005_001,77709
ca_wb_1786105,ctr_wb_1786105,awd_wb_1786105,src_worldbank_finances1,file_worldbank_ds00005_001,77708
ca_wb_1786156,ctr_wb_1786156,awd_wb_1786156,src_worldbank_finances1,file_worldbank_ds00005_001,76730
ca_wb_1786159,ctr_wb_1786159,awd_wb_1786159,src_worldbank_finances1,file_worldbank_ds00005_001,76729
ca_wb_1786164,ctr_wb_1786164,awd_wb_1786164,src_worldbank_finances1,file_worldbank_ds00005_001,77058
ca_wb_1786169,ctr_wb_1786169,awd_wb_1786169,src_worldbank_finances1,file_worldbank_ds00005_001,77707
ca_wb_1786186,ctr_wb_1786186,awd_wb_1786186,src_worldbank_finances1,file_worldbank_ds00005_001,76479
ca_wb_1786204,ctr_wb_1786204,awd_wb_1786204,src_worldbank_finances1,file_worldbank_ds00005_001,77317
ca_wb_1786210,ctr_wb_1786210,awd_wb_1786210,src_worldbank_finances1,file_worldbank_ds00005_001,77187
ca_wb_1786240,ctr_wb_1786240,awd_wb_1786240,src_worldbank_finances1,file_worldbank_ds00005_001,77186
ca_wb_1786344,ctr_wb_1786344,awd_wb_1786344,src_worldbank_finances1,file_worldbank_ds00005_001,76478
ca_wb_1786345,ctr_wb_1786345,awd_wb_1786345,src_worldbank_finances1,file_worldbank_ds00005_001,76477
ca_wb_1786353,ctr_wb_1786353,awd_wb_1786353,src_worldbank_finances1,file_worldbank_ds00005_001,76346
ca_wb_1786368,ctr_wb_1786368,awd_wb_1786368,src_worldbank_finances1,file_worldbank_ds00005_001,77706
ca_wb_1786370,ctr_wb_1786370,awd_wb_1786370,src_worldbank_finances1,file_worldbank_ds00005_001,77705
ca_wb_1786396,ctr_wb_1786396,awd_wb_1786396,src_worldbank_finances1,file_worldbank_ds00005_001,76921
ca_wb_1786411,ctr_wb_1786411,awd_wb_1786411,src_worldbank_finances1,file_worldbank_ds00005_001,77704
ca_wb_1786412,ctr_wb_1786412,awd_wb_1786412,src_worldbank_finances1,file_worldbank_ds00005_001,77316
ca_wb_1786431,ctr_wb_1786431,awd_wb_1786431,src_worldbank_finances1,file_worldbank_ds00005_001,76345
ca_wb_1786524,ctr_wb_1786524,awd_wb_1786524,src_worldbank_finances1,file_worldbank_ds00005_001,76728
ca_wb_1786537,ctr_wb_1786537,awd_wb_1786537,src_worldbank_finances1,file_worldbank_ds00005_001,76727
ca_wb_1786541,ctr_wb_1786541,awd_wb_1786541,src_worldbank_finances1,file_worldbank_ds00005_001,77185
ca_wb_1786542,ctr_wb_1786542,awd_wb_1786542,src_worldbank_finances1,file_worldbank_ds00005_001,77184
ca_wb_1786559,ctr_wb_1786559,awd_wb_1786559,src_worldbank_finances1,file_worldbank_ds00005_001,76344
ca_wb_1786575,ctr_wb_1786575,awd_wb_1786575,src_worldbank_finances1,file_worldbank_ds00005_001,77183
ca_wb_1786576,ctr_wb_1786576,awd_wb_1786576,src_worldbank_finances1,file_worldbank_ds00005_001,76343
ca_wb_1786606,ctr_wb_1786606,awd_wb_1786606,src_worldbank_finances1,file_worldbank_ds00005_001,76920
ca_wb_1786673,ctr_wb_1786673,awd_wb_1786673,src_worldbank_finances1,file_worldbank_ds00005_001,76476
ca_wb_1786698,ctr_wb_1786698,awd_wb_1786698,src_worldbank_finances1,file_worldbank_ds00005_001,77315
ca_wb_1786715,ctr_wb_1786715,awd_wb_1786715,src_worldbank_finances1,file_worldbank_ds00005_001,76474
ca_wb_1786718,ctr_wb_1786718,awd_wb_1786718,src_worldbank_finances1,file_worldbank_ds00005_001,77057
ca_wb_1786739,ctr_wb_1786739,awd_wb_1786739,src_worldbank_finances1,file_worldbank_ds00005_001,77703
ca_wb_1786761,ctr_wb_1786761,awd_wb_1786761,src_worldbank_finances1,file_worldbank_ds00005_001,76222
ca_wb_1786803,ctr_wb_1786803,awd_wb_1786803,src_worldbank_finances1,file_worldbank_ds00005_001,76570
ca_wb_1786816,ctr_wb_1786816,awd_wb_1786816,src_worldbank_finances1,file_worldbank_ds00005_001,76473
ca_wb_1786825,ctr_wb_1786825,awd_wb_1786825,src_worldbank_finances1,file_worldbank_ds00005_001,77702
ca_wb_1786827,ctr_wb_1786827,awd_wb_1786827,src_worldbank_finances1,file_worldbank_ds00005_001,76726
ca_wb_1786832,ctr_wb_1786832,awd_wb_1786832,src_worldbank_finances1,file_worldbank_ds00005_001,76919
ca_wb_1786838,ctr_wb_1786838,awd_wb_1786838,src_worldbank_finances1,file_worldbank_ds00005_001,76917
ca_wb_1786847,ctr_wb_1786847,awd_wb_1786847,src_worldbank_finances1,file_worldbank_ds00005_001,76472
ca_wb_1786849,ctr_wb_1786849,awd_wb_1786849,src_worldbank_finances1,file_worldbank_ds00005_001,76725
ca_wb_1786850,ctr_wb_1786850,awd_wb_1786850,src_worldbank_finances1,file_worldbank_ds00005_001,76471
ca_wb_1786852,ctr_wb_1786852,awd_wb_1786852,src_worldbank_finances1,file_worldbank_ds00005_001,76470
ca_wb_1786872,ctr_wb_1786872,awd_wb_1786872,src_worldbank_finances1,file_worldbank_ds00005_001,76567
ca_wb_1786874,ctr_wb_1786874,awd_wb_1786874,src_worldbank_finances1,file_worldbank_ds00005_001,76221
ca_wb_1786880,ctr_wb_1786880,awd_wb_1786880,src_worldbank_finances1,file_worldbank_ds00005_001,77314
ca_wb_1786884,ctr_wb_1786884,awd_wb_1786884,src_worldbank_finances1,file_worldbank_ds00005_001,77701
ca_wb_1786901,ctr_wb_1786901,awd_wb_1786901,src_worldbank_finances1,file_worldbank_ds00005_001,77700
ca_wb_1786919,ctr_wb_1786919,awd_wb_1786919,src_worldbank_finances1,file_worldbank_ds00005_001,76469
ca_wb_1786921,ctr_wb_1786921,awd_wb_1786921,src_worldbank_finances1,file_worldbank_ds00005_001,76468
ca_wb_1786936,ctr_wb_1786936,awd_wb_1786936,src_worldbank_finances1,file_worldbank_ds00005_001,76341
ca_wb_1786937,ctr_wb_1786937,awd_wb_1786937,src_worldbank_finances1,file_worldbank_ds00005_001,76339
ca_wb_1786939,ctr_wb_1786939,awd_wb_1786939,src_worldbank_finances1,file_worldbank_ds00005_001,76337
ca_wb_1786940,ctr_wb_1786940,awd_wb_1786940,src_worldbank_finances1,file_worldbank_ds00005_001,76335
ca_wb_1786956,ctr_wb_1786956,awd_wb_1786956,src_worldbank_finances1,file_worldbank_ds00005_001,76220
ca_wb_1786957,ctr_wb_1786957,awd_wb_1786957,src_worldbank_finances1,file_worldbank_ds00005_001,76219
ca_wb_1786973,ctr_wb_1786973,awd_wb_1786973,src_worldbank_finances1,file_worldbank_ds00005_001,76743
ca_wb_1786990,ctr_wb_1786990,awd_wb_1786990,src_worldbank_finances1,file_worldbank_ds00005_001,76566
ca_wb_1786991,ctr_wb_1786991,awd_wb_1786991,src_worldbank_finances1,file_worldbank_ds00005_001,76565
ca_wb_1787032,ctr_wb_1787032,awd_wb_1787032,src_worldbank_finances1,file_worldbank_ds00005_001,76467
ca_wb_1787033,ctr_wb_1787033,awd_wb_1787033,src_worldbank_finances1,file_worldbank_ds00005_001,77699
ca_wb_1787038,ctr_wb_1787038,awd_wb_1787038,src_worldbank_finances1,file_worldbank_ds00005_001,76218
ca_wb_1787041,ctr_wb_1787041,awd_wb_1787041,src_worldbank_finances1,file_worldbank_ds00005_001,76334
ca_wb_1787072,ctr_wb_1787072,awd_wb_1787072,src_worldbank_finances1,file_worldbank_ds00005_001,76089
ca_wb_1787083,ctr_wb_1787083,awd_wb_1787083,src_worldbank_finances1,file_worldbank_ds00005_001,76216
ca_wb_1787094,ctr_wb_1787094,awd_wb_1787094,src_worldbank_finances1,file_worldbank_ds00005_001,77698
ca_wb_1787135,ctr_wb_1787135,awd_wb_1787135,src_worldbank_finances1,file_worldbank_ds00005_001,76916
ca_wb_1787136,ctr_wb_1787136,awd_wb_1787136,src_worldbank_finances1,file_worldbank_ds00005_001,76915
ca_wb_1787159,ctr_wb_1787159,awd_wb_1787159,src_worldbank_finances1,file_worldbank_ds00005_001,77697
ca_wb_1787161,ctr_wb_1787161,awd_wb_1787161,src_worldbank_finances1,file_worldbank_ds00005_001,76088
ca_wb_1787162,ctr_wb_1787162,awd_wb_1787162,src_worldbank_finances1,file_worldbank_ds00005_001,77696
ca_wb_1787163,ctr_wb_1787163,awd_wb_1787163,src_worldbank_finances1,file_worldbank_ds00005_001,76087
ca_wb_1787164,ctr_wb_1787164,awd_wb_1787164,src_worldbank_finances1,file_worldbank_ds00005_001,76724
ca_wb_1787166,ctr_wb_1787166,awd_wb_1787166,src_worldbank_finances1,file_worldbank_ds00005_001,76086
ca_wb_1787168,ctr_wb_1787168,awd_wb_1787168,src_worldbank_finances1,file_worldbank_ds00005_001,76085
ca_wb_1787191,ctr_wb_1787191,awd_wb_1787191,src_worldbank_finances1,file_worldbank_ds00005_001,76333
ca_wb_1787199,ctr_wb_1787199,awd_wb_1787199,src_worldbank_finances1,file_worldbank_ds00005_001,77182
ca_wb_1787231,ctr_wb_1787231,awd_wb_1787231,src_worldbank_finances1,file_worldbank_ds00005_001,77056
ca_wb_1787259,ctr_wb_1787259,awd_wb_1787259,src_worldbank_finances1,file_worldbank_ds00005_001,77313
ca_wb_1787296,ctr_wb_1787296,awd_wb_1787296,src_worldbank_finances1,file_worldbank_ds00005_001,76914
ca_wb_1787305,ctr_wb_1787305,awd_wb_1787305,src_worldbank_finances1,file_worldbank_ds00005_001,76466
ca_wb_1787350,ctr_wb_1787350,awd_wb_1787350,src_worldbank_finances1,file_worldbank_ds00005_001,76332
ca_wb_1787358,ctr_wb_1787358,awd_wb_1787358,src_worldbank_finances1,file_worldbank_ds00005_001,76913
ca_wb_1787371,ctr_wb_1787371,awd_wb_1787371,src_worldbank_finances1,file_worldbank_ds00005_001,76912
ca_wb_1787379,ctr_wb_1787379,awd_wb_1787379,src_worldbank_finances1,file_worldbank_ds00005_001,75878
ca_wb_1787397,ctr_wb_1787397,awd_wb_1787397,src_worldbank_finances1,file_worldbank_ds00005_001,77695
ca_wb_1787399,ctr_wb_1787399,awd_wb_1787399,src_worldbank_finances1,file_worldbank_ds00005_001,77694
ca_wb_1787400,ctr_wb_1787400,awd_wb_1787400,src_worldbank_finances1,file_worldbank_ds00005_001,77693
ca_wb_1787403,ctr_wb_1787403,awd_wb_1787403,src_worldbank_finances1,file_worldbank_ds00005_001,76465
ca_wb_1787410,ctr_wb_1787410,awd_wb_1787410,src_worldbank_finances1,file_worldbank_ds00005_001,77692
ca_wb_1787412,ctr_wb_1787412,awd_wb_1787412,src_worldbank_finances1,file_worldbank_ds00005_001,77691
ca_wb_1787413,ctr_wb_1787413,awd_wb_1787413,src_worldbank_finances1,file_worldbank_ds00005_001,77690
ca_wb_1787414,ctr_wb_1787414,awd_wb_1787414,src_worldbank_finances1,file_worldbank_ds00005_001,77689
ca_wb_1787415,ctr_wb_1787415,awd_wb_1787415,src_worldbank_finances1,file_worldbank_ds00005_001,77688
ca_wb_1787416,ctr_wb_1787416,awd_wb_1787416,src_worldbank_finances1,file_worldbank_ds00005_001,77687
ca_wb_1787417,ctr_wb_1787417,awd_wb_1787417,src_worldbank_finances1,file_worldbank_ds00005_001,77686
ca_wb_1787420,ctr_wb_1787420,awd_wb_1787420,src_worldbank_finances1,file_worldbank_ds00005_001,77685
ca_wb_1787421,ctr_wb_1787421,awd_wb_1787421,src_worldbank_finances1,file_worldbank_ds00005_001,76215
ca_wb_1787422,ctr_wb_1787422,awd_wb_1787422,src_worldbank_finances1,file_worldbank_ds00005_001,77684
ca_wb_1787423,ctr_wb_1787423,awd_wb_1787423,src_worldbank_finances1,file_worldbank_ds00005_001,77683
ca_wb_1787452,ctr_wb_1787452,awd_wb_1787452,src_worldbank_finances1,file_worldbank_ds00005_001,75877
ca_wb_1787460,ctr_wb_1787460,awd_wb_1787460,src_worldbank_finances1,file_worldbank_ds00005_001,76084
ca_wb_1787462,ctr_wb_1787462,awd_wb_1787462,src_worldbank_finances1,file_worldbank_ds00005_001,77682
ca_wb_1787465,ctr_wb_1787465,awd_wb_1787465,src_worldbank_finances1,file_worldbank_ds00005_001,76331
ca_wb_1787468,ctr_wb_1787468,awd_wb_1787468,src_worldbank_finances1,file_worldbank_ds00005_001,77681
ca_wb_1787471,ctr_wb_1787471,awd_wb_1787471,src_worldbank_finances1,file_worldbank_ds00005_001,75876
ca_wb_1787472,ctr_wb_1787472,awd_wb_1787472,src_worldbank_finances1,file_worldbank_ds00005_001,77680
ca_wb_1787474,ctr_wb_1787474,awd_wb_1787474,src_worldbank_finances1,file_worldbank_ds00005_001,77679
ca_wb_1787479,ctr_wb_1787479,awd_wb_1787479,src_worldbank_finances1,file_worldbank_ds00005_001,77678
ca_wb_1787482,ctr_wb_1787482,awd_wb_1787482,src_worldbank_finances1,file_worldbank_ds00005_001,77677
ca_wb_1787485,ctr_wb_1787485,awd_wb_1787485,src_worldbank_finances1,file_worldbank_ds00005_001,77312
ca_wb_1787488,ctr_wb_1787488,awd_wb_1787488,src_worldbank_finances1,file_worldbank_ds00005_001,76564
ca_wb_1787502,ctr_wb_1787502,awd_wb_1787502,src_worldbank_finances1,file_worldbank_ds00005_001,76083
ca_wb_1787554,ctr_wb_1787554,awd_wb_1787554,src_worldbank_finances1,file_worldbank_ds00005_001,75875
ca_wb_1787561,ctr_wb_1787561,awd_wb_1787561,src_worldbank_finances1,file_worldbank_ds00005_001,76082
ca_wb_1787578,ctr_wb_1787578,awd_wb_1787578,src_worldbank_finances1,file_worldbank_ds00005_001,77676
ca_wb_1787581,ctr_wb_1787581,awd_wb_1787581,src_worldbank_finances1,file_worldbank_ds00005_001,77675
ca_wb_1787585,ctr_wb_1787585,awd_wb_1787585,src_worldbank_finances1,file_worldbank_ds00005_001,77674
ca_wb_1787587,ctr_wb_1787587,awd_wb_1787587,src_worldbank_finances1,file_worldbank_ds00005_001,77673
ca_wb_1787589,ctr_wb_1787589,awd_wb_1787589,src_worldbank_finances1,file_worldbank_ds00005_001,77672
ca_wb_1787595,ctr_wb_1787595,awd_wb_1787595,src_worldbank_finances1,file_worldbank_ds00005_001,77671
ca_wb_1787596,ctr_wb_1787596,awd_wb_1787596,src_worldbank_finances1,file_worldbank_ds00005_001,77670
ca_wb_1787599,ctr_wb_1787599,awd_wb_1787599,src_worldbank_finances1,file_worldbank_ds00005_001,77669
ca_wb_1787600,ctr_wb_1787600,awd_wb_1787600,src_worldbank_finances1,file_worldbank_ds00005_001,77668
ca_wb_1787601,ctr_wb_1787601,awd_wb_1787601,src_worldbank_finances1,file_worldbank_ds00005_001,76330
ca_wb_1787604,ctr_wb_1787604,awd_wb_1787604,src_worldbank_finances1,file_worldbank_ds00005_001,75746
ca_wb_1787605,ctr_wb_1787605,awd_wb_1787605,src_worldbank_finances1,file_worldbank_ds00005_001,77667
ca_wb_1787608,ctr_wb_1787608,awd_wb_1787608,src_worldbank_finances1,file_worldbank_ds00005_001,75874
ca_wb_1787610,ctr_wb_1787610,awd_wb_1787610,src_worldbank_finances1,file_worldbank_ds00005_001,77666
ca_wb_1787613,ctr_wb_1787613,awd_wb_1787613,src_worldbank_finances1,file_worldbank_ds00005_001,77665
ca_wb_1787616,ctr_wb_1787616,awd_wb_1787616,src_worldbank_finances1,file_worldbank_ds00005_001,77664
ca_wb_1787617,ctr_wb_1787617,awd_wb_1787617,src_worldbank_finances1,file_worldbank_ds00005_001,77663
ca_wb_1787620,ctr_wb_1787620,awd_wb_1787620,src_worldbank_finances1,file_worldbank_ds00005_001,77662
ca_wb_1787621,ctr_wb_1787621,awd_wb_1787621,src_worldbank_finances1,file_worldbank_ds00005_001,77661
ca_wb_1787623,ctr_wb_1787623,awd_wb_1787623,src_worldbank_finances1,file_worldbank_ds00005_001,77660
ca_wb_1787625,ctr_wb_1787625,awd_wb_1787625,src_worldbank_finances1,file_worldbank_ds00005_001,77659
ca_wb_1787629,ctr_wb_1787629,awd_wb_1787629,src_worldbank_finances1,file_worldbank_ds00005_001,76081
ca_wb_1787630,ctr_wb_1787630,awd_wb_1787630,src_worldbank_finances1,file_worldbank_ds00005_001,77658
ca_wb_1787631,ctr_wb_1787631,awd_wb_1787631,src_worldbank_finances1,file_worldbank_ds00005_001,77657
ca_wb_1787632,ctr_wb_1787632,awd_wb_1787632,src_worldbank_finances1,file_worldbank_ds00005_001,77656
ca_wb_1787633,ctr_wb_1787633,awd_wb_1787633,src_worldbank_finances1,file_worldbank_ds00005_001,77655
ca_wb_1787634,ctr_wb_1787634,awd_wb_1787634,src_worldbank_finances1,file_worldbank_ds00005_001,77654
ca_wb_1787637,ctr_wb_1787637,awd_wb_1787637,src_worldbank_finances1,file_worldbank_ds00005_001,75745
ca_wb_1787670,ctr_wb_1787670,awd_wb_1787670,src_worldbank_finances1,file_worldbank_ds00005_001,76723
ca_wb_1787674,ctr_wb_1787674,awd_wb_1787674,src_worldbank_finances1,file_worldbank_ds00005_001,76722
ca_wb_1787676,ctr_wb_1787676,awd_wb_1787676,src_worldbank_finances1,file_worldbank_ds00005_001,76721
ca_wb_1787687,ctr_wb_1787687,awd_wb_1787687,src_worldbank_finances1,file_worldbank_ds00005_001,76080
ca_wb_1787704,ctr_wb_1787704,awd_wb_1787704,src_worldbank_finances1,file_worldbank_ds00005_001,76464
ca_wb_1787711,ctr_wb_1787711,awd_wb_1787711,src_worldbank_finances1,file_worldbank_ds00005_001,76720
ca_wb_1787714,ctr_wb_1787714,awd_wb_1787714,src_worldbank_finances1,file_worldbank_ds00005_001,76719
ca_wb_1787726,ctr_wb_1787726,awd_wb_1787726,src_worldbank_finances1,file_worldbank_ds00005_001,75873
ca_wb_1787734,ctr_wb_1787734,awd_wb_1787734,src_worldbank_finances1,file_worldbank_ds00005_001,75744
ca_wb_1787749,ctr_wb_1787749,awd_wb_1787749,src_worldbank_finances1,file_worldbank_ds00005_001,77055
ca_wb_1787753,ctr_wb_1787753,awd_wb_1787753,src_worldbank_finances1,file_worldbank_ds00005_001,77054
ca_wb_1787755,ctr_wb_1787755,awd_wb_1787755,src_worldbank_finances1,file_worldbank_ds00005_001,77053
ca_wb_1787757,ctr_wb_1787757,awd_wb_1787757,src_worldbank_finances1,file_worldbank_ds00005_001,77181
ca_wb_1787760,ctr_wb_1787760,awd_wb_1787760,src_worldbank_finances1,file_worldbank_ds00005_001,76214
ca_wb_1787762,ctr_wb_1787762,awd_wb_1787762,src_worldbank_finances1,file_worldbank_ds00005_001,77180
ca_wb_1787767,ctr_wb_1787767,awd_wb_1787767,src_worldbank_finances1,file_worldbank_ds00005_001,76911
ca_wb_1787786,ctr_wb_1787786,awd_wb_1787786,src_worldbank_finances1,file_worldbank_ds00005_001,77052
ca_wb_1787796,ctr_wb_1787796,awd_wb_1787796,src_worldbank_finances1,file_worldbank_ds00005_001,76463
ca_wb_1787828,ctr_wb_1787828,awd_wb_1787828,src_worldbank_finances1,file_worldbank_ds00005_001,77653
ca_wb_1787832,ctr_wb_1787832,awd_wb_1787832,src_worldbank_finances1,file_worldbank_ds00005_001,77051
ca_wb_1787834,ctr_wb_1787834,awd_wb_1787834,src_worldbank_finances1,file_worldbank_ds00005_001,76718
ca_wb_1787840,ctr_wb_1787840,awd_wb_1787840,src_worldbank_finances1,file_worldbank_ds00005_001,75635
ca_wb_1787855,ctr_wb_1787855,awd_wb_1787855,src_worldbank_finances1,file_worldbank_ds00005_001,75743
ca_wb_1787869,ctr_wb_1787869,awd_wb_1787869,src_worldbank_finances1,file_worldbank_ds00005_001,75742
ca_wb_1787874,ctr_wb_1787874,awd_wb_1787874,src_worldbank_finances1,file_worldbank_ds00005_001,76462
ca_wb_1787876,ctr_wb_1787876,awd_wb_1787876,src_worldbank_finances1,file_worldbank_ds00005_001,75741
ca_wb_1787882,ctr_wb_1787882,awd_wb_1787882,src_worldbank_finances1,file_worldbank_ds00005_001,75872
ca_wb_1787886,ctr_wb_1787886,awd_wb_1787886,src_worldbank_finances1,file_worldbank_ds00005_001,76079
ca_wb_1787901,ctr_wb_1787901,awd_wb_1787901,src_worldbank_finances1,file_worldbank_ds00005_001,77311
ca_wb_1787902,ctr_wb_1787902,awd_wb_1787902,src_worldbank_finances1,file_worldbank_ds00005_001,76078
ca_wb_1787917,ctr_wb_1787917,awd_wb_1787917,src_worldbank_finances1,file_worldbank_ds00005_001,76077
ca_wb_1787919,ctr_wb_1787919,awd_wb_1787919,src_worldbank_finances1,file_worldbank_ds00005_001,76329
ca_wb_1787920,ctr_wb_1787920,awd_wb_1787920,src_worldbank_finances1,file_worldbank_ds00005_001,76328
ca_wb_1787921,ctr_wb_1787921,awd_wb_1787921,src_worldbank_finances1,file_worldbank_ds00005_001,76076
ca_wb_1787923,ctr_wb_1787923,awd_wb_1787923,src_worldbank_finances1,file_worldbank_ds00005_001,76075
ca_wb_1787929,ctr_wb_1787929,awd_wb_1787929,src_worldbank_finances1,file_worldbank_ds00005_001,76213
ca_wb_1787932,ctr_wb_1787932,awd_wb_1787932,src_worldbank_finances1,file_worldbank_ds00005_001,77310
ca_wb_1787945,ctr_wb_1787945,awd_wb_1787945,src_worldbank_finances1,file_worldbank_ds00005_001,76212
ca_wb_1787947,ctr_wb_1787947,awd_wb_1787947,src_worldbank_finances1,file_worldbank_ds00005_001,75871
ca_wb_1787953,ctr_wb_1787953,awd_wb_1787953,src_worldbank_finances1,file_worldbank_ds00005_001,75494
ca_wb_1787961,ctr_wb_1787961,awd_wb_1787961,src_worldbank_finances1,file_worldbank_ds00005_001,76910
ca_wb_1787970,ctr_wb_1787970,awd_wb_1787970,src_worldbank_finances1,file_worldbank_ds00005_001,76909
ca_wb_1787989,ctr_wb_1787989,awd_wb_1787989,src_worldbank_finances1,file_worldbank_ds00005_001,77309
ca_wb_1787998,ctr_wb_1787998,awd_wb_1787998,src_worldbank_finances1,file_worldbank_ds00005_001,77050
ca_wb_1788002,ctr_wb_1788002,awd_wb_1788002,src_worldbank_finances1,file_worldbank_ds00005_001,76074
ca_wb_1788009,ctr_wb_1788009,awd_wb_1788009,src_worldbank_finances1,file_worldbank_ds00005_001,76073
ca_wb_1788011,ctr_wb_1788011,awd_wb_1788011,src_worldbank_finances1,file_worldbank_ds00005_001,77179
ca_wb_1788018,ctr_wb_1788018,awd_wb_1788018,src_worldbank_finances1,file_worldbank_ds00005_001,76072
ca_wb_1788019,ctr_wb_1788019,awd_wb_1788019,src_worldbank_finances1,file_worldbank_ds00005_001,76071
ca_wb_1788020,ctr_wb_1788020,awd_wb_1788020,src_worldbank_finances1,file_worldbank_ds00005_001,75870
ca_wb_1788021,ctr_wb_1788021,awd_wb_1788021,src_worldbank_finances1,file_worldbank_ds00005_001,77178
ca_wb_1788026,ctr_wb_1788026,awd_wb_1788026,src_worldbank_finances1,file_worldbank_ds00005_001,75740
ca_wb_1788037,ctr_wb_1788037,awd_wb_1788037,src_worldbank_finances1,file_worldbank_ds00005_001,76211
ca_wb_1788046,ctr_wb_1788046,awd_wb_1788046,src_worldbank_finances1,file_worldbank_ds00005_001,76070
ca_wb_1788070,ctr_wb_1788070,awd_wb_1788070,src_worldbank_finances1,file_worldbank_ds00005_001,77652
ca_wb_1788071,ctr_wb_1788071,awd_wb_1788071,src_worldbank_finances1,file_worldbank_ds00005_001,77651
ca_wb_1788074,ctr_wb_1788074,awd_wb_1788074,src_worldbank_finances1,file_worldbank_ds00005_001,76563
ca_wb_1788075,ctr_wb_1788075,awd_wb_1788075,src_worldbank_finances1,file_worldbank_ds00005_001,76562
ca_wb_1788076,ctr_wb_1788076,awd_wb_1788076,src_worldbank_finances1,file_worldbank_ds00005_001,76561
ca_wb_1788092,ctr_wb_1788092,awd_wb_1788092,src_worldbank_finances1,file_worldbank_ds00005_001,75634
ca_wb_1788094,ctr_wb_1788094,awd_wb_1788094,src_worldbank_finances1,file_worldbank_ds00005_001,75493
ca_wb_1788097,ctr_wb_1788097,awd_wb_1788097,src_worldbank_finances1,file_worldbank_ds00005_001,75739
ca_wb_1788106,ctr_wb_1788106,awd_wb_1788106,src_worldbank_finances1,file_worldbank_ds00005_001,75492
ca_wb_1788108,ctr_wb_1788108,awd_wb_1788108,src_worldbank_finances1,file_worldbank_ds00005_001,75491
ca_wb_1788110,ctr_wb_1788110,awd_wb_1788110,src_worldbank_finances1,file_worldbank_ds00005_001,75490
ca_wb_1788111,ctr_wb_1788111,awd_wb_1788111,src_worldbank_finances1,file_worldbank_ds00005_001,75489
ca_wb_1788112,ctr_wb_1788112,awd_wb_1788112,src_worldbank_finances1,file_worldbank_ds00005_001,76069
ca_wb_1788115,ctr_wb_1788115,awd_wb_1788115,src_worldbank_finances1,file_worldbank_ds00005_001,77650
ca_wb_1788126,ctr_wb_1788126,awd_wb_1788126,src_worldbank_finances1,file_worldbank_ds00005_001,75738
ca_wb_1788133,ctr_wb_1788133,awd_wb_1788133,src_worldbank_finances1,file_worldbank_ds00005_001,76327
ca_wb_1788143,ctr_wb_1788143,awd_wb_1788143,src_worldbank_finances1,file_worldbank_ds00005_001,75633
ca_wb_1788145,ctr_wb_1788145,awd_wb_1788145,src_worldbank_finances1,file_worldbank_ds00005_001,76461
ca_wb_1788147,ctr_wb_1788147,awd_wb_1788147,src_worldbank_finances1,file_worldbank_ds00005_001,75632
ca_wb_1788148,ctr_wb_1788148,awd_wb_1788148,src_worldbank_finances1,file_worldbank_ds00005_001,76717
ca_wb_1788151,ctr_wb_1788151,awd_wb_1788151,src_worldbank_finances1,file_worldbank_ds00005_001,75737
ca_wb_1788158,ctr_wb_1788158,awd_wb_1788158,src_worldbank_finances1,file_worldbank_ds00005_001,76068
ca_wb_1788163,ctr_wb_1788163,awd_wb_1788163,src_worldbank_finances1,file_worldbank_ds00005_001,77308
ca_wb_1788172,ctr_wb_1788172,awd_wb_1788172,src_worldbank_finances1,file_worldbank_ds00005_001,75488
ca_wb_1788173,ctr_wb_1788173,awd_wb_1788173,src_worldbank_finances1,file_worldbank_ds00005_001,76716
ca_wb_1788185,ctr_wb_1788185,awd_wb_1788185,src_worldbank_finances1,file_worldbank_ds00005_001,76067
ca_wb_1788226,ctr_wb_1788226,awd_wb_1788226,src_worldbank_finances1,file_worldbank_ds00005_001,75331
ca_wb_1788227,ctr_wb_1788227,awd_wb_1788227,src_worldbank_finances1,file_worldbank_ds00005_001,76066
ca_wb_1788251,ctr_wb_1788251,awd_wb_1788251,src_worldbank_finances1,file_worldbank_ds00005_001,77049
ca_wb_1788256,ctr_wb_1788256,awd_wb_1788256,src_worldbank_finances1,file_worldbank_ds00005_001,75330
ca_wb_1788272,ctr_wb_1788272,awd_wb_1788272,src_worldbank_finances1,file_worldbank_ds00005_001,76715
ca_wb_1788291,ctr_wb_1788291,awd_wb_1788291,src_worldbank_finances1,file_worldbank_ds00005_001,77307
ca_wb_1788295,ctr_wb_1788295,awd_wb_1788295,src_worldbank_finances1,file_worldbank_ds00005_001,76714
ca_wb_1788312,ctr_wb_1788312,awd_wb_1788312,src_worldbank_finances1,file_worldbank_ds00005_001,75869
ca_wb_1788316,ctr_wb_1788316,awd_wb_1788316,src_worldbank_finances1,file_worldbank_ds00005_001,75868
ca_wb_1788321,ctr_wb_1788321,awd_wb_1788321,src_worldbank_finances1,file_worldbank_ds00005_001,77649
ca_wb_1788323,ctr_wb_1788323,awd_wb_1788323,src_worldbank_finances1,file_worldbank_ds00005_001,75867
ca_wb_1788343,ctr_wb_1788343,awd_wb_1788343,src_worldbank_finances1,file_worldbank_ds00005_001,75329
ca_wb_1788345,ctr_wb_1788345,awd_wb_1788345,src_worldbank_finances1,file_worldbank_ds00005_001,77306
ca_wb_1788356,ctr_wb_1788356,awd_wb_1788356,src_worldbank_finances1,file_worldbank_ds00005_001,77177
ca_wb_1788359,ctr_wb_1788359,awd_wb_1788359,src_worldbank_finances1,file_worldbank_ds00005_001,76460
ca_wb_1788360,ctr_wb_1788360,awd_wb_1788360,src_worldbank_finances1,file_worldbank_ds00005_001,77648
ca_wb_1788364,ctr_wb_1788364,awd_wb_1788364,src_worldbank_finances1,file_worldbank_ds00005_001,77176
ca_wb_1788378,ctr_wb_1788378,awd_wb_1788378,src_worldbank_finances1,file_worldbank_ds00005_001,76065
ca_wb_1788390,ctr_wb_1788390,awd_wb_1788390,src_worldbank_finances1,file_worldbank_ds00005_001,77175
ca_wb_1788391,ctr_wb_1788391,awd_wb_1788391,src_worldbank_finances1,file_worldbank_ds00005_001,77174
ca_wb_1788392,ctr_wb_1788392,awd_wb_1788392,src_worldbank_finances1,file_worldbank_ds00005_001,76713
ca_wb_1788394,ctr_wb_1788394,awd_wb_1788394,src_worldbank_finances1,file_worldbank_ds00005_001,75736
ca_wb_1788395,ctr_wb_1788395,awd_wb_1788395,src_worldbank_finances1,file_worldbank_ds00005_001,77173
ca_wb_1788398,ctr_wb_1788398,awd_wb_1788398,src_worldbank_finances1,file_worldbank_ds00005_001,77305
ca_wb_1788405,ctr_wb_1788405,awd_wb_1788405,src_worldbank_finances1,file_worldbank_ds00005_001,75328
ca_wb_1788410,ctr_wb_1788410,awd_wb_1788410,src_worldbank_finances1,file_worldbank_ds00005_001,76459
ca_wb_1788418,ctr_wb_1788418,awd_wb_1788418,src_worldbank_finances1,file_worldbank_ds00005_001,76712
ca_wb_1788428,ctr_wb_1788428,awd_wb_1788428,src_worldbank_finances1,file_worldbank_ds00005_001,76064
ca_wb_1788431,ctr_wb_1788431,awd_wb_1788431,src_worldbank_finances1,file_worldbank_ds00005_001,75155
ca_wb_1788432,ctr_wb_1788432,awd_wb_1788432,src_worldbank_finances1,file_worldbank_ds00005_001,76326
ca_wb_1788439,ctr_wb_1788439,awd_wb_1788439,src_worldbank_finances1,file_worldbank_ds00005_001,75866
ca_wb_1788447,ctr_wb_1788447,awd_wb_1788447,src_worldbank_finances1,file_worldbank_ds00005_001,75487
ca_wb_1788448,ctr_wb_1788448,awd_wb_1788448,src_worldbank_finances1,file_worldbank_ds00005_001,75327
ca_wb_1788452,ctr_wb_1788452,awd_wb_1788452,src_worldbank_finances1,file_worldbank_ds00005_001,77647
ca_wb_1788473,ctr_wb_1788473,awd_wb_1788473,src_worldbank_finances1,file_worldbank_ds00005_001,76456
ca_wb_1788475,ctr_wb_1788475,awd_wb_1788475,src_worldbank_finances1,file_worldbank_ds00005_001,75326
ca_wb_1788476,ctr_wb_1788476,awd_wb_1788476,src_worldbank_finances1,file_worldbank_ds00005_001,76063
ca_wb_1788484,ctr_wb_1788484,awd_wb_1788484,src_worldbank_finances1,file_worldbank_ds00005_001,76711
ca_wb_1788488,ctr_wb_1788488,awd_wb_1788488,src_worldbank_finances1,file_worldbank_ds00005_001,76560
ca_wb_1788500,ctr_wb_1788500,awd_wb_1788500,src_worldbank_finances1,file_worldbank_ds00005_001,75325
ca_wb_1788542,ctr_wb_1788542,awd_wb_1788542,src_worldbank_finances1,file_worldbank_ds00005_001,75154
ca_wb_1788552,ctr_wb_1788552,awd_wb_1788552,src_worldbank_finances1,file_worldbank_ds00005_001,75338
ca_wb_1788579,ctr_wb_1788579,awd_wb_1788579,src_worldbank_finances1,file_worldbank_ds00005_001,75153
ca_wb_1788592,ctr_wb_1788592,awd_wb_1788592,src_worldbank_finances1,file_worldbank_ds00005_001,76455
ca_wb_1788595,ctr_wb_1788595,awd_wb_1788595,src_worldbank_finances1,file_worldbank_ds00005_001,75337
