notice_buyer_id,notice_id,buyer_id,buyer_role,source_id,source_file_id,source_record_id
nbu_00001,not_0001,buy_0001,buyer,src_ted_opendata,file_ted_0001,notice:4-2025/organisation:ORG-0001
nbu_00002,not_0002,buy_0002,buyer,src_ted_opendata,file_ted_0002,notice:5-2025/organisation:ORG-0001
nbu_00003,not_0003,buy_0003,buyer,src_ted_opendata,file_ted_0003,notice:6-2025/organisation:ORG-0001
nbu_00004,not_0004,buy_0004,buyer,src_ted_opendata,file_ted_0004,notice:7-2025/organisation:ORG-0001
nbu_00005,not_0005,buy_0005,buyer,src_ted_opendata,file_ted_0005,notice:11-2025/organisation:ORG-0001
nbu_00006,not_0006,buy_0006,buyer,src_ted_opendata,file_ted_0006,notice:12-2025/organisation:ORG-0002
nbu_00007,not_0007,buy_0007,buyer,src_ted_opendata,file_ted_0007,notice:13-2025/organisation:ORG-0001
nbu_00008,not_0008,buy_0008,buyer,src_ted_opendata,file_ted_0008,notice:17-2025/organisation:ORG-0002
nbu_00009,not_0009,buy_0009,buyer,src_ted_opendata,file_ted_0009,notice:18-2025/organisation:ORG-0004
nbu_00010,not_0010,buy_0010,buyer,src_ted_opendata,file_ted_0010,notice:19-2025/organisation:ORG-0001
nbu_00011,not_0011,buy_0011,buyer,src_ted_opendata,file_ted_0011,notice:22-2025/organisation:ORG-0001
nbu_00012,not_0012,buy_0012,buyer,src_ted_opendata,file_ted_0012,notice:23-2025/organisation:ORG-0001
nbu_00013,not_0013,buy_0013,buyer,src_ted_opendata,file_ted_0013,notice:24-2025/organisation:ORG-0001
nbu_00014,not_0014,buy_0014,buyer,src_ted_opendata,file_ted_0014,notice:25-2025/organisation:ORG-0001
nbu_00015,not_0015,buy_0015,buyer,src_ted_opendata,file_ted_0015,notice:27-2025/organisation:ORG-0001
nbu_00016,not_0016,buy_0016,buyer,src_ted_opendata,file_ted_0016,notice:28-2025/organisation:ORG-0001
nbu_00017,not_0017,buy_0017,buyer,src_ted_opendata,file_ted_0017,notice:30-2025/organisation:ORG-0001
nbu_00018,not_0018,buy_0018,buyer,src_ted_opendata,file_ted_0018,notice:31-2025/organisation:ORG-0001
nbu_00019,not_0019,buy_0019,buyer,src_ted_opendata,file_ted_0019,notice:33-2025/organisation:ORG-0001
nbu_00020,not_0020,buy_0020,buyer,src_ted_opendata,file_ted_0020,notice:37-2025/organisation:ORG-0001
nbu_00021,not_0021,buy_0004,buyer,src_ted_opendata,file_ted_0021,notice:40-2025/organisation:ORG-0001
nbu_00022,not_0022,buy_0004,buyer,src_ted_opendata,file_ted_0022,notice:42-2025/organisation:ORG-0001
nbu_00023,not_0023,buy_0021,buyer,src_ted_opendata,file_ted_0023,notice:43-2025/organisation:ORG-0002
nbu_00024,not_0024,buy_0022,buyer,src_ted_opendata,file_ted_0024,notice:44-2025/organisation:ORG-0004
nbu_00025,not_0025,buy_0023,buyer,src_ted_opendata,file_ted_0025,notice:46-2025/organisation:ORG-0001
nbu_00026,not_0026,buy_0024,buyer,src_ted_opendata,file_ted_0026,notice:48-2025/organisation:ORG-0005
nbu_00027,not_0027,buy_0025,buyer,src_ted_opendata,file_ted_0027,notice:51-2025/organisation:ORG-0001
nbu_00028,not_0028,buy_0026,buyer,src_ted_opendata,file_ted_0028,notice:54-2025/organisation:ORG-0001
nbu_00029,not_0029,buy_0027,buyer,src_ted_opendata,file_ted_0029,notice:55-2025/organisation:ORG-0001
nbu_00030,not_0030,buy_0028,buyer,src_ted_opendata,file_ted_0030,notice:57-2025/organisation:ORG-0001
nbu_00031,not_0031,buy_0029,buyer,src_ted_opendata,file_ted_0031,notice:58-2025/organisation:ORG-0001
nbu_00032,not_0032,buy_0030,buyer,src_ted_opendata,file_ted_0032,notice:60-2025/organisation:ORG-0002
nbu_00033,not_0033,buy_0031,buyer,src_ted_opendata,file_ted_0033,notice:61-2025/organisation:ORG-0002
nbu_00034,not_0034,buy_0003,buyer,src_ted_opendata,file_ted_0034,notice:62-2025/organisation:ORG-0001
nbu_00035,not_0035,buy_0020,buyer,src_ted_opendata,file_ted_0035,notice:63-2025/organisation:ORG-0001
nbu_00036,not_0036,buy_0032,buyer,src_ted_opendata,file_ted_0036,notice:66-2025/organisation:ORG-0002
nbu_00037,not_0037,buy_0033,buyer,src_ted_opendata,file_ted_0037,notice:67-2025/organisation:ORG-0001
nbu_00038,not_0038,buy_0004,buyer,src_ted_opendata,file_ted_0038,notice:68-2025/organisation:ORG-0001
nbu_00039,not_0039,buy_0034,buyer,src_ted_opendata,file_ted_0039,notice:69-2025/organisation:ORG-0001
nbu_00040,not_0040,buy_0035,buyer,src_ted_opendata,file_ted_0040,notice:71-2025/organisation:ORG-0001
nbu_00041,not_0041,buy_0036,buyer,src_ted_opendata,file_ted_0041,notice:75-2025/organisation:ORG-0001
nbu_00042,not_0042,buy_0037,buyer,src_ted_opendata,file_ted_0042,notice:76-2025/organisation:ORG-0001
nbu_00043,not_0043,buy_0038,buyer,src_ted_opendata,file_ted_0043,notice:77-2025/organisation:ORG-0004
nbu_00044,not_0044,buy_0039,buyer,src_ted_opendata,file_ted_0044,notice:78-2025/organisation:ORG-0001
nbu_00045,not_0045,buy_0040,buyer,src_ted_opendata,file_ted_0045,notice:79-2025/organisation:ORG-0001
nbu_00046,not_0046,buy_0024,buyer,src_ted_opendata,file_ted_0046,notice:80-2025/organisation:ORG-0007
nbu_00047,not_0047,buy_0041,buyer,src_ted_opendata,file_ted_0047,notice:86-2025/organisation:ORG-0001
nbu_00048,not_0048,buy_0042,buyer,src_ted_opendata,file_ted_0048,notice:87-2025/organisation:ORG-0002
nbu_00049,not_0049,buy_0043,buyer,src_ted_opendata,file_ted_0049,notice:88-2025/organisation:ORG-0003
nbu_00050,not_0050,buy_0004,buyer,src_ted_opendata,file_ted_0050,notice:92-2025/organisation:ORG-0001
nbu_00051,not_0051,buy_0044,buyer,src_ted_opendata,file_ted_0051,notice:93-2025/organisation:ORG-0001
nbu_00052,not_0052,buy_0045,buyer,src_ted_opendata,file_ted_0052,notice:96-2025/organisation:ORG-0001
nbu_00053,not_0053,buy_0046,buyer,src_ted_opendata,file_ted_0053,notice:97-2025/organisation:ORG-0001
nbu_00054,not_0054,buy_0047,buyer,src_ted_opendata,file_ted_0054,notice:99-2025/organisation:ORG-0005
nbu_00055,not_0055,buy_0048,buyer,src_ted_opendata,file_ted_0055,notice:101-2025/organisation:ORG-0001
nbu_00056,not_0056,buy_0049,buyer,src_ted_opendata,file_ted_0056,notice:102-2025/organisation:ORG-0001
nbu_00057,not_0057,buy_0050,buyer,src_ted_opendata,file_ted_0057,notice:103-2025/organisation:ORG-0001
nbu_00058,not_0058,buy_0051,buyer,src_ted_opendata,file_ted_0058,notice:106-2025/organisation:ORG-0001
nbu_00059,not_0059,buy_0052,buyer,src_ted_opendata,file_ted_0059,notice:107-2025/organisation:ORG-0001
nbu_00060,not_0060,buy_0053,buyer,src_ted_opendata,file_ted_0060,notice:109-2025/organisation:ORG-0001
nbu_00061,not_0061,buy_0054,buyer,src_ted_opendata,file_ted_0061,notice:113-2025/organisation:ORG-0001
nbu_00062,not_0062,buy_0055,buyer,src_ted_opendata,file_ted_0062,notice:117-2025/organisation:ORG-0001
nbu_00063,not_0063,buy_0004,buyer,src_ted_opendata,file_ted_0063,notice:118-2025/organisation:ORG-0001
nbu_00064,not_0064,buy_0056,buyer,src_ted_opendata,file_ted_0064,notice:119-2025/organisation:ORG-0001
nbu_00065,not_0065,buy_0057,buyer,src_ted_opendata,file_ted_0065,notice:120-2025/organisation:ORG-0001
nbu_00066,not_0066,buy_0058,buyer,src_ted_opendata,file_ted_0066,notice:123-2025/organisation:ORG-0001
nbu_00067,not_0067,buy_0059,buyer,src_ted_opendata,file_ted_0067,notice:125-2025/organisation:ORG-0001
nbu_00068,not_0068,buy_0060,buyer,src_ted_opendata,file_ted_0068,notice:127-2025/organisation:ORG-0001
nbu_00069,not_0069,buy_0061,buyer,src_ted_opendata,file_ted_0069,notice:130-2025/organisation:ORG-0001
nbu_00070,not_0070,buy_0062,buyer,src_ted_opendata,file_ted_0070,notice:134-2025/organisation:ORG-0001
nbu_00071,not_0071,buy_0063,buyer,src_ted_opendata,file_ted_0071,notice:135-2025/organisation:ORG-0001
nbu_00072,not_0072,buy_0064,buyer,src_ted_opendata,file_ted_0072,notice:136-2025/organisation:ORG-0001
nbu_00073,not_0073,buy_0065,buyer,src_ted_opendata,file_ted_0073,notice:137-2025/organisation:ORG-0001
nbu_00074,not_0074,buy_0066,buyer,src_ted_opendata,file_ted_0074,notice:144-2025/organisation:ORG-0001
nbu_00075,not_0075,buy_0067,buyer,src_ted_opendata,file_ted_0075,notice:146-2025/organisation:ORG-0001
nbu_00076,not_0076,buy_0068,buyer,src_ted_opendata,file_ted_0076,notice:148-2025/organisation:ORG-0001
nbu_00077,not_0077,buy_0069,buyer,src_ted_opendata,file_ted_0077,notice:149-2025/organisation:ORG-0001
nbu_00078,not_0078,buy_0070,buyer,src_ted_opendata,file_ted_0078,notice:150-2025/organisation:ORG-0001
nbu_00079,not_0079,buy_0071,buyer,src_ted_opendata,file_ted_0079,notice:152-2025/organisation:ORG-0001
nbu_00080,not_0080,buy_0072,buyer,src_ted_opendata,file_ted_0080,notice:153-2025/organisation:ORG-0000
nbu_00081,not_0081,buy_0073,buyer,src_ted_opendata,file_ted_0081,notice:155-2025/organisation:ORG-0001
nbu_00082,not_0082,buy_0074,buyer,src_ted_opendata,file_ted_0082,notice:156-2025/organisation:ORG-0001
nbu_00083,not_0083,buy_0075,buyer,src_ted_opendata,file_ted_0083,notice:157-2025/organisation:ORG-0001
nbu_00084,not_0084,buy_0076,buyer,src_ted_opendata,file_ted_0084,notice:159-2025/organisation:ORG-0001
nbu_00085,not_0085,buy_0077,buyer,src_ted_opendata,file_ted_0085,notice:160-2025/organisation:ORG-0001
nbu_00086,not_0086,buy_0060,buyer,src_ted_opendata,file_ted_0086,notice:163-2025/organisation:ORG-0001
nbu_00087,not_0087,buy_0078,buyer,src_ted_opendata,file_ted_0087,notice:164-2025/organisation:ORG-0001
nbu_00088,not_0088,buy_0079,buyer,src_ted_opendata,file_ted_0088,notice:167-2025/organisation:ORG-0001
nbu_00089,not_0089,buy_0080,buyer,src_ted_opendata,file_ted_0089,notice:168-2025/organisation:ORG-0001
nbu_00090,not_0090,buy_0081,buyer,src_ted_opendata,file_ted_0090,notice:170-2025/organisation:ORG-0000
nbu_00091,not_0091,buy_0082,buyer,src_ted_opendata,file_ted_0091,notice:172-2025/organisation:ORG-0001
nbu_00092,not_0092,buy_0083,buyer,src_ted_opendata,file_ted_0092,notice:175-2025/organisation:ORG-0002
nbu_00093,not_0093,buy_0084,buyer,src_ted_opendata,file_ted_0093,notice:176-2025/organisation:ORG-0002
nbu_00094,not_0094,buy_0085,buyer,src_ted_opendata,file_ted_0094,notice:177-2025/organisation:ORG-0001
nbu_00095,not_0095,buy_0086,buyer,src_ted_opendata,file_ted_0095,notice:178-2025/organisation:ORG-0001
nbu_00096,not_0096,buy_0087,buyer,src_ted_opendata,file_ted_0096,notice:179-2025/organisation:ORG-0001
nbu_00097,not_0097,buy_0004,buyer,src_ted_opendata,file_ted_0097,notice:181-2025/organisation:ORG-0001
nbu_00098,not_0098,buy_0004,buyer,src_ted_opendata,file_ted_0098,notice:182-2025/organisation:ORG-0001
nbu_00099,not_0099,buy_0088,buyer,src_ted_opendata,file_ted_0099,notice:183-2025/organisation:ORG-0002
nbu_00100,not_0100,buy_0089,buyer,src_ted_opendata,file_ted_0100,notice:185-2025/organisation:ORG-0001
nbu_00101,not_0101,buy_0090,buyer,src_ted_opendata,file_ted_0101,notice:186-2025/organisation:ORG-0001
nbu_00102,not_0102,buy_0091,buyer,src_ted_opendata,file_ted_0102,notice:187-2025/organisation:ORG-0007
nbu_00103,not_0102,buy_0092,buyer,src_ted_opendata,file_ted_0102,notice:187-2025/organisation:ORG-0008
nbu_00104,not_0102,buy_0093,buyer,src_ted_opendata,file_ted_0102,notice:187-2025/organisation:ORG-0009
nbu_00105,not_0102,buy_0094,buyer,src_ted_opendata,file_ted_0102,notice:187-2025/organisation:ORG-0003
nbu_00106,not_0102,buy_0095,buyer,src_ted_opendata,file_ted_0102,notice:187-2025/organisation:ORG-0004
nbu_00107,not_0102,buy_0096,buyer,src_ted_opendata,file_ted_0102,notice:187-2025/organisation:ORG-0005
nbu_00108,not_0102,buy_0097,buyer,src_ted_opendata,file_ted_0102,notice:187-2025/organisation:ORG-0006
nbu_00109,not_0102,buy_0098,buyer,src_ted_opendata,file_ted_0102,notice:187-2025/organisation:ORG-0010
nbu_00110,not_0102,buy_0099,buyer,src_ted_opendata,file_ted_0102,notice:187-2025/organisation:ORG-0011
nbu_00111,not_0102,buy_0100,buyer,src_ted_opendata,file_ted_0102,notice:187-2025/organisation:ORG-0012
nbu_00112,not_0103,buy_0004,buyer,src_ted_opendata,file_ted_0103,notice:190-2025/organisation:ORG-0001
nbu_00113,not_0104,buy_0101,buyer,src_ted_opendata,file_ted_0104,notice:194-2025/organisation:ORG-0002
nbu_00114,not_0105,buy_0102,buyer,src_ted_opendata,file_ted_0105,notice:196-2025/organisation:ORG-0001
nbu_00115,not_0106,buy_0103,buyer,src_ted_opendata,file_ted_0106,notice:197-2025/organisation:ORG-0001
nbu_00116,not_0107,buy_0104,buyer,src_ted_opendata,file_ted_0107,notice:198-2025/organisation:ORG-0001
nbu_00117,not_0108,buy_0105,buyer,src_ted_opendata,file_ted_0108,notice:199-2025/organisation:ORG-0002
nbu_00118,not_0109,buy_0106,buyer,src_ted_opendata,file_ted_0109,notice:200-2025/organisation:ORG-0002
nbu_00119,not_0110,buy_0004,buyer,src_ted_opendata,file_ted_0110,notice:202-2025/organisation:ORG-0001
nbu_00120,not_0111,buy_0107,buyer,src_ted_opendata,file_ted_0111,notice:203-2025/organisation:ORG-0002
nbu_00121,not_0112,buy_0108,buyer,src_ted_opendata,file_ted_0112,notice:205-2025/organisation:ORG-0004
nbu_00122,not_0113,buy_0004,buyer,src_ted_opendata,file_ted_0113,notice:210-2025/organisation:ORG-0001
nbu_00123,not_0114,buy_0109,buyer,src_ted_opendata,file_ted_0114,notice:211-2025/organisation:ORG-0001
nbu_00124,not_0115,buy_0110,buyer,src_ted_opendata,file_ted_0115,notice:212-2025/organisation:ORG-0001
nbu_00125,not_0116,buy_0111,buyer,src_ted_opendata,file_ted_0116,notice:215-2025/organisation:ORG-0003
nbu_00126,not_0117,buy_0110,buyer,src_ted_opendata,file_ted_0117,notice:216-2025/organisation:ORG-0001
nbu_00127,not_0118,buy_0004,buyer,src_ted_opendata,file_ted_0118,notice:217-2025/organisation:ORG-0001
nbu_00128,not_0119,buy_0112,buyer,src_ted_opendata,file_ted_0119,notice:218-2025/organisation:ORG-0001
nbu_00129,not_0120,buy_0113,buyer,src_ted_opendata,file_ted_0120,notice:219-2025/organisation:ORG-0004
nbu_00130,not_0121,buy_0114,buyer,src_ted_opendata,file_ted_0121,notice:224-2025/organisation:ORG-0001
nbu_00131,not_0122,buy_0115,buyer,src_ted_opendata,file_ted_0122,notice:225-2025/organisation:ORG-0001
nbu_00132,not_0123,buy_0116,buyer,src_ted_opendata,file_ted_0123,notice:230-2025/organisation:ORG-0002
nbu_00133,not_0124,buy_0117,buyer,src_ted_opendata,file_ted_0124,notice:231-2025/organisation:ORG-0001
nbu_00134,not_0125,buy_0118,buyer,src_ted_opendata,file_ted_0125,notice:234-2025/organisation:ORG-0001
nbu_00135,not_0126,buy_0119,buyer,src_ted_opendata,file_ted_0126,notice:235-2025/organisation:ORG-0001
nbu_00136,not_0127,buy_0120,buyer,src_ted_opendata,file_ted_0127,notice:239-2025/organisation:ORG-0001
nbu_00137,not_0128,buy_0121,buyer,src_ted_opendata,file_ted_0128,notice:240-2025/organisation:ORG-0002
nbu_00138,not_0129,buy_0122,buyer,src_ted_opendata,file_ted_0129,notice:242-2025/organisation:ORG-0001
nbu_00139,not_0130,buy_0123,buyer,src_ted_opendata,file_ted_0130,notice:243-2025/organisation:ORG-0002
nbu_00140,not_0131,buy_0124,buyer,src_ted_opendata,file_ted_0131,notice:245-2025/organisation:ORG-0001
nbu_00141,not_0132,buy_0125,buyer,src_ted_opendata,file_ted_0132,notice:250-2025/organisation:ORG-0001
nbu_00142,not_0133,buy_0126,buyer,src_ted_opendata,file_ted_0133,notice:252-2025/organisation:ORG-0001
nbu_00143,not_0134,buy_0127,buyer,src_ted_opendata,file_ted_0134,notice:254-2025/organisation:ORG-0004
nbu_00144,not_0135,buy_0128,buyer,src_ted_opendata,file_ted_0135,notice:259-2025/organisation:ORG-0001
nbu_00145,not_0136,buy_0129,buyer,src_ted_opendata,file_ted_0136,notice:260-2025/organisation:ORG-0001
nbu_00146,not_0137,buy_0130,buyer,src_ted_opendata,file_ted_0137,notice:264-2025/organisation:ORG-0001
nbu_00147,not_0138,buy_0131,buyer,src_ted_opendata,file_ted_0138,notice:265-2025/organisation:ORG-0002
nbu_00148,not_0139,buy_0132,buyer,src_ted_opendata,file_ted_0139,notice:267-2025/organisation:ORG-0001
nbu_00149,not_0140,buy_0133,buyer,src_ted_opendata,file_ted_0140,notice:268-2025/organisation:ORG-0001
nbu_00150,not_0141,buy_0134,buyer,src_ted_opendata,file_ted_0141,notice:269-2025/organisation:ORG-0001
nbu_00151,not_0142,buy_0116,buyer,src_ted_opendata,file_ted_0142,notice:270-2025/organisation:ORG-0002
nbu_00152,not_0143,buy_0004,buyer,src_ted_opendata,file_ted_0143,notice:271-2025/organisation:ORG-0001
nbu_00153,not_0144,buy_0135,buyer,src_ted_opendata,file_ted_0144,notice:272-2025/organisation:ORG-0001
nbu_00154,not_0145,buy_0136,buyer,src_ted_opendata,file_ted_0145,notice:273-2025/organisation:ORG-0004
nbu_00155,not_0146,buy_0116,buyer,src_ted_opendata,file_ted_0146,notice:278-2025/organisation:ORG-0002
nbu_00156,not_0147,buy_0137,buyer,src_ted_opendata,file_ted_0147,notice:279-2025/organisation:ORG-0001
nbu_00157,not_0148,buy_0138,buyer,src_ted_opendata,file_ted_0148,notice:281-2025/organisation:ORG-0001
nbu_00158,not_0149,buy_0139,buyer,src_ted_opendata,file_ted_0149,notice:282-2025/organisation:ORG-0001
nbu_00159,not_0150,buy_0140,buyer,src_ted_opendata,file_ted_0150,notice:284-2025/organisation:ORG-0001
nbu_00160,not_0151,buy_0141,buyer,src_ted_opendata,file_ted_0151,notice:285-2025/organisation:ORG-0001
nbu_00161,not_0152,buy_0142,buyer,src_ted_opendata,file_ted_0152,notice:286-2025/organisation:ORG-0001
nbu_00162,not_0153,buy_0143,buyer,src_ted_opendata,file_ted_0153,notice:287-2025/organisation:ORG-0001
nbu_00163,not_0154,buy_0107,buyer,src_ted_opendata,file_ted_0154,notice:290-2025/organisation:ORG-0002
nbu_00164,not_0155,buy_0144,buyer,src_ted_opendata,file_ted_0155,notice:291-2025/organisation:ORG-0001
nbu_00165,not_0156,buy_0145,buyer,src_ted_opendata,file_ted_0156,notice:292-2025/organisation:ORG-0001
nbu_00166,not_0157,buy_0146,buyer,src_ted_opendata,file_ted_0157,notice:294-2025/organisation:ORG-0001
nbu_00167,not_0158,buy_0147,buyer,src_ted_opendata,file_ted_0158,notice:297-2025/organisation:ORG-0001
nbu_00168,not_0159,buy_0148,buyer,src_ted_opendata,file_ted_0159,notice:301-2025/organisation:ORG-0004
nbu_00169,not_0160,buy_0149,buyer,src_ted_opendata,file_ted_0160,notice:302-2025/organisation:ORG-0001
nbu_00170,not_0161,buy_0150,buyer,src_ted_opendata,file_ted_0161,notice:303-2025/organisation:ORG-0001
nbu_00171,not_0162,buy_0151,buyer,src_ted_opendata,file_ted_0162,notice:304-2025/organisation:ORG-0001
nbu_00172,not_0163,buy_0152,buyer,src_ted_opendata,file_ted_0163,notice:305-2025/organisation:ORG-0001
nbu_00173,not_0164,buy_0153,buyer,src_ted_opendata,file_ted_0164,notice:306-2025/organisation:ORG-0001
nbu_00174,not_0165,buy_0004,buyer,src_ted_opendata,file_ted_0165,notice:307-2025/organisation:ORG-0001
nbu_00175,not_0166,buy_0154,buyer,src_ted_opendata,file_ted_0166,notice:309-2025/organisation:ORG-0002
nbu_00176,not_0167,buy_0155,buyer,src_ted_opendata,file_ted_0167,notice:313-2025/organisation:ORG-0001
nbu_00177,not_0168,buy_0156,buyer,src_ted_opendata,file_ted_0168,notice:317-2025/organisation:ORG-0001
nbu_00178,not_0169,buy_0157,buyer,src_ted_opendata,file_ted_0169,notice:318-2025/organisation:ORG-0001
nbu_00179,not_0170,buy_0158,buyer,src_ted_opendata,file_ted_0170,notice:321-2025/organisation:ORG-0004
nbu_00180,not_0171,buy_0024,buyer,src_ted_opendata,file_ted_0171,notice:324-2025/organisation:ORG-0005
nbu_00181,not_0172,buy_0159,buyer,src_ted_opendata,file_ted_0172,notice:325-2025/organisation:ORG-0001
nbu_00182,not_0173,buy_0160,buyer,src_ted_opendata,file_ted_0173,notice:327-2025/organisation:ORG-0001
nbu_00183,not_0174,buy_0161,buyer,src_ted_opendata,file_ted_0174,notice:328-2025/organisation:ORG-0001
nbu_00184,not_0175,buy_0004,buyer,src_ted_opendata,file_ted_0175,notice:330-2025/organisation:ORG-0001
nbu_00185,not_0176,buy_0162,buyer,src_ted_opendata,file_ted_0176,notice:332-2025/organisation:ORG-0003
nbu_00186,not_0177,buy_0163,buyer,src_ted_opendata,file_ted_0177,notice:335-2025/organisation:ORG-0001
nbu_00187,not_0178,buy_0164,buyer,src_ted_opendata,file_ted_0178,notice:336-2025/organisation:ORG-0001
nbu_00188,not_0179,buy_0165,buyer,src_ted_opendata,file_ted_0179,notice:339-2025/organisation:ORG-0001
nbu_00189,not_0180,buy_0166,buyer,src_ted_opendata,file_ted_0180,notice:340-2025/organisation:ORG-0001
nbu_00190,not_0181,buy_0135,buyer,src_ted_opendata,file_ted_0181,notice:347-2025/organisation:ORG-0001
nbu_00191,not_0182,buy_0008,buyer,src_ted_opendata,file_ted_0182,notice:355-2025/organisation:ORG-0002
nbu_00192,not_0183,buy_0167,buyer,src_ted_opendata,file_ted_0183,notice:357-2025/organisation:ORG-0004
nbu_00193,not_0184,buy_0168,buyer,src_ted_opendata,file_ted_0184,notice:359-2025/organisation:ORG-0001
nbu_00194,not_0185,buy_0169,buyer,src_ted_opendata,file_ted_0185,notice:361-2025/organisation:ORG-0001
nbu_00195,not_0186,buy_0170,buyer,src_ted_opendata,file_ted_0186,notice:366-2025/organisation:ORG-0001
nbu_00196,not_0187,buy_0171,buyer,src_ted_opendata,file_ted_0187,notice:367-2025/organisation:ORG-0001
nbu_00197,not_0188,buy_0011,buyer,src_ted_opendata,file_ted_0188,notice:368-2025/organisation:ORG-0001
nbu_00198,not_0189,buy_0014,buyer,src_ted_opendata,file_ted_0189,notice:369-2025/organisation:ORG-0001
nbu_00199,not_0190,buy_0172,buyer,src_ted_opendata,file_ted_0190,notice:371-2025/organisation:ORG-0002
nbu_00200,not_0191,buy_0014,buyer,src_ted_opendata,file_ted_0191,notice:372-2025/organisation:ORG-0001
nbu_00201,not_0192,buy_0046,buyer,src_ted_opendata,file_ted_0192,notice:373-2025/organisation:ORG-0001
nbu_00202,not_0193,buy_0173,buyer,src_ted_opendata,file_ted_0193,notice:377-2025/organisation:ORG-0001
nbu_00203,not_0193,buy_0174,buyer,src_ted_opendata,file_ted_0193,notice:377-2025/organisation:ORG-0003
nbu_00204,not_0193,buy_0175,buyer,src_ted_opendata,file_ted_0193,notice:377-2025/organisation:ORG-0004
nbu_00205,not_0193,buy_0176,buyer,src_ted_opendata,file_ted_0193,notice:377-2025/organisation:ORG-0005
nbu_00206,not_0193,buy_0177,buyer,src_ted_opendata,file_ted_0193,notice:377-2025/organisation:ORG-0006
nbu_00207,not_0193,buy_0178,buyer,src_ted_opendata,file_ted_0193,notice:377-2025/organisation:ORG-0007
nbu_00208,not_0193,buy_0179,buyer,src_ted_opendata,file_ted_0193,notice:377-2025/organisation:ORG-0008
nbu_00209,not_0193,buy_0180,buyer,src_ted_opendata,file_ted_0193,notice:377-2025/organisation:ORG-0009
nbu_00210,not_0193,buy_0181,buyer,src_ted_opendata,file_ted_0193,notice:377-2025/organisation:ORG-0010
nbu_00211,not_0194,buy_0182,buyer,src_ted_opendata,file_ted_0194,notice:379-2025/organisation:ORG-0001
nbu_00212,not_0195,buy_0183,buyer,src_ted_opendata,file_ted_0195,notice:381-2025/organisation:ORG-0002
nbu_00213,not_0196,buy_0184,buyer,src_ted_opendata,file_ted_0196,notice:382-2025/organisation:ORG-0001
nbu_00214,not_0197,buy_0185,buyer,src_ted_opendata,file_ted_0197,notice:384-2025/organisation:ORG-0001
nbu_00215,not_0198,buy_0186,buyer,src_ted_opendata,file_ted_0198,notice:386-2025/organisation:ORG-0001
nbu_00216,not_0199,buy_0187,buyer,src_ted_opendata,file_ted_0199,notice:390-2025/organisation:ORG-0001
nbu_00217,not_0200,buy_0188,buyer,src_ted_opendata,file_ted_0200,notice:392-2025/organisation:ORG-0001
nbu_00218,not_0201,buy_0189,buyer,src_ted_opendata,file_ted_0201,notice:394-2025/organisation:ORG-0001
nbu_00219,not_0202,buy_0190,buyer,src_ted_opendata,file_ted_0202,notice:396-2025/organisation:ORG-0001
nbu_00220,not_0203,buy_0191,buyer,src_ted_opendata,file_ted_0203,notice:397-2025/organisation:ORG-0001
nbu_00221,not_0204,buy_0192,buyer,src_ted_opendata,file_ted_0204,notice:400-2025/organisation:ORG-0001
nbu_00222,not_0205,buy_0193,buyer,src_ted_opendata,file_ted_0205,notice:401-2025/organisation:ORG-0001
nbu_00223,not_0206,buy_0103,buyer,src_ted_opendata,file_ted_0206,notice:402-2025/organisation:ORG-0001
nbu_00224,not_0207,buy_0194,buyer,src_ted_opendata,file_ted_0207,notice:403-2025/organisation:ORG-0001
nbu_00225,not_0208,buy_0195,buyer,src_ted_opendata,file_ted_0208,notice:404-2025/organisation:ORG-0001
nbu_00226,not_0209,buy_0196,buyer,src_ted_opendata,file_ted_0209,notice:405-2025/organisation:ORG-0002
nbu_00227,not_0210,buy_0197,buyer,src_ted_opendata,file_ted_0210,notice:407-2025/organisation:ORG-0001
nbu_00228,not_0211,buy_0198,buyer,src_ted_opendata,file_ted_0211,notice:408-2025/organisation:ORG-2254
nbu_00229,not_0212,buy_0199,buyer,src_ted_opendata,file_ted_0212,notice:409-2025/organisation:ORG-0001
nbu_00230,not_0213,buy_0004,buyer,src_ted_opendata,file_ted_0213,notice:410-2025/organisation:ORG-0001
nbu_00231,not_0214,buy_0200,buyer,src_ted_opendata,file_ted_0214,notice:414-2025/organisation:ORG-0001
nbu_00232,not_0215,buy_0201,buyer,src_ted_opendata,file_ted_0215,notice:417-2025/organisation:ORG-0004
nbu_00233,not_0216,buy_0202,buyer,src_ted_opendata,file_ted_0216,notice:423-2025/organisation:ORG-0001
nbu_00234,not_0217,buy_0104,buyer,src_ted_opendata,file_ted_0217,notice:425-2025/organisation:ORG-0001
nbu_00235,not_0218,buy_0203,buyer,src_ted_opendata,file_ted_0218,notice:427-2025/organisation:ORG-0001
nbu_00236,not_0219,buy_0004,buyer,src_ted_opendata,file_ted_0219,notice:428-2025/organisation:ORG-0001
nbu_00237,not_0220,buy_0059,buyer,src_ted_opendata,file_ted_0220,notice:429-2025/organisation:ORG-0001
nbu_00238,not_0221,buy_0204,buyer,src_ted_opendata,file_ted_0221,notice:433-2025/organisation:ORG-0004
nbu_00239,not_0222,buy_0205,buyer,src_ted_opendata,file_ted_0222,notice:436-2025/organisation:ORG-0001
nbu_00240,not_0223,buy_0206,buyer,src_ted_opendata,file_ted_0223,notice:441-2025/organisation:ORG-0001
nbu_00241,not_0224,buy_0207,buyer,src_ted_opendata,file_ted_0224,notice:442-2025/organisation:ORG-0001
nbu_00242,not_0225,buy_0208,buyer,src_ted_opendata,file_ted_0225,notice:444-2025/organisation:ORG-7001
nbu_00243,not_0226,buy_0209,buyer,src_ted_opendata,file_ted_0226,notice:445-2025/organisation:ORG-0001
nbu_00244,not_0227,buy_0210,buyer,src_ted_opendata,file_ted_0227,notice:448-2025/organisation:ORG-0002
nbu_00245,not_0228,buy_0211,buyer,src_ted_opendata,file_ted_0228,notice:449-2025/organisation:ORG-0001
nbu_00246,not_0229,buy_0020,buyer,src_ted_opendata,file_ted_0229,notice:451-2025/organisation:ORG-0001
nbu_00247,not_0230,buy_0212,buyer,src_ted_opendata,file_ted_0230,notice:452-2025/organisation:ORG-0001
nbu_00248,not_0231,buy_0213,buyer,src_ted_opendata,file_ted_0231,notice:453-2025/organisation:ORG-0001
nbu_00249,not_0232,buy_0214,buyer,src_ted_opendata,file_ted_0232,notice:456-2025/organisation:ORG-0004
nbu_00250,not_0233,buy_0215,buyer,src_ted_opendata,file_ted_0233,notice:457-2025/organisation:ORG-0001
nbu_00251,not_0234,buy_0004,buyer,src_ted_opendata,file_ted_0234,notice:458-2025/organisation:ORG-0001
nbu_00252,not_0235,buy_0216,buyer,src_ted_opendata,file_ted_0235,notice:460-2025/organisation:ORG-0001
nbu_00253,not_0235,buy_0217,buyer,src_ted_opendata,file_ted_0235,notice:460-2025/organisation:ORG-0002
nbu_00254,not_0235,buy_0218,buyer,src_ted_opendata,file_ted_0235,notice:460-2025/organisation:ORG-0003
nbu_00255,not_0235,buy_0095,buyer,src_ted_opendata,file_ted_0235,notice:460-2025/organisation:ORG-0004
nbu_00256,not_0235,buy_0219,buyer,src_ted_opendata,file_ted_0235,notice:460-2025/organisation:ORG-0005
nbu_00257,not_0235,buy_0092,buyer,src_ted_opendata,file_ted_0235,notice:460-2025/organisation:ORG-0006
nbu_00258,not_0235,buy_0220,buyer,src_ted_opendata,file_ted_0235,notice:460-2025/organisation:ORG-0007
nbu_00259,not_0235,buy_0221,buyer,src_ted_opendata,file_ted_0235,notice:460-2025/organisation:ORG-0009
nbu_00260,not_0235,buy_0099,buyer,src_ted_opendata,file_ted_0235,notice:460-2025/organisation:ORG-0010
nbu_00261,not_0235,buy_0100,buyer,src_ted_opendata,file_ted_0235,notice:460-2025/organisation:ORG-0011
nbu_00262,not_0235,buy_0093,buyer,src_ted_opendata,file_ted_0235,notice:460-2025/organisation:ORG-0012
nbu_00263,not_0235,buy_0091,buyer,src_ted_opendata,file_ted_0235,notice:460-2025/organisation:ORG-0013
nbu_00264,not_0235,buy_0098,buyer,src_ted_opendata,file_ted_0235,notice:460-2025/organisation:ORG-0014
nbu_00265,not_0235,buy_0222,buyer,src_ted_opendata,file_ted_0235,notice:460-2025/organisation:ORG-0015
nbu_00266,not_0235,buy_0223,buyer,src_ted_opendata,file_ted_0235,notice:460-2025/organisation:ORG-0016
nbu_00267,not_0235,buy_0224,buyer,src_ted_opendata,file_ted_0235,notice:460-2025/organisation:ORG-0017
nbu_00268,not_0235,buy_0225,buyer,src_ted_opendata,file_ted_0235,notice:460-2025/organisation:ORG-0018
nbu_00269,not_0235,buy_0226,buyer,src_ted_opendata,file_ted_0235,notice:460-2025/organisation:ORG-0019
nbu_00270,not_0235,buy_0227,buyer,src_ted_opendata,file_ted_0235,notice:460-2025/organisation:ORG-0020
nbu_00271,not_0236,buy_0228,buyer,src_ted_opendata,file_ted_0236,notice:462-2025/organisation:ORG-0001
nbu_00272,not_0237,buy_0229,buyer,src_ted_opendata,file_ted_0237,notice:464-2025/organisation:ORG-0001
nbu_00273,not_0238,buy_0021,buyer,src_ted_opendata,file_ted_0238,notice:465-2025/organisation:ORG-0002
nbu_00274,not_0239,buy_0230,buyer,src_ted_opendata,file_ted_0239,notice:469-2025/organisation:ORG-0001
nbu_00275,not_0240,buy_0231,buyer,src_ted_opendata,file_ted_0240,notice:470-2025/organisation:ORG-0001
nbu_00276,not_0241,buy_0232,buyer,src_ted_opendata,file_ted_0241,notice:471-2025/organisation:ORG-0001
nbu_00277,not_0242,buy_0233,buyer,src_ted_opendata,file_ted_0242,notice:472-2025/organisation:ORG-0001
nbu_00278,not_0243,buy_0234,buyer,src_ted_opendata,file_ted_0243,notice:473-2025/organisation:ORG-0001
nbu_00279,not_0244,buy_0235,buyer,src_ted_opendata,file_ted_0244,notice:475-2025/organisation:ORG-0004
nbu_00280,not_0245,buy_0187,buyer,src_ted_opendata,file_ted_0245,notice:479-2025/organisation:ORG-0001
nbu_00281,not_0246,buy_0236,buyer,src_ted_opendata,file_ted_0246,notice:482-2025/organisation:ORG-0001
nbu_00282,not_0247,buy_0237,buyer,src_ted_opendata,file_ted_0247,notice:483-2025/organisation:ORG-0001
nbu_00283,not_0248,buy_0018,buyer,src_ted_opendata,file_ted_0248,notice:484-2025/organisation:ORG-0001
nbu_00284,not_0249,buy_0238,buyer,src_ted_opendata,file_ted_0249,notice:490-2025/organisation:ORG-0001
nbu_00285,not_0250,buy_0004,buyer,src_ted_opendata,file_ted_0250,notice:491-2025/organisation:ORG-0001
nbu_00286,not_0251,buy_0239,buyer,src_ted_opendata,file_ted_0251,notice:492-2025/organisation:ORG-0001
nbu_00287,not_0252,buy_0240,buyer,src_ted_opendata,file_ted_0252,notice:494-2025/organisation:ORG-0001
nbu_00288,not_0253,buy_0241,buyer,src_ted_opendata,file_ted_0253,notice:500-2025/organisation:ORG-0001
nbu_00289,not_0254,buy_0004,buyer,src_ted_opendata,file_ted_0254,notice:502-2025/organisation:ORG-0001
nbu_00290,not_0255,buy_0242,buyer,src_ted_opendata,file_ted_0255,notice:503-2025/organisation:ORG-0001
nbu_00291,not_0256,buy_0243,buyer,src_ted_opendata,file_ted_0256,notice:508-2025/organisation:ORG-0003
nbu_00292,not_0257,buy_0228,buyer,src_ted_opendata,file_ted_0257,notice:511-2025/organisation:ORG-0001
nbu_00293,not_0258,buy_0244,buyer,src_ted_opendata,file_ted_0258,notice:512-2025/organisation:ORG-0001
nbu_00294,not_0259,buy_0059,buyer,src_ted_opendata,file_ted_0259,notice:514-2025/organisation:ORG-0001
nbu_00295,not_0260,buy_0245,buyer,src_ted_opendata,file_ted_0260,notice:517-2025/organisation:ORG-0001
nbu_00296,not_0261,buy_0153,buyer,src_ted_opendata,file_ted_0261,notice:518-2025/organisation:ORG-0001
nbu_00297,not_0262,buy_0004,buyer,src_ted_opendata,file_ted_0262,notice:520-2025/organisation:ORG-0001
nbu_00298,not_0263,buy_0246,buyer,src_ted_opendata,file_ted_0263,notice:522-2025/organisation:ORG-0002
nbu_00299,not_0264,buy_0247,buyer,src_ted_opendata,file_ted_0264,notice:524-2025/organisation:ORG-0004
nbu_00300,not_0265,buy_0168,buyer,src_ted_opendata,file_ted_0265,notice:525-2025/organisation:ORG-0001
nbu_00301,not_0266,buy_0248,buyer,src_ted_opendata,file_ted_0266,notice:526-2025/organisation:ORG-0001
nbu_00302,not_0267,buy_0249,buyer,src_ted_opendata,file_ted_0267,notice:529-2025/organisation:ORG-0001
nbu_00303,not_0268,buy_0250,buyer,src_ted_opendata,file_ted_0268,notice:530-2025/organisation:ORG-0001
nbu_00304,not_0269,buy_0192,buyer,src_ted_opendata,file_ted_0269,notice:532-2025/organisation:ORG-0001
nbu_00305,not_0270,buy_0251,buyer,src_ted_opendata,file_ted_0270,notice:533-2025/organisation:ORG-0001
nbu_00306,not_0271,buy_0252,buyer,src_ted_opendata,file_ted_0271,notice:534-2025/organisation:ORG-0001
nbu_00307,not_0272,buy_0253,buyer,src_ted_opendata,file_ted_0272,notice:540-2025/organisation:ORG-0001
nbu_00308,not_0273,buy_0254,buyer,src_ted_opendata,file_ted_0273,notice:542-2025/organisation:ORG-0001
nbu_00309,not_0274,buy_0011,buyer,src_ted_opendata,file_ted_0274,notice:543-2025/organisation:ORG-0001
nbu_00310,not_0275,buy_0255,buyer,src_ted_opendata,file_ted_0275,notice:549-2025/organisation:ORG-0002
nbu_00311,not_0276,buy_0256,buyer,src_ted_opendata,file_ted_0276,notice:551-2025/organisation:ORG-0001
nbu_00312,not_0277,buy_0257,buyer,src_ted_opendata,file_ted_0277,notice:553-2025/organisation:ORG-0001
nbu_00313,not_0277,buy_0258,buyer,src_ted_opendata,file_ted_0277,notice:553-2025/organisation:ORG-0002
nbu_00314,not_0277,buy_0259,buyer,src_ted_opendata,file_ted_0277,notice:553-2025/organisation:ORG-0003
nbu_00315,not_0277,buy_0260,buyer,src_ted_opendata,file_ted_0277,notice:553-2025/organisation:ORG-0004
nbu_00316,not_0277,buy_0261,buyer,src_ted_opendata,file_ted_0277,notice:553-2025/organisation:ORG-0005
nbu_00317,not_0277,buy_0262,buyer,src_ted_opendata,file_ted_0277,notice:553-2025/organisation:ORG-0006
nbu_00318,not_0277,buy_0263,buyer,src_ted_opendata,file_ted_0277,notice:553-2025/organisation:ORG-0007
nbu_00319,not_0277,buy_0264,buyer,src_ted_opendata,file_ted_0277,notice:553-2025/organisation:ORG-0008
nbu_00320,not_0277,buy_0265,buyer,src_ted_opendata,file_ted_0277,notice:553-2025/organisation:ORG-0009
nbu_00321,not_0277,buy_0266,buyer,src_ted_opendata,file_ted_0277,notice:553-2025/organisation:ORG-0010
nbu_00322,not_0277,buy_0267,buyer,src_ted_opendata,file_ted_0277,notice:553-2025/organisation:ORG-0011
nbu_00323,not_0277,buy_0268,buyer,src_ted_opendata,file_ted_0277,notice:553-2025/organisation:ORG-0012
nbu_00324,not_0277,buy_0269,buyer,src_ted_opendata,file_ted_0277,notice:553-2025/organisation:ORG-0013
nbu_00325,not_0277,buy_0270,buyer,src_ted_opendata,file_ted_0277,notice:553-2025/organisation:ORG-0014
nbu_00326,not_0278,buy_0213,buyer,src_ted_opendata,file_ted_0278,notice:557-2025/organisation:ORG-0001
nbu_00327,not_0279,buy_0059,buyer,src_ted_opendata,file_ted_0279,notice:559-2025/organisation:ORG-0001
nbu_00328,not_0280,buy_0271,buyer,src_ted_opendata,file_ted_0280,notice:560-2025/organisation:ORG-0004
nbu_00329,not_0281,buy_0024,buyer,src_ted_opendata,file_ted_0281,notice:564-2025/organisation:ORG-0005
nbu_00330,not_0282,buy_0272,buyer,src_ted_opendata,file_ted_0282,notice:565-2025/organisation:ORG-0001
nbu_00331,not_0283,buy_0192,buyer,src_ted_opendata,file_ted_0283,notice:566-2025/organisation:ORG-0001
nbu_00332,not_0284,buy_0273,buyer,src_ted_opendata,file_ted_0284,notice:569-2025/organisation:ORG-0001
nbu_00333,not_0285,buy_0274,buyer,src_ted_opendata,file_ted_0285,notice:570-2025/organisation:ORG-0001
nbu_00334,not_0286,buy_0275,buyer,src_ted_opendata,file_ted_0286,notice:574-2025/organisation:ORG-0001
nbu_00335,not_0286,buy_0276,buyer,src_ted_opendata,file_ted_0286,notice:574-2025/organisation:ORG-0004
nbu_00336,not_0287,buy_0277,buyer,src_ted_opendata,file_ted_0287,notice:575-2025/organisation:ORG-0002
nbu_00337,not_0288,buy_0278,buyer,src_ted_opendata,file_ted_0288,notice:577-2025/organisation:ORG-0001
nbu_00338,not_0289,buy_0279,buyer,src_ted_opendata,file_ted_0289,notice:582-2025/organisation:ORG-0001
nbu_00339,not_0290,buy_0141,buyer,src_ted_opendata,file_ted_0290,notice:583-2025/organisation:ORG-0001
nbu_00340,not_0291,buy_0280,buyer,src_ted_opendata,file_ted_0291,notice:586-2025/organisation:ORG-0001
nbu_00341,not_0292,buy_0281,buyer,src_ted_opendata,file_ted_0292,notice:587-2025/organisation:ORG-0001
nbu_00342,not_0293,buy_0004,buyer,src_ted_opendata,file_ted_0293,notice:590-2025/organisation:ORG-0001
nbu_00343,not_0294,buy_0004,buyer,src_ted_opendata,file_ted_0294,notice:591-2025/organisation:ORG-0001
nbu_00344,not_0295,buy_0282,buyer,src_ted_opendata,file_ted_0295,notice:593-2025/organisation:ORG-0001
nbu_00345,not_0296,buy_0283,buyer,src_ted_opendata,file_ted_0296,notice:594-2025/organisation:ORG-0001
nbu_00346,not_0297,buy_0284,buyer,src_ted_opendata,file_ted_0297,notice:595-2025/organisation:ORG-0001
nbu_00347,not_0298,buy_0285,buyer,src_ted_opendata,file_ted_0298,notice:597-2025/organisation:ORG-0001
nbu_00348,not_0299,buy_0286,buyer,src_ted_opendata,file_ted_0299,notice:598-2025/organisation:ORG-0001
nbu_00349,not_0300,buy_0004,buyer,src_ted_opendata,file_ted_0300,notice:599-2025/organisation:ORG-0001
