procedure_id,source_procedure_id,procedure_title,procedure_type,procedure_status,estimated_value,currency_code,publication_date,source_id,source_file_id,source_record_id,collected_at
pro_0001,f78fe5bc-095c-4053-a1de-8c63d1154e15,Rahmenvertrag für Vermessungsleistungen,open,,600000.00,EUR,2025-01-02,src_ted_opendata,file_ted_0001,procedure,2026-08-19
pro_0002,73921c6e-665c-4c6d-95d4-28bef0a948cc,Modernizacja oświetlenia ulicznego w Gminie Witonia,open,,,,2025-01-02,src_ted_opendata,file_ted_0002,procedure,2026-08-19
pro_0003,2f31dfdc-4e9f-414d-8419-7c24610e8db9,Gradbena dela za izgradnjo elektroenergetske infrastrukture,restricted,,49407.4000,EUR,2025-01-02,src_ted_opendata,file_ted_0003,procedure,2026-08-19
pro_0004,8b4cadc6-2337-47bc-8a19-cb1e765e193e,Świadczenie usług serwisowania aparatury medycznej dla Klinik Centrum Kliniczno Dydaktycznego Centralnego Szpitala Klinicznego Uniwersytetu Medycznego w Łodzi,open,,,,2025-01-02,src_ted_opendata,file_ted_0004,procedure,2026-08-19
pro_0005,bf2fb09c-ffc1-4bf0-8c07-2f23a78d02e8,Zakup i wdrożenie kompleksowego systemu archiwizacji i dystrybucji danych obrazowych PACS wraz z dostawą infrastruktury (ZP-107/2024),open,,,,2025-01-02,src_ted_opendata,file_ted_0005,procedure,2026-08-19
pro_0006,86021571-59d2-4abb-b905-46940464f711,Therapy level Co-60 radiation source into the GammaBeam X200 irradiator (Best Theratronics),open,,,,2025-01-02,src_ted_opendata,file_ted_0006,procedure,2026-08-19
pro_0007,2710a2d1-fdb4-42f5-905e-a79ea044dbfc,Odbiór i zagospodarowanie odpadów komunalnych od właścicieli nieruchomości zamieszkałych na terenie gminy Lubomia w roku 2025,open,,,,2025-01-02,src_ted_opendata,file_ted_0007,procedure,2026-08-19
pro_0008,42cc6342-43ed-4e8c-b9c4-5dcb028414b8,MT13 - Accord-cadre d'accompagnement et de balisage,neg-w-call,,,,2025-01-02,src_ted_opendata,file_ted_0008,procedure,2026-08-19
pro_0009,fbc1f83e-1f10-477f-be61-b5a848fdec7c,ENDOPROTEZE ORTOPEDICE ȘI ALTE MATERIALE SANITARE,open,,,,2025-01-02,src_ted_opendata,file_ted_0009,procedure,2026-08-19
pro_0010,57c45a3b-b3bc-4fa7-a22d-537ba283a622,Udzielenie kredytu długoterminowego na sfinansowanie planowanego deficytu budżetu Gminy Wiśniew roku 2024 oraz spłatę wcześniej zaciągniętych zobowiązań z tytułu kredytów i pożyczek,open,,,,2025-01-02,src_ted_opendata,file_ted_0010,procedure,2026-08-19
pro_0011,f3cc02c2-0ef4-424b-950a-a6ddf9f3250c,Das Projectpersoneel Senior boswachter beheer,open,,1,EUR,2025-01-02,src_ted_opendata,file_ted_0011,procedure,2026-08-19
pro_0012,2b89434e-8946-4ac3-885a-4047c21b6eb8,Usługa pełnienia funkcji Inwestora Zastępczego (z rozszerzonym zakresem obowiązków) przy realizacji inwestycji pod nazwą „Budowa Centrum Edukacji Przyrodniczej MORGI”,open,,1542416.67,PLN,2025-01-02,src_ted_opendata,file_ted_0012,procedure,2026-08-19
pro_0013,59129ef8-1790-4630-bfb1-f60bf1e84c15,"Dostawa obłożeń operacyjnych, ubrań chirurgicznych, wyrobów medycznych do elektrochirurgii i innych wyrobów używanych przy zabiegach operacyjnych",open,,,,2025-01-02,src_ted_opendata,file_ted_0013,procedure,2026-08-19
pro_0014,990be8bf-e13f-4115-b9f1-5df04d4160f8,Portsjoneeritud valmistoidu termokandikud ja transpordikärud,open,,,,2025-01-02,src_ted_opendata,file_ted_0014,procedure,2026-08-19
pro_0015,f3c8dca6-7cd4-4efa-bebe-50f0cdd62b5f,Dostawa leków dla Krapkowickiego Centrum Zdrowia Sp. z o.o.,open,,,,2025-01-02,src_ted_opendata,file_ted_0015,procedure,2026-08-19
pro_0016,579b613a-71c6-4bac-bd5d-983701e96e04,"Servizio gestione utenze servizio idrico, installazione e lettura dei misuratori idrici, bollettazione, contrasto morosita' e riscossione coattiva corrispettivi dovuti Marano di Napoli (NA)",open,,4140751.0,EUR,2025-01-02,src_ted_opendata,file_ted_0016,procedure,2026-08-19
pro_0017,cb8e0f62-8bdd-4351-a0cf-e98d2acd26b0,"Vzdrževanje in servisiranje avtomatskega sistema javljanja požara in gašenja v podjetju Luka Koper, d.d.",neg-wo-call,,335000.0000,EUR,2025-01-02,src_ted_opendata,file_ted_0017,procedure,2026-08-19
pro_0018,d6359b23-4354-4f7c-859f-de0c2b9d3331,"Dozór i utrzymanie obiektów hydrotechnicznych na terenie Zarządu Zlewni w Nowym Sączu – Obsługa i eksploatacja zbiornika wodnego ""Skrzyszów"" - lata 2025 2027",open,,,,2025-01-02,src_ted_opendata,file_ted_0018,procedure,2026-08-19
pro_0019,0384af5b-b4a1-4bb5-854a-561bd8a0b5a3,"Odbiór i zagospodarowywanie odpadów komunalnych pochodzących z nieruchomości zamieszkałych położonych na terenie Gminy Grabica, powiat piotrkowski, woj. łódzkie",open,,,,2025-01-02,src_ted_opendata,file_ted_0019,procedure,2026-08-19
pro_0020,260d5337-d175-4458-83e3-b20ab28bc39e,Utrzymanie zieleni niskiej i wysokiej w pasach drogowych na terenie miasta Świętochłowice,,,,,2025-01-02,src_ted_opendata,file_ted_0020,procedure,2026-08-19
pro_0021,4a35515d-a029-4dff-94cb-12d11bcb88a2,Entretien de la robinetterie,open,,2268000,EUR,2025-01-02,src_ted_opendata,file_ted_0023,procedure,2026-08-19
pro_0022,7eab75d0-a75d-4358-92d4-dd8fe67add92,"LICITATIE MEDICAMENTE , PE LOTURI -6 luni,1024",open,,,,2025-01-02,src_ted_opendata,file_ted_0024,procedure,2026-08-19
pro_0023,4852810d-be73-4255-a910-6e843170801d,"Collecte des déchets ménagers et assimilés : Collecte en porte à porte des ordures ménagères résiduelles, des emballages (hors verre) et papiers à usages graphiques",open,,,,2025-01-02,src_ted_opendata,file_ted_0025,procedure,2026-08-19
pro_0024,33b35cd2-ea36-4c31-a926-b192d9ae8f43,14. ΠΡΟΜΗΘΕΙΑ ΦΥΓΟΚΕΝΤΡΟΣ 32 ΘΕΣΕΩΝ,open,,4000,EUR,2025-01-02,src_ted_opendata,file_ted_0026,procedure,2026-08-19
pro_0025,f93d0d2f-1e79-409e-a7d3-2895ef520c87,Usługi w zakresie odbierania i transportu odpadów komunalnych z nieruchomości objętych gminnym systemem gospodarowania odpadami komunalnymi w granicach administracyjnych Gminy Sztutowo,open,,,,2025-01-02,src_ted_opendata,file_ted_0027,procedure,2026-08-19
pro_0026,c1536fd4-5a8b-4640-ab0b-c0c7414120ae,KU.241/pn64_2024/AT - Ubezpieczenie odpowiedzialności materialnej pracowników MPK Sp. z o.o. we Wrocławiu,open,,,,2025-01-02,src_ted_opendata,file_ted_0028,procedure,2026-08-19
pro_0027,1160ed68-78c7-460f-9ac0-ab2971bf06fe,Fourniture et livraison de repas cuisinés à l'avance conservés par le froid destinés à la restauration scolaire de la ville de Saint-Laurent-du-Var,open,,,,2025-01-02,src_ted_opendata,file_ted_0029,procedure,2026-08-19
pro_0028,a6c6e098-8b5a-4b79-bf6f-dc1cd56b8aa6,Wykonanie dokumentacji projektowej wraz z pełnieniem nadzoru autorskiego oraz uzyskaniem pozwolenia na budowę dla zadania pn. Budowa osiedla Wojszyce 1,neg-w-call,,,,2025-01-02,src_ted_opendata,file_ted_0030,procedure,2026-08-19
pro_0029,b3d4c96c-616a-4a7f-9b5a-ed25fd25c307,Servicio de limpieza de apoyo en las tareas de limpieza y apoyo al servicio de comedor para el Centro de Acogida a Refugiados (CAR) de Sevilla para un periodo de 12 meses prorrogables por 36 meses mas.,open,,,,2025-01-02,src_ted_opendata,file_ted_0031,procedure,2026-08-19
pro_0030,18044899-4d91-49a9-bdc5-f2a682a232e6,Transport et stockage de déchets non incinérables,open,,,,2025-01-02,src_ted_opendata,file_ted_0032,procedure,2026-08-19
pro_0031,dbd70b00-3204-48a8-978a-6730c85ca39e,Lieky ATC skupiny J01-Antibiotiká na systémové použitie,open,,383957.99,EUR,2025-01-02,src_ted_opendata,file_ted_0033,procedure,2026-08-19
pro_0032,d6c46750-3409-4051-a5c3-d2c07fd2ee6e,Material in oprema za izgradnjo elektrodistribucijskega omrežja,restricted,,84810.0000,EUR,2025-01-02,src_ted_opendata,file_ted_0034,procedure,2026-08-19
pro_0033,81d5e54b-b7c6-4c4f-ad91-b6a8f6ed0afb,"Świadczenie usług w zakresie eksploatacji oświetlenia: ulic, placów, skwerów, parków, zieleńców, chodników i przejść dla pieszych, włączonego do szaf oświetleniowych stanowiących własność TAURON Nowe Technologie S.A.",neg-wo-call,,,,2025-01-02,src_ted_opendata,file_ted_0035,procedure,2026-08-19
pro_0034,11bacd89-774c-418e-9e79-8a0de8e9b434,Un accord-cadre composés de 3 lots pour les travaux de la Direction de l'Eau et de l'Assainissement -Communauté D'Agglomération du Puy en Velay,open,,,,2025-01-02,src_ted_opendata,file_ted_0036,procedure,2026-08-19
pro_0035,8de8d590-42ce-48dd-9230-a3ac574efd26,Proc. n. 3776-AP-2024- AQ indagini Sarno,open,,23448062.10,EUR,2025-01-02,src_ted_opendata,file_ted_0037,procedure,2026-08-19
pro_0036,44c5d6cc-4061-43ae-bfd3-6eaa884d2a94,"“Доставка на електрическа енергия за нуждите на Община Кюстендил, по две обособени позиции”",open,,1896000.00,BGN,2025-01-02,src_ted_opendata,file_ted_0039,procedure,2026-08-19
pro_0037,4c01f25b-96d0-44c7-8a98-35ce4488177b,DOSTAWY PRODUKTÓW FARMACEUTYCZNYCH,open,,,,2025-01-02,src_ted_opendata,file_ted_0040,procedure,2026-08-19
pro_0038,9412593c-4c2f-4d55-b830-e50d29598ae6,"Contratación, por el sistema de lotes, de un préstamo a largo plazo, por importe global de 21.291.670,00€, destinado a financiar las necesidades del presupuesto de 2024, aprobado por el Ayuntamiento Pleno el 21 de diciembre de 2023.",open,,,,2025-01-02,src_ted_opendata,file_ted_0041,procedure,2026-08-19
pro_0039,96052f23-7cdd-496b-9f1e-a4c4739d1a00,ACHAT DE VETEMENTS PROFESSIONNELS ET D EQUIPEMENTS DE PROTECTION INDIVIDUELLE (EPI),open,,,,2025-01-02,src_ted_opendata,file_ted_0042,procedure,2026-08-19
pro_0040,6e5d237c-64dc-457f-aba3-78f56c85428f,Achizitie de produse alimentare pentru Microcantina Hestia,open,,,,2025-01-02,src_ted_opendata,file_ted_0043,procedure,2026-08-19
pro_0041,6de55540-609c-4878-ac52-5d619e4e8841,Dostawa aparatu do znieczulenia z monitorem parametrów życiowych,open,,,,2025-01-02,src_ted_opendata,file_ted_0044,procedure,2026-08-19
pro_0042,252bdded-3a76-45a9-a598-08585fe9a5f5,Servicio Guest Wifi en el eje principal de la ZGAT Oviedo,open,,,,2025-01-02,src_ted_opendata,file_ted_0045,procedure,2026-08-19
pro_0043,e42d8868-5aca-4929-afcf-bcead0a94090,(25)ΠΡΟΜΗΘΕΙΑ AMBU MASK ΑΣΚΟΥΣ ΑΝΑΝΗΨΗΣ ΜΕ ΡΕΖΕΡΒΟΥΑΡ ΟΞΥΓΟΝΟΥ ΠΟΥ ΝΑ ΑΠΟΣΤΕΙΡΩΝΟΝΤΑΙ,open,,166,EUR,2025-01-02,src_ted_opendata,file_ted_0046,procedure,2026-08-19
pro_0044,a3643ac7-2ede-4dba-876b-6df7b7c83f9a,"Odbieranie odpadów komunalnych od właścicieli nieruchomości znajdujących się na terenie Miasta Łodzi w sektorach: Bałuty, Śródmieście i Widzew w okresie od 01.01.2025 r. do 30.06.2026 r.",open,,,,2025-01-02,src_ted_opendata,file_ted_0047,procedure,2026-08-19
pro_0045,5f9b72c7-58ce-48a1-8e02-c3dc1c61db45,"SERVIZIO DI ASSICURAZIONE INFORTUNI EX ART. 51 LEGGE 282/2002 E AL D.P.C.M. 3 NOVEMBRE 2010, RCT.O A FAVORE DELLA FEDERAZIONE ITALIANA SURFING SCI NAUTICO E WAKEBOARD (F.I.S.S.W.) CON DECORRENZA DALLE ORE 00:00 DEL 01.01.2025 AL 31.12.2027",open,,805000,EUR,2025-01-02,src_ted_opendata,file_ted_0048,procedure,2026-08-19
pro_0046,92cf12c0-c7c1-416d-8e93-1470d4add054,Rozšíření nemocničního informačního systému Oblastní nemocnice Náchod a.s.,open,,48642500,CZK,2025-01-02,src_ted_opendata,file_ted_0049,procedure,2026-08-19
pro_0047,aa02b716-5d33-47b5-ace5-2f5edb422cd6,indikative Angebote - Beschaffung eines CRM-Systems,neg-w-call,,0.10,EUR,2025-01-02,src_ted_opendata,file_ted_0051,procedure,2026-08-19
pro_0048,1630910f-15c3-4a3d-88b1-8272b2438325,Ajándéktárgy beszerzés - 2024,open,,,,2025-01-02,src_ted_opendata,file_ted_0052,procedure,2026-08-19
pro_0049,31120d22-2138-4207-90ba-dc2476d83983,DBS - Kostüm,oth-mult,,,,2025-01-02,src_ted_opendata,file_ted_0053,procedure,2026-08-19
pro_0050,20bf4649-fa96-420a-8757-46f5a100338e,Udzielenie kredytu długoterminowego,open,,4050746.09,PLN,2025-01-02,src_ted_opendata,file_ted_0054,procedure,2026-08-19
pro_0051,e42ef53c-4284-455f-897f-042fc513d619,ODBIÓR I ZAGOSPODAROWANIE ODPADÓW KOMUNALNYCH Z TERENU GMINY NOWOSOLNA,open,,8983455,PLN,2025-01-02,src_ted_opendata,file_ted_0055,procedure,2026-08-19
pro_0052,150f6aa9-2d59-4177-83fa-b344afbf9a6d,Aquisição de serviços de cadastro e inspeção expedita de obras de contenção na RRN – Distrito de Coimbra,open,,69640,EUR,2025-01-02,src_ted_opendata,file_ted_0056,procedure,2026-08-19
pro_0053,6e7b4b56-ac42-40bb-b626-b21e328e734c,"FOURNITURE DE TABLES DE NUIT AVEC/SANS REFRIGÉRATEUR, TABLETTES DE LIT MOBILES AVEC/SANS ESPACE DE RANGEMENT",open,,,,2025-01-02,src_ted_opendata,file_ted_0057,procedure,2026-08-19
pro_0054,29c014e8-cf7e-412f-adc0-0b2783633116,Dostawa artykułów spożywczych,open,,,,2025-01-02,src_ted_opendata,file_ted_0058,procedure,2026-08-19
pro_0055,8b44f60f-3a42-4393-a1d5-545b06d0a22f,"Servicios de la auditoría correspondiente a la certificación de las cuentas del FEAGA y del FEADER del organismo pagador en la Comunidad Autónoma de Extremadura, ejercicio financiero FEAGA/FEADER 2025",open,,,,2025-01-02,src_ted_opendata,file_ted_0059,procedure,2026-08-19
pro_0056,3940fc8f-707d-4dcd-82b6-de04e1ae623b,"Zaciągnięcie kredytu długoterminowego w wysokości do 3.908.253,00 zł na sfinansowanie deficytu budżetu Gminy oraz spłatę zaciągniętych zobowiązań",open,,,,2025-01-02,src_ted_opendata,file_ted_0060,procedure,2026-08-19
pro_0057,b27eaf2c-f582-4cac-b440-9922a3f3ff29,Élelmiszerek beszerzése 2024-5. részajánlat,open,,,,2025-01-02,src_ted_opendata,file_ted_0061,procedure,2026-08-19
pro_0058,45cdb71e-bc29-4fa1-8801-464fe2ab3272,Toidukaubad,open,,,,2025-01-02,src_ted_opendata,file_ted_0062,procedure,2026-08-19
pro_0059,db89a043-8e5c-46f3-b7fd-7dd0ddedb7b6,MARCHE DE LOCATION - ENTRETIEN - RELEVES DES COMPTEURS D'EAU ET D'ENERGIE Patrimoine SLH,open,,,,2025-01-02,src_ted_opendata,file_ted_0064,procedure,2026-08-19
pro_0060,8039ddaa-121d-4a13-8134-c5c6c12882c2,Aquisição de serviços de higiene e limpeza da Escola Superior Náutica Infante D. Henrique (ENIDH) para 12 meses,open,,160056,EUR,2025-01-02,src_ted_opendata,file_ted_0065,procedure,2026-08-19
pro_0061,f3d02c3e-28b2-425e-a3b9-167c09c7a4eb,1. Udzielanie świadczeń zdrowotnych w zakresie pielęgniarstwa w Oddziale Intensywnego Nadzoru Kardiologicznego. 2. Udzielanie świadczeń zdrowotnych w zakresie pielęgniarstwa w pozostałych Oddziałach Szpitala w sytuacjach wynikających z zapotrzebowania Udzielającego zamówienia.,open,,,,2025-01-02,src_ted_opendata,file_ted_0066,procedure,2026-08-19
pro_0062,506d7349-1510-41fb-af8e-2e8ce8299b56,„Świadczenie usług pocztowych wraz z obsługą korespondencji wychodzącej dla Miejskiego Przedsiębiorstwa Wodociągów i Kanalizacji w m.st. Warszawie S.A.”,open,,,,2025-01-02,src_ted_opendata,file_ted_0067,procedure,2026-08-19
pro_0063,df1c6524-e87d-44cc-812e-7593d30c7387,Usługa zabezpieczenia w przenośne urządzenia sanitarne w 2025 roku,open,,,,2025-01-02,src_ted_opendata,file_ted_0068,procedure,2026-08-19
pro_0064,fcfa7785-656b-47dc-83f6-29153b3d547e,Ausschreibung Strom Zweckverband Wasserversorgung Kurpfalz 2026ff.,restricted,,,,2025-01-02,src_ted_opendata,file_ted_0069,procedure,2026-08-19
pro_0065,d9927d17-b88c-40da-8c15-97e0095ceb77,"«Προμήθεια λογισμικού για την διαχείριση του κεντρικού καταλόγου χρηστών του e-ΕΦΚΑ, την κεντρική διαχείριση των συστημάτων του e-ΕΦΚΑ τα οποία αποτελούν απαραίτητο στοιχείο για την ασφάλεια των συστημάτων του e-ΕΦΚΑ»",open,,4165000,EUR,2025-01-02,src_ted_opendata,file_ted_0070,procedure,2026-08-19
pro_0066,54e8c34a-8db3-4e54-a7b5-a7144c913210,"Impression et façonnage de "" Un livre pour les vacances """,open,,,,2025-01-02,src_ted_opendata,file_ted_0071,procedure,2026-08-19
pro_0067,fc7acbcf-41db-4ca1-a1c3-44ea7cbfacd8,KUPNJA MLIJEKA I MLIJEČNIH PROIZVODA,open,,300000.00,EUR,2025-01-02,src_ted_opendata,file_ted_0072,procedure,2026-08-19
pro_0068,4c001dec-b04a-4a2f-910e-12ee4c7da2b1,Aanstelling externe dienst voor technische controle (EDTC),open,,,,2025-01-02,src_ted_opendata,file_ted_0073,procedure,2026-08-19
pro_0069,7dcd2ac5-cf8f-4541-87de-900de6aacda9,Pains frais (autres que surgelés),open,,,,2025-01-02,src_ted_opendata,file_ted_0074,procedure,2026-08-19
pro_0070,eeff6f3a-524d-45dc-8fd8-f349d89536c4,Emajõe ja Koiva jõe ühisstrateegia ja tegevuskava koostamine. Võrtsjärve-Emajõgi-Peipsi piirkonna ja võrgustiku tegevust suunava strateegia ja tegevuskava koostamine,open,,,,2025-01-02,src_ted_opendata,file_ted_0075,procedure,2026-08-19
pro_0071,1f7a910e-2971-4b82-8fd1-4d3e8c6bfbec,"Wykonanie w ramach Generalnego Pomiaru Ruchu 2025 (GPR 2025) bezpośrednich pomiarów ruchu, na odcinkach pomiarowych dróg krajowych na terenie GDDKiA Oddział w Rzeszowie w wyznaczonych punktach w podziale na 5 części.",open,,1729800,PLN,2025-01-02,src_ted_opendata,file_ted_0076,procedure,2026-08-19
pro_0072,9645c8e4-997e-4107-945f-8e16d51df5f2,Dostawa wyrobów z włókniny lub folii,open,,,,2025-01-02,src_ted_opendata,file_ted_0077,procedure,2026-08-19
pro_0073,e0d4ee88-fd49-4ce9-862b-c3eca1ea6675,"Travaux, entretien et contrôle de Défense Extérieure Contre l'Incendie (DECI) sur le Territoire de la Gironde",open,,,,2025-01-02,src_ted_opendata,file_ted_0078,procedure,2026-08-19
pro_0074,8dea8f3c-8643-4d0f-9a36-285f9611195d,Elektrienergia ostmine 2025-2027,open,,,,2025-01-02,src_ted_opendata,file_ted_0079,procedure,2026-08-19
pro_0075,9b572844-287d-46c0-8a0c-3c04928344bb,Kompetenzzentrum für zirkuläre Wirtschaft,open,,,,2025-01-02,src_ted_opendata,file_ted_0080,procedure,2026-08-19
pro_0076,cd729876-4e52-4203-9b27-2d60cc08b819,739863 Duomenų nutekėjimo prevencijos (DLP) projekto diegimo konsultantų paslaugos,open,,123966.94,EUR,2025-01-02,src_ted_opendata,file_ted_0081,procedure,2026-08-19
pro_0077,96b62e0d-f6b3-43b2-97e4-b339429f4d40,"CONCEPTION, PRODUCTION ET LIVRAISON DE BOITES MULTI-ACTIVITES DÉLIVRÉES DANS LE CADRE DU PLAN FAMILLE AUX ENFANTS DE MILITAIRES LORS DES ABSENCES OPÉRATIONNELLES",open,,1834000,EUR,2025-01-02,src_ted_opendata,file_ted_0082,procedure,2026-08-19
pro_0078,4a932f74-4f93-4d77-987b-0fba0325040f,SELEZIONE SOGGETTO ESECUTORE PER PROGETTO QUALITY HERITAGE OF EUROPE,open,,4883411.7,EUR,2025-01-02,src_ted_opendata,file_ted_0083,procedure,2026-08-19
pro_0079,9f3a866c-5e8e-4a3f-985f-f983c0078f30,Fourniture d’appareils électroménagers et de machines industrielles pour le New Samusocial ASBL,open,,,,2025-01-02,src_ted_opendata,file_ted_0084,procedure,2026-08-19
pro_0080,107a621e-e8e9-41d6-b9a4-cbd8d725fd63,Prestations de services d'assurance flotte automobile,neg-wo-call,,,,2025-01-02,src_ted_opendata,file_ted_0085,procedure,2026-08-19
pro_0081,27de0a98-fa55-4944-bccc-075f770b3c8c,Dostawa drobiu i wędlin drobiowych dla 25. WOG w Białymstoku,open,,,,2025-01-02,src_ted_opendata,file_ted_0086,procedure,2026-08-19
pro_0082,212ce3d9-acb4-4fab-8462-dac91f3443a3,"„Доставка на елементи за функционен вентил за пътнически вагони (ПВ), собственост на „БДЖ-Пътнически превози“ ЕООД“",open,,23346.95,BGN,2025-01-02,src_ted_opendata,file_ted_0087,procedure,2026-08-19
pro_0083,a1057821-a67a-4dcc-bd5e-e928aa3caf85,"Location, installation et maintien en condition opérationnelle de caméras de vidéoprotection sur le patrimoine de Nov'Habitat",open,,,,2025-01-02,src_ted_opendata,file_ted_0088,procedure,2026-08-19
pro_0084,4eae5438-e7fa-45b0-b7ab-36b7d3aa963f,"„Доставка на материали, консумативи и реактиви за геномно секвениране по споразумение Д01-165/28.07.2022 г. и допълнително споразумение Д01-138/08.07.2024 с МОН за нуждите на НУКБПИ по 3 обособени позиции”",open,,1464422.70,BGN,2025-01-02,src_ted_opendata,file_ted_0089,procedure,2026-08-19
pro_0085,7c98c79d-a638-4deb-a2d8-147d8952dafc,Leistungen des Technischen Gebäudemanagements im Bundesministerium für Ernährung und Landwirtschaft in Berlin,open,,,,2025-01-02,src_ted_opendata,file_ted_0090,procedure,2026-08-19
pro_0086,3a937176-697c-48a9-8ddc-f90a8746939c,Świadczenie usług w zakresie publicznego transportu zbiorowego na obszarze Powiatu Bytowskiego,open,,,,2025-01-02,src_ted_opendata,file_ted_0091,procedure,2026-08-19
pro_0087,34a39c3b-ded1-4c00-b0c1-e8ef9834c6e6,Sukcesywna sprzedaż i dostarczenie specjalistycznych odczynników laboratoryjnych dla CeNT UW,neg-wo-call,,,,2025-01-02,src_ted_opendata,file_ted_0092,procedure,2026-08-19
pro_0088,5abb46fc-4f9c-4d7e-807c-8a0f45608e62,ETUDE DE DÉFINITION DE LA LOCALISATION ET DU DIMENSIONNEMENT DES AIRES DE COVOITURAGE STRUCTURANTES À L'ÉCHELLE DE L'AIRE URBAINE ÉLARGIE DE RENNES,open,,,,2025-01-02,src_ted_opendata,file_ted_0093,procedure,2026-08-19
pro_0089,7ecfe6db-a297-4aa2-89c3-c1e761ec65b1,Submission Personenversicherungen per 01.01.2025,open,,,,2025-01-02,src_ted_opendata,file_ted_0094,procedure,2026-08-19
pro_0090,0431aaa7-816d-4779-bbe7-6730aa01368b,"Consultoría, asistencia y servicios técnicos del proyecto integral de energía limpia de Seròs (Ref/Exp: 3066)",open,,,,2025-01-02,src_ted_opendata,file_ted_0095,procedure,2026-08-19
pro_0091,dcd3f1ad-9966-47e8-9e0d-b640eade711b,Konserwacja i eksploatacja oświetlenia ulicznego w 2025 roku na terenie Gminy Żory i stanowiącego własność Gminy Żory,open,,,,2025-01-02,src_ted_opendata,file_ted_0096,procedure,2026-08-19
pro_0092,ffa675bc-2c0c-4741-84d5-af517b566b20,Karty na čerpanie pohonných látok a súvisiacich tovarov a služieb,open,,,,2025-01-02,src_ted_opendata,file_ted_0099,procedure,2026-08-19
pro_0093,eadac2f3-d518-4e2c-ad6f-7bf5f0eea740,Empreitada de “Construção da Residência de Estudantes do Campus 1 - Breiner”,open,,,,2025-01-02,src_ted_opendata,file_ted_0100,procedure,2026-08-19
pro_0094,8946b60a-97df-47f7-8a68-7adc459a4889,Lukitustöiden hankinta 2025-2028,open,,320000,EUR,2025-01-02,src_ted_opendata,file_ted_0101,procedure,2026-08-19
pro_0095,341d0b87-79fb-4a02-a54f-804210d77ea9,Rahmenvertrag über die Beschaffung von Lizenzen für ein Notaufnahme-Informationssystem,oth-mult,,,,2025-01-02,src_ted_opendata,file_ted_0102,procedure,2026-08-19
pro_0096,fb26f379-44e5-4cce-b55a-7cf6e1640f4c,"Maintenance des extincteurs, RIA, poteaux incendie/bouches d'incendie et colonnes sèches - Fourniture d'extincteurs, RIA neufs et autres équipements",open,,300000,EUR,2025-01-02,src_ted_opendata,file_ted_0104,procedure,2026-08-19
pro_0097,76e9a04d-9418-4547-8d73-4442dca177dc,Élaboration du SAGE Vézère-Corrèze,open,,,,2025-01-02,src_ted_opendata,file_ted_0105,procedure,2026-08-19
pro_0098,d85c9cde-7a3e-4eb4-98d7-c545e4e91b1e,Bojové vozidlo LTATV - nákup,neg-wo-call,,52066115,CZK,2025-01-02,src_ted_opendata,file_ted_0106,procedure,2026-08-19
pro_0099,6ed21fab-68a9-4184-a0f3-4125f981442d,Dostawa żywności do bieżącego żywienia wojsk w 2025 r. – PRODUKTY GARMAŻERYJNE CHŁODZONE,open,,,,2025-01-02,src_ted_opendata,file_ted_0107,procedure,2026-08-19
pro_0100,47749ea5-2412-4be7-8db6-fd866243b20b,Assurance des Prestations Statutaires,open,,,,2025-01-02,src_ted_opendata,file_ted_0108,procedure,2026-08-19
pro_0101,6c1bd2fd-2c40-4ae1-b4be-0941b1f42cdd,Obsługa przewozów pasażerskich w transporcie zbiorowym organizowanym przez Miasto Rybnik,open,,26221163.78,PLN,2025-01-02,src_ted_opendata,file_ted_0109,procedure,2026-08-19
pro_0102,d81b75da-6c71-4263-aee1-205b1944ce5e,242105/VRA/DCAMG/ AO ACBDC - Entretien des VMC,open,,,,2025-01-02,src_ted_opendata,file_ted_0111,procedure,2026-08-19
pro_0103,59be7848-1c4d-4b18-9fc3-c957e17ec638,MATERIALE SANITARE,open,,,,2025-01-02,src_ted_opendata,file_ted_0112,procedure,2026-08-19
pro_0104,0f22489c-0a56-447e-822e-fd1f38ceb694,Postępowanie o udzielenie zamówienia publicznego w trybie przetargu nieograniczonego na zakup i dostawę zestawu narzędzi chirurgicznych,open,,,,2025-01-02,src_ted_opendata,file_ted_0114,procedure,2026-08-19
pro_0105,b6f73669-1fe7-479f-b526-e37c5ae71db1,Zakup i dostawa produktów leczniczych stosowanych w ramach programów lekowych i chemioterapii oraz poza programami z dostawą do trzech lokalizacji UCK WUM,open,,,,2025-01-02,src_ted_opendata,file_ted_0115,procedure,2026-08-19
pro_0106,56bde13f-169a-42d5-89df-10f83d7804fc,Postępowanie konkursowe nr 6,open,,,,2025-01-02,src_ted_opendata,file_ted_0116,procedure,2026-08-19
pro_0107,3d56ec90-95de-4c41-aae4-f8cb23bc31e4,UREĐAJ ZA OBRADU INFEKTIVNOG OTPADA,open,,222974.40,EUR,2025-01-02,src_ted_opendata,file_ted_0119,procedure,2026-08-19
pro_0108,0f454c4f-0046-4abf-8350-39ef21740425,Ubezpieczenie Szpitala Matki Bożej Nieustającej Pomocy w Wołominie,open,,,,2025-01-02,src_ted_opendata,file_ted_0120,procedure,2026-08-19
pro_0109,44878321-9629-4beb-84c3-12289fab17ef,"„Dostawa kabli i przewodów elektroenergetycznych niskiego i średniego napięcia oraz kabli sygnalizacyjnych i teletechnicznych do zastosowania w zakładzie górniczym na powierzchni i w wyrobiskach podziemnych w pomieszczeniach ze stopniem „a”, „b” i ,,c” niebezpieczeństwa wybuchu metanu oraz klasy „A” i „B” zagrożenia wybuchem pyłu węglowego” – zgodnie z postanowieniami SWZ.",open,,,,2025-01-02,src_ted_opendata,file_ted_0121,procedure,2026-08-19
pro_0110,fddb65b9-dc2c-45a9-a4da-1bdc7a5b7b33,Рекламни и информационни материали за целите и нуждите на Звено „Център за младежки дейности“ гр. Враца по обособени позиции,open,,55867.22,BGN,2025-01-02,src_ted_opendata,file_ted_0122,procedure,2026-08-19
pro_0111,fbea26ce-6aa3-4d01-9223-008d8004f56e,Nákup mediálneho priestoru v SR a zahraničí,restricted,,12800000,EUR,2025-01-02,src_ted_opendata,file_ted_0123,procedure,2026-08-19
pro_0112,7554c45b-9a18-4911-b4d3-ba818978a829,ZP 32/24 dostawa sprzętu dla Oddziału Kardiochirurgii,open,,,,2025-01-02,src_ted_opendata,file_ted_0124,procedure,2026-08-19
pro_0113,3be0b714-8bd7-4c90-bcdc-743039825855,SE tűzjelző és tűzoltó rendszereinek karbantartása,open,,196647830.00,HUF,2025-01-02,src_ted_opendata,file_ted_0125,procedure,2026-08-19
pro_0114,50b1933e-610f-421c-9b0f-20aab2e9de3b,Marché de service d'Assurance Flotte Automobile et Risques Annexes de la Ville de Muret,open,,,,2025-01-02,src_ted_opendata,file_ted_0126,procedure,2026-08-19
pro_0115,cc063ee7-f0eb-4ad4-952c-88e77ecb41cf,Services d'assurances,open,,,,2025-01-02,src_ted_opendata,file_ted_0127,procedure,2026-08-19
pro_0116,8fc95ff4-7093-41c4-adb0-611a39b00eac,Contrôles périodiques réglementaires,open,,,,2025-01-02,src_ted_opendata,file_ted_0128,procedure,2026-08-19
pro_0117,13b4ee14-a41a-4b23-8a5a-ba2bdd4f8aff,Zagospodarowanie odpadów komunalnych z nieruchomości położonych na terenie gminy Stare Babice w 2025,open,,,,2025-01-02,src_ted_opendata,file_ted_0129,procedure,2026-08-19
pro_0118,87c197b5-abe4-4a7e-b7fc-33f35e717cb7,PRESTATIONS DE SERVICES D'ASSURANCE,open,,,,2025-01-02,src_ted_opendata,file_ted_0130,procedure,2026-08-19
pro_0119,b201feda-3ddf-4ea0-9d74-907f65169783,"„Ubezpieczenie majątku i innych interesów Miasta Jeleniej Góry wraz z Urzędem Miasta, jednostkami organizacyjnymi i instytucjami kultury oraz jednostkami Ochotniczych Straży Pożarnych”",open,,,,2025-01-02,src_ted_opendata,file_ted_0131,procedure,2026-08-19
pro_0120,96d26596-f314-4774-82c8-fe3dac42a3bc,Meerinzicht BI-specialist,restricted,,175000,EUR,2025-01-02,src_ted_opendata,file_ted_0132,procedure,2026-08-19
pro_0121,94abb87c-75c1-4786-881f-c00c14eaf2ce,Upphandling av revisionstjänster av stadens nämnder,open,,100000000,SEK,2025-01-02,src_ted_opendata,file_ted_0133,procedure,2026-08-19
pro_0122,3f679648-0586-4bbf-a474-aa2d1c5f0e8c,Echipamente hardware pentru transformare digitală-laptopuri,open,,,,2025-01-02,src_ted_opendata,file_ted_0134,procedure,2026-08-19
pro_0123,b8e51277-dfe3-4492-890a-9b068d87d9c5,Informatička oprema,open,,142000,EUR,2025-01-02,src_ted_opendata,file_ted_0135,procedure,2026-08-19
pro_0124,9329bbab-64db-4268-90ce-67d9212f97f7,Dostawa środków ochrony osobistej w ramach projektu „Development and maintenance of rescEU CBRN stockpiles in Poland” z podziałem na dwie Części,open,,,,2025-01-02,src_ted_opendata,file_ted_0136,procedure,2026-08-19
pro_0125,6d52cec3-5432-483b-9e1a-3e9d3d795bf8,Raamovereenkomst leveren dranken voor de culturele en jeugdinfrastructuur Asse,open,,,,2025-01-02,src_ted_opendata,file_ted_0137,procedure,2026-08-19
pro_0126,aa962505-7452-4170-bdad-82971d6ff214,Fourniture de repas en liaison froide pour le service de portage de repas de la Communauté de communes St Pourçain Sioule Limagne,open,,3200000,EUR,2025-01-02,src_ted_opendata,file_ted_0138,procedure,2026-08-19
pro_0127,af6148b4-b358-414d-8c8a-f2cc20dfa199,Budowa instalacji z wykorzystaniem odnawialnych źródeł energii na potrzeby budynków użyteczności publicznej (części od 1 do 8),open,,,,2025-01-02,src_ted_opendata,file_ted_0139,procedure,2026-08-19
pro_0128,6559ebba-68b3-4a01-94bf-75ae6ad5f4f7,Odbiór i zagospodarowanie odpadów komunalnych od właścicieli nieruchomości zamieszkałych z terenu Miasta i Gminy Bodzanów oraz z PSZOK,open,,,,2025-01-02,src_ted_opendata,file_ted_0140,procedure,2026-08-19
pro_0129,7214439b-0090-4caa-b15a-6c6de4ab27fb,Diagnostics et opérations de réduction de la vulnérabilité du bâti,open,,,,2025-01-02,src_ted_opendata,file_ted_0141,procedure,2026-08-19
pro_0130,629318fa-a432-4e3d-88d9-d9e2b307b5a1,ACCORD-CADRE À BONS DE COMMANDE POUR L'ENTRETIEN ET LA RÉPARATION DES VÉHICULES DE TOURISME ET UTILITAIRES DE PLAINE COMMUNE HABITAT,open,,400000,EUR,2025-01-02,src_ted_opendata,file_ted_0144,procedure,2026-08-19
pro_0131,0cb41a93-a3a2-4445-8e53-40e4c56e3c8b,Acord cadru furnizare alimente agroalimentare,open,,,,2025-01-02,src_ted_opendata,file_ted_0145,procedure,2026-08-19
pro_0132,b9021918-1c3a-4727-bbc2-5c1d64288e94,Maintenance préventive et curative de 3 microscopes LEICA de l’I2BC,neg-wo-call,,,,2025-01-02,src_ted_opendata,file_ted_0147,procedure,2026-08-19
pro_0133,be828453-465f-4126-831e-83042bf2e247,Zagospodarowanie odpadów zbieranych selektywnie z terenu gm.Wolsztyn w roku 2025,open,,,,2025-01-02,src_ted_opendata,file_ted_0148,procedure,2026-08-19
pro_0134,2321bf5d-054d-43ce-aeee-2a48360acf23,Udostępnienie i obsługa Punktu Selektywnej Zbiórki Odpadów Komunalnych (PSZOK) oraz zagospodarowanie segregowanych odpadów komunalnych dostarczanych przez mieszkańców Gminy Lesznowola,open,,,,2025-01-02,src_ted_opendata,file_ted_0149,procedure,2026-08-19
pro_0135,514487f3-9261-4ec1-a0b1-d0ada2000010,Dostawy środków kontrastowych,open,,,,2025-01-02,src_ted_opendata,file_ted_0150,procedure,2026-08-19
pro_0136,cc894d60-88b6-47a9-bb16-9a145876c50d,Dostawa trzech samochodów osobowych typu SUV wzmocniony w wersji nieoznakowanej o mocy silnika od 310 KM do 360 KM,open,,,,2025-01-02,src_ted_opendata,file_ted_0151,procedure,2026-08-19
pro_0137,88618a2f-21da-49e0-8a98-a60dc4f3e45f,"Aquisição de bicicletas elétricas e convencionais para a GNR e PSP, no âmbito do DLPIEFSS",open,,542700,EUR,2025-01-02,src_ted_opendata,file_ted_0152,procedure,2026-08-19
pro_0138,c9084d9d-17d6-4a04-adb5-e5db3926a614,Świadczenie usług w zakresie odbioru i zagospodarowania odpadów komunalnych z terenu miasta Bolesławiec,open,,,,2025-01-02,src_ted_opendata,file_ted_0153,procedure,2026-08-19
pro_0139,c3693fce-9f6a-4529-8c7d-d69be68f684c,242048/VRA/DCAMG - AO - MAINTENANCE ECLAIRAGE PUBLIC,open,,470000,EUR,2025-01-02,src_ted_opendata,file_ted_0154,procedure,2026-08-19
pro_0140,811051ca-abd2-4ee0-a2ee-9ffeb0768aae,"Entretien, maintenance et exploitation du poste central de régulation du trafic routier",open,,,,2025-01-02,src_ted_opendata,file_ted_0155,procedure,2026-08-19
pro_0141,03e1f824-9f94-4934-9c00-9074963f6a2d,"2024_P067 – Projeto 12 - Aquisição de serviços para análise e desenvolvimento de sistema integrado de gestão para centralização e contratação de energia para o Sistema Nacional de Compras Públicas (SNCP) e respetivos serviços de manutenção preventiva e evolutiva, no contexto da concretização do Plano de Recuperação e Resiliência",,,,,2025-01-02,src_ted_opendata,file_ted_0156,procedure,2026-08-19
pro_0142,db3efb47-76e7-40cf-b33a-a7eb075ff4b6,Kompleksowe sprzątanie budynków Sądu Rejonowego w Gliwicach przy ul. Powstańców Warszawy 23 i przy ul. O. Jana Siemińskiego 10a oraz Kuratorskich Ośrodków w Gliwicach i Knurowie,open,,720268.7,PLN,2025-01-02,src_ted_opendata,file_ted_0157,procedure,2026-08-19
pro_0143,c65ab65a-01d1-4153-b282-5b8e597a58c2,"Suministro, retirada de antiguos equipos, instalación, formación y mantenimiento en garantía de 44 desinfectacuñas para el Hospital Universitario Nuestra Señora de Candelaria.",open,,,,2025-01-02,src_ted_opendata,file_ted_0158,procedure,2026-08-19
pro_0144,1f163a18-5e53-4abc-aea2-cc9424a0a607,"ACORD CADRU SERVICII DE COLECTARE, TRANSPORT SI ELIMINARE FINALA A DESEURILOR SPITALICESTI",open,,,,2025-01-02,src_ted_opendata,file_ted_0159,procedure,2026-08-19
pro_0145,6e0ec662-480b-4297-86fe-0c6d8acee3ec,"Izdelava in posodobitev aplikacij, sistemov, spletišč in platform - Nadgradnja korpusa modernističnih besedil in izdelava podatkovne baze lastnih imen",open,,5000.0000,EUR,2025-01-02,src_ted_opendata,file_ted_0160,procedure,2026-08-19
pro_0146,3b10bf57-f353-44da-ad5f-2ee016b0237b,USG přístroj pro ambulanci,open,,330578,CZK,2025-01-02,src_ted_opendata,file_ted_0161,procedure,2026-08-19
pro_0147,d87c9569-7018-46dc-b58d-f7a906f15b6e,"Servicios informáticos para la implantación, soporte y mantenimiento de la Sede Electrónica del Sepblac",restricted,,,,2025-01-02,src_ted_opendata,file_ted_0162,procedure,2026-08-19
pro_0148,0fcf9d76-95b0-4667-b861-29994b462527,ДОСТАВКА НА ДЕЗИНФЕКТАНТИ ЗА НУЖДИТЕ НА ЦСМП-СОФИЯ,open,,56420.000000,BGN,2025-01-02,src_ted_opendata,file_ted_0163,procedure,2026-08-19
pro_0149,5b48b85c-7aee-4bbe-922e-ea6583f89699,Dostawa urządzeń oraz aparatury medycznej na potrzeby projektu.,open,,,,2025-01-02,src_ted_opendata,file_ted_0164,procedure,2026-08-19
pro_0150,eda19664-032e-4c8d-a9c9-404a5fbcf04a,"Záhrada umenia, Kmeťovo stromoradie, Prešov - stavebné činnosti",open,,3737280.31,EUR,2025-01-02,src_ted_opendata,file_ted_0166,procedure,2026-08-19
pro_0151,01ee0074-94a1-4e2c-ad26-20dbdfb2a618,Maintenance des installations techniques,open,,,,2025-01-02,src_ted_opendata,file_ted_0167,procedure,2026-08-19
pro_0152,46be21f6-fece-4c13-a470-0d7b181eba5f,DOSTARCZANIE LEKÓW RÓŻNYCH WG 32 PAKIETÓW,open,,,,2025-01-02,src_ted_opendata,file_ted_0168,procedure,2026-08-19
pro_0153,344f46db-8960-4c80-9010-34dad71e109e,Circuitos de datos para el sistema de contribución de CRTVE,open,,,,2025-01-02,src_ted_opendata,file_ted_0169,procedure,2026-08-19
pro_0154,25a5708f-1e09-430b-b0c9-747fa4dcd4d6,"Alimente pentru prepararea hranei – Carne, lactate, brânzeturi",open,,,,2025-01-02,src_ted_opendata,file_ted_0170,procedure,2026-08-19
pro_0155,eddef8db-2f5e-4313-8997-c5ed0fc8e605,97.ΠΡΟΜΗΘΕΙΑ ΤΡΟΧΗΛΑΤΟ ΑΠΟΡΡΙΜΜΑΤΩΝ,open,,1197,EUR,2025-01-02,src_ted_opendata,file_ted_0171,procedure,2026-08-19
pro_0156,1aade70e-1cb8-48c6-8b2f-02aaefc8f26e,"Objekto „Klaipėdos valstybinio jūrų uosto išorinio ir vidinio laivybos kanalo gilinimo ir platinimo nuo PK(-22) iki PK(26) projektas“ gilinimo darbus 21 ir 22 baruose iki –15,50 m gylio",open,,7406966.40,EUR,2025-01-02,src_ted_opendata,file_ted_0172,procedure,2026-08-19
pro_0157,9b692ed3-b8f0-4f64-8078-0c733d2b526d,"DOKUMENTNI SISTEM, ELEKTRONSKA HRAMBA IN SPREMLJEVALNE STORITVE",open,,500000.0000,EUR,2025-01-02,src_ted_opendata,file_ted_0173,procedure,2026-08-19
pro_0158,f694d923-45b6-4a7c-9d6a-f88f0d2987f8,Maîtrise d'oeuvre relative à la mise en conformité incendie de bâtiments de l'administration centrale du Ministère de l'Intérieur et des Outre-mer - sites Beauvau et Oudinot - Paris,restricted,,,,2025-01-02,src_ted_opendata,file_ted_0174,procedure,2026-08-19
pro_0159,a5c06dee-2e6b-433f-aca9-613415bb7e9f,Vantage Towers – Akvizice a výstavba infrastruktury základnových stanic – lokalita IO 94 Borky - opakování“,oth-single,,,,2025-01-02,src_ted_opendata,file_ted_0176,procedure,2026-08-19
pro_0160,1de6674a-57d8-4f1c-a3e5-f7f2cd979bcc,Projectleider Klimaat Academie - Cluster SO,restricted,,200520,EUR,2025-01-02,src_ted_opendata,file_ted_0177,procedure,2026-08-19
pro_0161,77ea020b-15fa-4a8f-b009-1c906f2da16e,Beschaffung einer Drehleiter für die Berufsfeuerwehr,open,,,,2025-01-02,src_ted_opendata,file_ted_0178,procedure,2026-08-19
pro_0162,946ba8a0-0c1a-4b7a-b4b2-5b47c42ee82d,digitale Anbindung OP-Dokumentationssystem Bielefeld,open,,1,EUR,2025-01-02,src_ted_opendata,file_ted_0179,procedure,2026-08-19
pro_0163,c7fad304-4e52-49aa-b91d-738f97af1882,Usluga održavanja nerazvrstanih cesta u zimskim uvjetima na području Grada Varaždina-zimska služba,open,,876800,EUR,2025-01-02,src_ted_opendata,file_ted_0180,procedure,2026-08-19
pro_0164,7c61d59b-45cb-4e9e-8b0a-6075147dec78,Marché de service relatif à la prestation d'assurance « Flotte automobile et risques annexes » pour les besoins de Plaine Commune Habitat.,open,,,,2025-01-02,src_ted_opendata,file_ted_0181,procedure,2026-08-19
pro_0165,64b755ee-6ca8-4ddb-9eeb-e2e5595b5fc7,Raccordement Jamet-Romanet de la ligne 1 de Tramway - Marché MT3 Travaux de Courants Forts / Courants Faibles,neg-w-call,,,,2025-01-02,src_ted_opendata,file_ted_0182,procedure,2026-08-19
pro_0166,e055c74d-79bd-42ba-920c-cd6fae0dd461,”Servicii de curățenie în Punctele de comandă (PC) ale Unităților de Combatere a Căderilor de Grindină (UCCG)”,open,,,,2025-01-02,src_ted_opendata,file_ted_0183,procedure,2026-08-19
pro_0167,ad6eceb0-589d-4fd1-9dc4-830610534741,Zakup i dostawa sprzętu medycznego wraz zapewnieniem depozytu oraz instrumentarium dla Oddziału Neurochirurgii i Oddziału Chirurgii Dziecięcej Uniwersyteckiego Szpitala Klinicznego w Opolu,open,,,,2025-01-02,src_ted_opendata,file_ted_0184,procedure,2026-08-19
pro_0168,9eb06d47-80e4-4b79-9206-e43e32852cfc,Asistencia técnica a la dirección de obra para la vigilancia y control de calidad de las obras de ejecución del proyecto constructivo de Espigón Central de la ampliación del Puerto de Bilbao en el Abra Exterior (2ª fase.,open,,,,2025-01-02,src_ted_opendata,file_ted_0185,procedure,2026-08-19
pro_0169,90f79389-4c19-4118-8af5-f716d138da69,"La prestación del servicio de carburantes y aditivos para vehículos, maquinaria y herramientas dependientes del ST de MA de la JCYL en Burgos",open,,,,2025-01-02,src_ted_opendata,file_ted_0186,procedure,2026-08-19
pro_0170,18b229a7-d239-4bac-a399-5491cd60bd01,Odbiór i zagospodarowanie odpadów komunalnych od właścicieli nieruchomości zamieszkałych na terenie gminy Jakubów,open,,,,2025-01-02,src_ted_opendata,file_ted_0187,procedure,2026-08-19
pro_0171,11de2217-3231-41db-96f5-2c25d4b1d917,Projectcoördinator en senior adviseur Huisvesting,open,,1,EUR,2025-01-02,src_ted_opendata,file_ted_0188,procedure,2026-08-19
pro_0172,25f7768e-ebfc-4a90-ae44-cfebaa11994f,Taastusraviseadmed,open,,,,2025-01-02,src_ted_opendata,file_ted_0189,procedure,2026-08-19
pro_0173,30bfa546-3289-47df-90de-2c9fc8dfc8d5,Maitrise d'oeuvre pour les travaux de sécurisation en eau potable du secteur Ouest de Thonon Agglomération,open,,555000,EUR,2025-01-02,src_ted_opendata,file_ted_0190,procedure,2026-08-19
pro_0174,20a9858b-2750-417f-bd6e-29dc35ea27fa,Lootemonitor,open,,,,2025-01-02,src_ted_opendata,file_ted_0191,procedure,2026-08-19
pro_0175,314847ff-3ea4-46f1-ae31-a173a5ae238a,DBS - Kostüm,oth-mult,,,,2025-01-02,src_ted_opendata,file_ted_0192,procedure,2026-08-19
pro_0176,f883e6cb-1737-424e-a7fc-46f6c5b1f551,PRESTATION DE SERVICES EN ASSURANCE,open,,,,2025-01-02,src_ted_opendata,file_ted_0193,procedure,2026-08-19
pro_0177,09deb8e3-a8be-4c3c-ad35-a4dbed61fe6d,Régészeti feltáráshoz kapcsolódó feladatok ellátás,open,,191368266.00,HUF,2025-01-02,src_ted_opendata,file_ted_0194,procedure,2026-08-19
pro_0178,244c7b7d-1d4a-4494-abb0-8196edf118eb,"Accord-cadre de nettoyage des parties communes, gestion des déchets ménagers et des encombrants des résidences d'Altéal",open,,,,2025-01-02,src_ted_opendata,file_ted_0195,procedure,2026-08-19
pro_0179,be44342c-a7d2-458a-b9d7-d59d5399bdee,Przeglądy i konserwacje urządzeń medycznych dla Narodowego Instytutu Onkologii im. Marii Skłodowskiej - Curie - Państwowego Instytutu Badawczego Oddziału w Gliwicach,open,,,,2025-01-02,src_ted_opendata,file_ted_0196,procedure,2026-08-19
pro_0180,ffb8aecd-4ab5-475a-acff-73bac80e34cd,FN Motol - Dodávky setů mechanické srdeční podpory pro děti,open,,58364680,CZK,2025-01-02,src_ted_opendata,file_ted_0197,procedure,2026-08-19
pro_0181,f6684913-d7ec-43e4-baa9-7c877d1f3f11,"Missions de diagnostics immobiliers, de repérage amiante et plomb",open,,,,2025-01-02,src_ted_opendata,file_ted_0198,procedure,2026-08-19
pro_0182,6e21d153-fd09-4a72-937d-47c0ecfb6188,"ACUERDO MARCO PARA EL SUMINISTRO DE REPUESTOS EXCLUSIVOS DEL FABRICANTE SCHUNK IBERICA, S.A. PARA EL MANTENIMIENTO DE LOS TRENES DEL MATERIAL MÓVIL DE METRO DE MADRID",neg-wo-call,,,,2025-01-02,src_ted_opendata,file_ted_0199,procedure,2026-08-19
pro_0183,4c79a950-32f1-4438-9b57-910104397458,"Usługa transportu drogowego osób dla Garnizonu Wrocław, Garnizonu Kłodzko w latach 2025-2026",open,,,,2025-01-02,src_ted_opendata,file_ted_0200,procedure,2026-08-19
pro_0184,02da2896-436c-4888-adbb-e8eb5681cd17,Suministro y mantenimiento preventivo de dos autobastidores para su posterior carrozado con equipos recolectores de carga lateral para recogida de residuos municipales,open,,,,2025-01-02,src_ted_opendata,file_ted_0201,procedure,2026-08-19
pro_0185,97e031de-6e7c-446e-a4df-840a58426a22,"Zakup i sukcesywna dostawa sprzętu dla Pracowni Bronchoskopii, Bloku Transplantologii i Oddziału Torakochirurgii",open,,,,2025-01-02,src_ted_opendata,file_ted_0202,procedure,2026-08-19
pro_0186,f8a666b8-a7b5-44ba-98da-a23954692feb,91.24 Sprzedaż i dostawa zestawu laparoskopowego z dwoma monitorami i rejestratorem do Szpitala Specjalistycznego im. Edmunda Biernackiego w Mielcu,open,,,,2025-01-02,src_ted_opendata,file_ted_0203,procedure,2026-08-19
pro_0187,880d0d81-f3cd-4d45-a2e8-7a1252484e36,735590 Sveikatos draudimo paslaugos,open,,670000,EUR,2025-01-02,src_ted_opendata,file_ted_0204,procedure,2026-08-19
pro_0188,234e327b-15ad-4a15-b8fa-c448248244e7,Öffentliche Submission Personenversicherungen per 01.01.2025,open,,,,2025-01-02,src_ted_opendata,file_ted_0205,procedure,2026-08-19
pro_0189,7e0b896b-00e0-4485-8bc5-701e75241e44,"Praha, Kbely - požární stanice - výstavba",open,,,,2025-01-02,src_ted_opendata,file_ted_0206,procedure,2026-08-19
pro_0190,da25f538-35b9-430d-8a94-a5c66ec52f87,"Odbiór i zagospodarowanie odpadów komunalnych z nieruchomości zamieszkałych, utworzenie i prowadzenie Punktu Selektywnego Zbierania Odpadów Komunalnych (PSZOK) oraz zagospodarowanie odpadów dostarczanych do PSZOK, z terenu Gminy Biłgoraj od 1 stycznia 2025 r. do 31 grudnia 2025 r.”",open,,,,2025-01-02,src_ted_opendata,file_ted_0207,procedure,2026-08-19
pro_0191,df7f45a0-caa4-4075-8d2f-fac12680b004,Storten van gemeentelijke afvalfracties 2025-2028,open,,,,2025-01-02,src_ted_opendata,file_ted_0208,procedure,2026-08-19
pro_0192,0a31a80e-4a04-4e19-8497-101ecd1b15ef,Prestations de maintenance préventive et corrective des variateurs de vitesse,neg-w-call,,,,2025-01-02,src_ted_opendata,file_ted_0209,procedure,2026-08-19
pro_0193,68f7c5c4-7785-4c48-9db6-f07fdeb4c0c9,"MAINTENANCE DES INSTALLATIONS DE CLIMATISATION, CENTRALE DE TRAITEMENT D?AIR, DE VMC ET DE RIDEAUX D?AIR CHAUD",open,,,,2025-01-02,src_ted_opendata,file_ted_0210,procedure,2026-08-19
pro_0194,ec81574f-96fa-46fe-9984-fd797ec69294,"Ausschreibung zum Abschluss eines Dienstleistungsauftrages für die Übernahme, den Transport und die thermische Behandlung und anschließende Verwertung/Entsorgung von kommunalem Klärschlamm in einem o",open,,,,2025-01-02,src_ted_opendata,file_ted_0211,procedure,2026-08-19
pro_0195,81b9a8e4-e69f-4dda-a8d9-d535edf1b27d,Levering speurhonden (DAS) Q4-2024,neg-wo-call,,,,2025-01-02,src_ted_opendata,file_ted_0212,procedure,2026-08-19
pro_0196,72dba5ef-c98a-4565-81e3-14552a6e1a32,"„Услуги по организиране, администриране и контрол на заплащането на таксите за паркиране чрез изпращане на кратки текстови съобщения по 3 обособени позиции“",neg-wo-call,,11966447.00,BGN,2025-01-02,src_ted_opendata,file_ted_0214,procedure,2026-08-19
pro_0197,9bc07bf5-f53a-40ef-ae20-e98512e92daa,Contract-cadru pentru 3 ani (2024-2027) de furnizare licente Microsoft parc informatic,open,,,,2025-01-02,src_ted_opendata,file_ted_0215,procedure,2026-08-19
pro_0198,0438a813-c168-4e2a-85c2-918e6dc0c5af,ΠΡΟΜΗΘΕΙΑ ΚΑΥΣΙΜΩΝ ΚΙΝΗΣΗΣ ΚΑΙ ΘΕΡΜΑΝΣΗΣ,open,,1108068,EUR,2025-01-02,src_ted_opendata,file_ted_0216,procedure,2026-08-19
pro_0199,989901f3-4f48-4260-8b5b-2c0efa63e1e5,Dostawa żywności do bieżącego żywienia wojsk w 2025 r. – PRODUKTY GŁĘBOKO MROŻONE,open,,,,2025-01-02,src_ted_opendata,file_ted_0217,procedure,2026-08-19
pro_0200,1b6d8067-d2f2-459d-ba76-1172ad90594c,VEHICULES : Acquisition de véhicules et équipements,open,,,,2025-01-02,src_ted_opendata,file_ted_0218,procedure,2026-08-19
pro_0201,c12c078a-91eb-484b-b051-536a8bda7b5d,Gospodarowanie odpadami o kodzie 19 01 14 lub 19 03 07 powstającymi w Zakładzie „Czajka” w ilości maksymalnej 12 000 Mg z podziałem na zadania.,open,,,,2025-01-02,src_ted_opendata,file_ted_0220,procedure,2026-08-19
pro_0202,55942719-0d74-40cb-be48-fa59fab4bddb,ACHIZITIONARE DE SUBSTITUENTI PIELE SI ALTE PRODUSE DEDICATE INGRIJIRII PLAGII ARSE,open,,,,2025-01-02,src_ted_opendata,file_ted_0221,procedure,2026-08-19
pro_0203,f6281147-299e-49e1-a123-29d6d11aadd3,„Доставка на лекарствени продукти включени в Приложение № 2 на Позитивния лекарствен списък за нуждите на „МБАЛ-Свиленград“ ЕООД - 5”,open,,42069.00,BGN,2025-01-02,src_ted_opendata,file_ted_0222,procedure,2026-08-19
pro_0204,a9662780-c02c-4114-9dcc-c9b498fdb63d,la maintenance préventive et corrective des chambres froides et des équipements réfrigérés pour le compte des établissements membres du Groupement Hospitalier de Territoire de la Guadeloupe,open,,,,2025-01-02,src_ted_opendata,file_ted_0223,procedure,2026-08-19
pro_0205,398ea915-9cdf-44d0-88c6-666053811484,ZAKUP OKRESOWYCH BILETÓW NA POWIATOWĄ KOMUNIKACJĘ PUBLICZNĄ NA TERENIE POWIATU LUBIŃSKIEGO NA SIECI ORGANIZOWANEJ PRZEZ POWIAT LUBIŃSKI W RAMACH PUBLICZNEGO TRANSPORTU ZBIOROWEGO.,neg-wo-call,,,,2025-01-02,src_ted_opendata,file_ted_0224,procedure,2026-08-19
pro_0206,0b62e5dd-e9ec-46c4-b34e-ce38bbed34be,KTW - Energetische Sanierung Trakt C - Medientechnik,open,,,,2025-01-02,src_ted_opendata,file_ted_0225,procedure,2026-08-19
pro_0207,9022198e-9f14-401f-8173-dfea95e98897,"„Доставка на портативен уред за елементен анализ, за нуждите на Технически университет – София, по проект BG-RRP-2.004-0005 “Подобряване на научноизследователския капацитет и качество за международна разпознаваемост и устойчивост на ТУ-София”, финансиран чрез Национален план за възстановяване и устойчивост, BG-RRP-2.004“",open,,71750.00,BGN,2025-01-02,src_ted_opendata,file_ted_0226,procedure,2026-08-19
pro_0208,ac83d807-34f0-497b-baf0-a740ec70ac1b,"Location de bus avec chauffeur pour les besoins scolaires, périscolaires, extrascolaires et des services de la Ville de Saint-Paul",open,,1600000,EUR,2025-01-02,src_ted_opendata,file_ted_0227,procedure,2026-08-19
pro_0209,8fd39a97-05f7-45d3-86c6-e32001465899,Odbieranie i transport odpadów komunalnych od właścicieli nieruchomości zamieszkałych z terenu Gminy Oława do Instalacji Przetwarzania Odpadów Komunalnych w Gać,open,,,,2025-01-02,src_ted_opendata,file_ted_0228,procedure,2026-08-19
pro_0210,3e789db9-b672-4ee3-b260-05c337739379,Utrzymanie czystości i przejezdności dróg w granicach administracyjnych Gminy Świętochłowice,,,,,2025-01-02,src_ted_opendata,file_ted_0229,procedure,2026-08-19
pro_0211,e5d172c6-999c-4aa1-a0fa-3183b7d3a2bf,Dostawa oleju napędowego wraz ze zbiornikiem magazynowym w formie dzierżawy na potrzeby Zakładu Gospodarki Komunalnej w Wieliczce w roku 2025,open,,952600,PLN,2025-01-02,src_ted_opendata,file_ted_0230,procedure,2026-08-19
pro_0212,d6663d51-6a17-4559-ba2c-99522471c54d,Remplacement de 510 chauffe-bains gaz par des chauffe-eaux électriques sur le quartier Neufchâtel à REIMS (Marne),open,,,,2025-01-02,src_ted_opendata,file_ted_0231,procedure,2026-08-19
pro_0213,9b2d2dca-cc1a-4d20-8225-c072fa85ab56,"Servicii de acceptare a plăților de impozite, taxe și a altor sume cuvenite bugetului local, efectuate cu carduri de plată prin intermediul terminalelor POS la ghișeele de plată și servicii de acceptare de plăți electronice prin intermediul Sistemului Național Electronic de plată online cu cardul bancar(SNEP)",open,,,,2025-01-02,src_ted_opendata,file_ted_0232,procedure,2026-08-19
pro_0214,a31313bc-b007-4a4b-aea0-0215e99d6d87,"Udzielenie kredytu długoterminowego w kwocie 5 535 065,00 zł na spłatę wcześniej zaciągniętych zobowiązań Gminy Ropczyce",open,,,,2025-01-02,src_ted_opendata,file_ted_0233,procedure,2026-08-19
pro_0215,01933969-00ac-4325-bce9-6c5adc4f4587,"Rahmenvertrag über Beschaffung Access-Switches, Core-Switches und Server-Switches",open,,,,2025-01-02,src_ted_opendata,file_ted_0235,procedure,2026-08-19
pro_0216,d3fe720c-cb72-4f74-b287-a9445ee273fa,14/AQ/AT/2024 - Aquisição de serviços de desenvolvimento aplicacional no âmbito da necessidade de implementação do projeto de Manutenção e Evolução Tecnológica da aplicação ATGO,oth-single,,,,2025-01-02,src_ted_opendata,file_ted_0236,procedure,2026-08-19
pro_0217,7a73894b-9025-4a51-ba2f-51c7f222a780,Brive La Gaillarde (19) – Accessibilité PMR – TX de rehaussement Quai 1 et 5,neg-w-call,,,,2025-01-02,src_ted_opendata,file_ted_0237,procedure,2026-08-19
pro_0218,1129bee0-5a2b-4657-9c02-86d7fd5bc521,Externalisation des éditions du service gestion locative,open,,320000,EUR,2025-01-02,src_ted_opendata,file_ted_0238,procedure,2026-08-19
pro_0219,5bf4b24c-4ba5-4631-9317-3ad7e0de9302,Ozelenjivanje javnih površina na području općine Nedelišće,open,,321000,EUR,2025-01-02,src_ted_opendata,file_ted_0239,procedure,2026-08-19
pro_0220,9fcc03d6-8de9-4dfd-a356-345dbe0ad371,Odprowadzanie wód opadowych i roztopowych kanalizacją deszczową z powierzchni zanieczyszczonych o trwałej nawierzchni,neg-wo-call,,,,2025-01-02,src_ted_opendata,file_ted_0240,procedure,2026-08-19
pro_0221,ed484d47-418f-4bed-94bf-385af30ab5ae,Utrzymanie i remonty urządzeń elektroenergetycznych w Enea Elektrownia Połaniec S.A. na okres 3 m-cy w 2025 roku,neg-wo-call,,,,2025-01-02,src_ted_opendata,file_ted_0241,procedure,2026-08-19
pro_0222,f4f3270c-110b-43af-9843-c7099abf7dbb,„Dostawa Licencji do Oprogramowania SugarCRM lub równoważne wraz ze wsparciem serwisowym” (2 części),open,,,,2025-01-02,src_ted_opendata,file_ted_0242,procedure,2026-08-19
pro_0223,de36d31f-8c4e-4bd1-a95a-d25493968778,„Реконструкция на ул. „Мармарлийска“ (ОК370 - ОК372 - ОК341 - ОК860в - ОК378 - ОК598) в град Велико Търново“,open,,4045333.33,BGN,2025-01-02,src_ted_opendata,file_ted_0243,procedure,2026-08-19
pro_0224,591d52d1-68ad-4169-86cc-f74f711516f0,Furnizare medicamente oncologice,open,,,,2025-01-02,src_ted_opendata,file_ted_0244,procedure,2026-08-19
pro_0225,598262ca-3dc0-4cfb-a8a3-2a360b4aa846,"SERVICIO DE CERTIFICACIÓN, INSPECCIÓN, SEGUIMIENTO Y ASISTENCIA ANTE EL SUMINISTRO DE NUEVO MATERIAL MÓVIL DE GÁLIBO ESTRECHO",open,,7800000,EUR,2025-01-02,src_ted_opendata,file_ted_0245,procedure,2026-08-19
pro_0226,f20e31d2-63f3-4eac-84d0-7ea3557d8bec,Usługa w zakresie SUFO,restricted,,,,2025-01-02,src_ted_opendata,file_ted_0246,procedure,2026-08-19
pro_0227,bcf771d9-59fc-4b2b-9520-eb91d4253dcd,Odbiór i transport odpadów komunalnych oraz usługa obejmująca prowadzenie dwóch Punktów Selektywnego Zbierania Odpadów Komunalnych (PSZOK),neg-wo-call,,,,2025-01-02,src_ted_opendata,file_ted_0247,procedure,2026-08-19
pro_0228,7cea7987-966d-4a81-9a4c-aad93084b244,Opracowanie kompletnej dokumentacji projektowej dla odcinkowej budowy lewego i prawego wału przeciwpowodziowego rzeki Młynówka wraz z budową bulwarów o łącznej długości ok. 1 330 m oraz budowy suchego zbiornika na rzece Młynówka w km 3+485 w ramach zadania pn.: „Budowa suchego zbiornika na rzece Młynówka w km 3+485”,open,,,,2025-01-02,src_ted_opendata,file_ted_0248,procedure,2026-08-19
pro_0229,8588d24c-b10f-43a4-9332-19e260e6b970,Leki różne V,open,,,,2025-01-02,src_ted_opendata,file_ted_0249,procedure,2026-08-19
pro_0230,076da52a-48cb-4833-8cfd-aa7996dff413,Suministro de energía eléctrica y la prestación de los servicios energéticos y de mantenimiento con garantía total de las instalaciones de Alumbrado Público Exterior del Ayuntamiento de Burriana,open,,,,2025-01-02,src_ted_opendata,file_ted_0251,procedure,2026-08-19
pro_0231,c7a80b5b-fae5-49b0-bcb3-e69e3b3717e3,CMS régional Sion-Hérens-Conthey - AIMP LAAC et Maladie perte de gain,open,,,,2025-01-02,src_ted_opendata,file_ted_0252,procedure,2026-08-19
pro_0232,f7a282c8-5f11-49d6-a145-22c694da08bf,Ville de Sion - AIMP Flotte,open,,,,2025-01-02,src_ted_opendata,file_ted_0253,procedure,2026-08-19
pro_0233,51ad7e53-5c0b-45b0-8dcf-ca27fffa58ad,"24N0020-Maintenance des équipements d'alimentation électrique, d'éclairage et de ventilation des tunnels de la Métropole Nice Côte d'Azur",open,,,,2025-01-02,src_ted_opendata,file_ted_0255,procedure,2026-08-19
pro_0234,5da9a764-3653-43bc-80ba-40125b421569,Dostawa odczynników i wzorców laboratoryjnych,open,,,,2025-01-02,src_ted_opendata,file_ted_0256,procedure,2026-08-19
pro_0235,671f1a59-31ac-48de-9210-8d20b7f3f529,09/AQ/AT/2024 - Aquisição de serviços de desenvolvimento aplicacional no âmbito da manutenção corretiva e evolutiva do Sistema de Distribuição da Receita e Despesa (SDRD),oth-single,,,,2025-01-02,src_ted_opendata,file_ted_0257,procedure,2026-08-19
pro_0236,9cecb819-3784-4cf3-9e77-e6dda5f49e70,Zakup jałowego sprzętu medycznego jednorazowego użytku i innego asortymentu medycznego - 3,open,,804870.37,PLN,2025-01-02,src_ted_opendata,file_ted_0258,procedure,2026-08-19
pro_0237,f4cab3b5-9731-4d14-91d2-d9fcc93cc26e,Dostawa wodorowęglanu sodu do suchego oczyszczania spalin w Stacji Termicznej Utylizacji Osadów Ściekowych,open,,,,2025-01-02,src_ted_opendata,file_ted_0259,procedure,2026-08-19
pro_0238,6df2c6a2-6c78-463f-a0b7-9fb0cdcfb55f,Odbiór i zagospodarowanie odpadów komunalnych z terenu Gminy Popielów,open,,,,2025-01-02,src_ted_opendata,file_ted_0260,procedure,2026-08-19
pro_0239,0d637c9a-d5ff-416e-b493-5cdae4b5165f,"Dostawa materiałów eksploatacyjnych do aparatury medycznej ""2""",open,,,,2025-01-02,src_ted_opendata,file_ted_0261,procedure,2026-08-19
pro_0240,a4a9a969-9957-4e34-90c8-e7c653b06b5c,qPCR -laitteistot,open,,320000,EUR,2025-01-02,src_ted_opendata,file_ted_0263,procedure,2026-08-19
pro_0241,00d13696-1a6d-4a50-91a1-dae2157250b0,"Achiziționare echipamente TIC pentru dotarea unităților educaționale din UAT ORAȘUL Sânnicolau Mare, județul Timiș",open,,,,2025-01-02,src_ted_opendata,file_ted_0264,procedure,2026-08-19
pro_0242,a42e612c-6dc2-4cb2-bc76-400fbb584fcb,Zakup i dostawa odczynników wraz z dzierżawą systemu biochemiczno-immunologicznego na okres 36 miesięcy w tym: – Dwa automatyczne systemy biochemiczno-immunologiczne /z modułem ISE/ – Sorter próbek zintegrowany z systemami biochemiczno-immunochemicznymi – stacja do uzdatniania wody jako wyposażenie systemu oraz dostosowanie pomieszczeń laboratoryjnych w celu wdrożenia systemu .,open,,,,2025-01-02,src_ted_opendata,file_ted_0265,procedure,2026-08-19
pro_0243,fc8133d9-ed7c-4eb1-babf-a39c93c2ca05,Mededingingsprocedure met onderhandeling (ontwerp)Wijziging omgevingsplan Ecofactorij II met onderliggende onderzoeken,neg-wo-call,,940000.0,EUR,2025-01-02,src_ted_opendata,file_ted_0266,procedure,2026-08-19
pro_0244,d725d692-4e61-45a9-ade8-bf9241fd9603,Fournitures de denrées alimentaires et prestations associées pour la restauration collective,open,,,,2025-01-02,src_ted_opendata,file_ted_0267,procedure,2026-08-19
pro_0245,31e45164-9522-430d-982b-b9e40bb91555,Odbiór i zagospodarowanie odpadów komunalnych z nieruchomości zamieszkałych na terenie Gminy Krzepice,open,,2206365,PLN,2025-01-02,src_ted_opendata,file_ted_0268,procedure,2026-08-19
pro_0246,c821b892-faa3-40c3-8ba1-512268362dbc,725643 Siurblių remonto ir metalo gaminių apdirbimo paslaugos,open,,335000.00,EUR,2025-01-02,src_ted_opendata,file_ted_0269,procedure,2026-08-19
pro_0247,edfc86fb-b5ea-4071-9a06-a11c6974e650,Rahmenvertrag Tiefbauarbeiten Bezirk Ost 2025,neg-w-call,,,,2025-01-02,src_ted_opendata,file_ted_0270,procedure,2026-08-19
pro_0248,9e70323d-9487-429d-9cbe-bd9f9f202ef6,Prijevoz učenika OŠ nad kojima osnivačka prava ima Bjelovarsko-bilogorska županija,open,,1260000,EUR,2025-01-02,src_ted_opendata,file_ted_0271,procedure,2026-08-19
pro_0249,42134abd-e73d-4525-8d94-53dafe2bf32d,Tunnel de Viandes Renforcement par coques L590 (Départ 82),neg-w-call,,,,2025-01-02,src_ted_opendata,file_ted_0272,procedure,2026-08-19
pro_0250,af432ef8-2ea6-4f0b-8c77-e42be7d7d45c,Dostawy materiałów medycznych jednorazowego użytku.,open,,,,2025-01-02,src_ted_opendata,file_ted_0273,procedure,2026-08-19
pro_0251,314feb90-85ed-457b-abfb-2db830d98870,DAS Maaibeheer Weerribben Wintermaaien overjarig riet Cluster 2,open,,1,EUR,2025-01-02,src_ted_opendata,file_ted_0274,procedure,2026-08-19
pro_0252,450c1f3c-c3d8-4252-89c3-38ddc9a5c35c,Fourniture de produits et matériels d'entretien et d'essuyage pour divers groupes du département de la Seine Maritime,open,,,,2025-01-02,src_ted_opendata,file_ted_0275,procedure,2026-08-19
pro_0253,f0be56f2-9c5d-41ac-bfbc-5cbcc5509883,Postępowanie o udzielenie zamówienia publicznego prowadzone w trybie przetargu nieograniczonego o wartości powyżej 221 000 Euro na dostawę sterylizatora niskotemperaturowego na tlenek etylenu EO dla Wojewódzkiego Wielospecjalistycznego Centrum Onkologii i Traumatologii im. M. Kopernika w Łodzi.,open,,,,2025-01-02,src_ted_opendata,file_ted_0276,procedure,2026-08-19
pro_0254,138bbc37-831e-41a2-8ceb-b24ae59affb3,Villamos energia közbeszerzése_2025_Tata Város,open,,,,2025-01-02,src_ted_opendata,file_ted_0277,procedure,2026-08-19
pro_0255,d24fa255-2786-48d2-9eaf-32033e7d99a7,Entretien des espaces extérieurs,open,,,,2025-01-02,src_ted_opendata,file_ted_0278,procedure,2026-08-19
pro_0256,b6f20cb5-db86-4bb9-9250-80dc923bbaf9,Inżynier Kontraktu dla Zadania pn. „Modernizacja dwóch lewobrzeżnych Kolektorów Burzowych Mostowa/Boleść oraz Krasińskiego wraz z ich wylotami w kierunku rz. Wisły”.,open,,,,2025-01-02,src_ted_opendata,file_ted_0279,procedure,2026-08-19
pro_0257,b7301429-eb10-4468-8769-0336dab50efd,Service si piese de schimb pentru autoturisme teren D.R.D.P. Iasi,open,,,,2025-01-02,src_ted_opendata,file_ted_0280,procedure,2026-08-19
pro_0258,53444dac-0619-420c-b798-736271b10322,(85) ΠΡΟΜΗΘΕΙΑ AMBU MASK ΑΣΚΟΥΣ ΑΝΑΝΗΨΗΣ ΜΕ ΡΕΖΕΡΒΟΥΑΡ ΟΞΥΓΟΝΟΥ ΠΟΥ ΝΑ ΑΠΟΣΤΕΙΡΩΝΟΝΤΑΙ,open,,332,EUR,2025-01-02,src_ted_opendata,file_ted_0281,procedure,2026-08-19
pro_0259,deffda1f-b15f-4b95-a455-543a7af0ae17,Najem in vzdrževanje sistema za spremljanje in nadzor čistosti površin in spremljanje in nadzor higiene rok za obdobje 60 mesecev,open,,33660.3000,EUR,2025-01-02,src_ted_opendata,file_ted_0282,procedure,2026-08-19
pro_0260,00a143ab-195e-4337-8d8c-bfe87c79be9e,741762 ArcGIS EA licencija ir konsultacinės paslaugos,open,,,,2025-01-02,src_ted_opendata,file_ted_0283,procedure,2026-08-19
pro_0261,94c01bf6-03e9-486c-9634-d643bebb43a9,Świadczenie usług ochrony osób i mienia w obrębie nieruchomości zarządzanych przez KZGM w Katowicach,open,,,,2025-01-02,src_ted_opendata,file_ted_0284,procedure,2026-08-19
pro_0262,eb7ed713-416b-4dde-b942-e49231b34120,Dostawa lproduktow leczniczych i środków dezynfekcyjnych,open,,,,2025-01-02,src_ted_opendata,file_ted_0285,procedure,2026-08-19
pro_0263,0973785c-7b2e-4dd0-aba1-5069a6fa6536,CONTRATS D'ASSURANCES POUR LA VILLE DE NEVERS ET LA COMMUNAUTE D'AGGLOMERATION DE NEVERS,open,,,,2025-01-02,src_ted_opendata,file_ted_0286,procedure,2026-08-19
pro_0264,263de253-f46c-460b-9291-1be0eba8fe84,"Réalisation d'un nouveau pont sur l'Isère et des raccordements routiers sur la RD10 sur les communes de Crolles, Froges et Villard-Bonnot",open,,,,2025-01-02,src_ted_opendata,file_ted_0287,procedure,2026-08-19
pro_0265,b33f5194-41b3-48e1-8008-f3c1dda188fc,Senoje CVP IS konkretaus pirkimo Nr. 745887 - 25 konkretus pirkimas. Alytaus apskrities vyriausiojo policijos komisariato tarnybinių transporto priemonių atsarginės dalys ir eksploatacinės medžiagos,restricted,,165289.26,EUR,2025-01-02,src_ted_opendata,file_ted_0288,procedure,2026-08-19
pro_0266,5bf02280-1cec-403d-b1ac-c0d12dfa9316,Świadczenie usługi żywienia pacjentów hospitalizowanych w Szpitalu Czerniakowskim sp. z o.o.,open,,,,2025-01-02,src_ted_opendata,file_ted_0289,procedure,2026-08-19
pro_0267,87d804fb-ef72-4bf7-9253-658dfdc73266,Dostawa 1 sztuki samochodu osobowego typu SUV w wersji nieoznakowanej.,open,,,,2025-01-02,src_ted_opendata,file_ted_0290,procedure,2026-08-19
pro_0268,dc035ae2-6a46-410d-bcab-9b382a558441,Solution de dématérialisation du Conseil Médical,open,,650000,EUR,2025-01-02,src_ted_opendata,file_ted_0291,procedure,2026-08-19
pro_0269,25e4543e-9470-4d08-88ff-71a1cebcad83,zapewnienie przedłużenia gwarancji oraz serwisu wraz ze wsparciem technicznym dla sprzętu sieciowo-serwerowego,open,,2816765.65,PLN,2025-01-02,src_ted_opendata,file_ted_0292,procedure,2026-08-19
pro_0270,2bf4c1bb-96d8-4cc8-8d7c-714cf3263d8f,Dostawy produktów mleczarskich,open,,,,2025-01-02,src_ted_opendata,file_ted_0295,procedure,2026-08-19
pro_0271,af59912b-10b6-4651-9d37-4f4d5ecbbf9e,"Wycinka drzew i krzewów wraz z uprzątnięciem, na potrzeby realizacji inwestycji drogowych pod budowę drogi ekspresowej S17 Piaski-Hrebenne, S17 - odcinki nr 7 i 9.",open,,2031756.33,PLN,2025-01-02,src_ted_opendata,file_ted_0296,procedure,2026-08-19
pro_0272,0bdf1e6b-d017-42c2-8e08-ef2e55bfb1c4,Kiirtõkestusvahendite soetamine,neg-wo-call,,,,2025-01-02,src_ted_opendata,file_ted_0297,procedure,2026-08-19
pro_0273,6d22f117-63bc-4771-b0b0-d4eaa18c3e95,Aquisição de serviços de higiene e limpeza com fornecimento de consumíveis de casa de banho para equipamentos desportivos e culturais do Município de Vila Nova de Gaia,open,,4371999.11,EUR,2025-01-02,src_ted_opendata,file_ted_0298,procedure,2026-08-19
pro_0274,854f6b0b-dfda-4506-bcbc-df785f4b6ccc,"dostawa leków, środków spożywczych specjalnego przeznaczenia żywieniowego - 197 pakietów.",open,,,,2025-01-02,src_ted_opendata,file_ted_0299,procedure,2026-08-19
