supplier_project_id,supplier_id,project_id,relationship_type,relationship_description,source_id,source_file_id,source_record_id
sp_wb_77715,sup_wb_808065,prj_wb_p180171,contract_supplier_for_project,Observed in World Bank DS00005 contract award record,src_worldbank_finances1,file_worldbank_ds00005_001,77715
sp_wb_77714,sup_wb_775428,prj_wb_p166539,contract_supplier_for_project,Observed in World Bank DS00005 contract award record,src_worldbank_finances1,file_worldbank_ds00005_001,77714
sp_wb_77713,sup_wb_104460,prj_wb_p168481,contract_supplier_for_project,Observed in World Bank DS00005 contract award record,src_worldbank_finances1,file_worldbank_ds00005_001,77713
sp_wb_77712,sup_wb_870229,prj_wb_p161996,contract_supplier_for_project,Observed in World Bank DS00005 contract award record,src_worldbank_finances1,file_worldbank_ds00005_001,77712
sp_wb_77320,sup_wb_4a7288a5294a8a42,prj_wb_p161928,contract_supplier_for_project,Observed in World Bank DS00005 contract award record,src_worldbank_finances1,file_worldbank_ds00005_001,77320
sp_wb_76736,sup_wb_860193,prj_wb_p144271,contract_supplier_for_project,Observed in World Bank DS00005 contract award record,src_worldbank_finances1,file_worldbank_ds00005_001,76736
sp_wb_77319,sup_wb_597c6820544f90eb,prj_wb_p144271,contract_supplier_for_project,Observed in World Bank DS00005 contract award record,src_worldbank_finances1,file_worldbank_ds00005_001,77319
sp_wb_76735,sup_wb_859159,prj_wb_p144271,contract_supplier_for_project,Observed in World Bank DS00005 contract award record,src_worldbank_finances1,file_worldbank_ds00005_001,76735
sp_wb_76734,sup_wb_850841,prj_wb_p144271,contract_supplier_for_project,Observed in World Bank DS00005 contract award record,src_worldbank_finances1,file_worldbank_ds00005_001,76734
sp_wb_76733,sup_wb_859159,prj_wb_p144271,contract_supplier_for_project,Observed in World Bank DS00005 contract award record,src_worldbank_finances1,file_worldbank_ds00005_001,76733
sp_wb_77191,sup_wb_7bafa91fcfc844d9,prj_wb_p170035,contract_supplier_for_project,Observed in World Bank DS00005 contract award record,src_worldbank_finances1,file_worldbank_ds00005_001,77191
sp_wb_76732,sup_wb_501243,prj_wb_p170035,contract_supplier_for_project,Observed in World Bank DS00005 contract award record,src_worldbank_finances1,file_worldbank_ds00005_001,76732
sp_wb_76731,sup_wb_019d3d38babbd480,prj_wb_p167790,contract_supplier_for_project,Observed in World Bank DS00005 contract award record,src_worldbank_finances1,file_worldbank_ds00005_001,76731
sp_wb_77190,sup_wb_5a003169efcd9cd8,prj_wb_p162594,contract_supplier_for_project,Observed in World Bank DS00005 contract award record,src_worldbank_finances1,file_worldbank_ds00005_001,77190
sp_wb_77059,sup_wb_061be76effb02d19,prj_wb_p173834,contract_supplier_for_project,Observed in World Bank DS00005 contract award record,src_worldbank_finances1,file_worldbank_ds00005_001,77059
sp_wb_77318,sup_wb_032a4463844be728,prj_wb_p162594,contract_supplier_for_project,Observed in World Bank DS00005 contract award record,src_worldbank_finances1,file_worldbank_ds00005_001,77318
sp_wb_77189,sup_wb_866915,prj_wb_p163353,contract_supplier_for_project,Observed in World Bank DS00005 contract award record,src_worldbank_finances1,file_worldbank_ds00005_001,77189
sp_wb_77711,sup_wb_655751,prj_wb_p154112,contract_supplier_for_project,Observed in World Bank DS00005 contract award record,src_worldbank_finances1,file_worldbank_ds00005_001,77711
sp_wb_77188,sup_wb_813131,prj_wb_p163353,contract_supplier_for_project,Observed in World Bank DS00005 contract award record,src_worldbank_finances1,file_worldbank_ds00005_001,77188
sp_wb_77710,sup_wb_704091,prj_wb_p166936,contract_supplier_for_project,Observed in World Bank DS00005 contract award record,src_worldbank_finances1,file_worldbank_ds00005_001,77710
sp_wb_77709,sup_wb_f31b4993221d0391,prj_wb_p160674,contract_supplier_for_project,Observed in World Bank DS00005 contract award record,src_worldbank_finances1,file_worldbank_ds00005_001,77709
sp_wb_77708,sup_wb_051fd2ff3de0f400,prj_wb_p163353,contract_supplier_for_project,Observed in World Bank DS00005 contract award record,src_worldbank_finances1,file_worldbank_ds00005_001,77708
sp_wb_76730,sup_wb_842933,prj_wb_p167790,contract_supplier_for_project,Observed in World Bank DS00005 contract award record,src_worldbank_finances1,file_worldbank_ds00005_001,76730
sp_wb_76729,sup_wb_021a1c3d43393cbd,prj_wb_p167790,contract_supplier_for_project,Observed in World Bank DS00005 contract award record,src_worldbank_finances1,file_worldbank_ds00005_001,76729
sp_wb_77058,sup_wb_871884,prj_wb_p167790,contract_supplier_for_project,Observed in World Bank DS00005 contract award record,src_worldbank_finances1,file_worldbank_ds00005_001,77058
sp_wb_77707,sup_wb_921143,prj_wb_p160865,contract_supplier_for_project,Observed in World Bank DS00005 contract award record,src_worldbank_finances1,file_worldbank_ds00005_001,77707
sp_wb_76479,sup_wb_870575,prj_wb_p166802,contract_supplier_for_project,Observed in World Bank DS00005 contract award record,src_worldbank_finances1,file_worldbank_ds00005_001,76479
sp_wb_77317,sup_wb_758338,prj_wb_p163353,contract_supplier_for_project,Observed in World Bank DS00005 contract award record,src_worldbank_finances1,file_worldbank_ds00005_001,77317
sp_wb_77187,sup_wb_821238,prj_wb_p163353,contract_supplier_for_project,Observed in World Bank DS00005 contract award record,src_worldbank_finances1,file_worldbank_ds00005_001,77187
sp_wb_77186,sup_wb_841951,prj_wb_p163353,contract_supplier_for_project,Observed in World Bank DS00005 contract award record,src_worldbank_finances1,file_worldbank_ds00005_001,77186
sp_wb_76478,sup_wb_847310,prj_wb_p176965,contract_supplier_for_project,Observed in World Bank DS00005 contract award record,src_worldbank_finances1,file_worldbank_ds00005_001,76478
sp_wb_76477,sup_wb_699056,prj_wb_p176965,contract_supplier_for_project,Observed in World Bank DS00005 contract award record,src_worldbank_finances1,file_worldbank_ds00005_001,76477
sp_wb_76346,sup_wb_845733,prj_wb_p176965,contract_supplier_for_project,Observed in World Bank DS00005 contract award record,src_worldbank_finances1,file_worldbank_ds00005_001,76346
sp_wb_77706,sup_wb_04a1b6bdd498c452,prj_wb_p163711,contract_supplier_for_project,Observed in World Bank DS00005 contract award record,src_worldbank_finances1,file_worldbank_ds00005_001,77706
sp_wb_77705,sup_wb_784273,prj_wb_p169168,contract_supplier_for_project,Observed in World Bank DS00005 contract award record,src_worldbank_finances1,file_worldbank_ds00005_001,77705
sp_wb_76921,sup_wb_826356,prj_wb_p170466,contract_supplier_for_project,Observed in World Bank DS00005 contract award record,src_worldbank_finances1,file_worldbank_ds00005_001,76921
sp_wb_77704,sup_wb_05cbf1a880600984,prj_wb_p163711,contract_supplier_for_project,Observed in World Bank DS00005 contract award record,src_worldbank_finances1,file_worldbank_ds00005_001,77704
sp_wb_77316,sup_wb_870955,prj_wb_p176088,contract_supplier_for_project,Observed in World Bank DS00005 contract award record,src_worldbank_finances1,file_worldbank_ds00005_001,77316
sp_wb_76345,sup_wb_0660afdac1fc61b3,prj_wb_p163711,contract_supplier_for_project,Observed in World Bank DS00005 contract award record,src_worldbank_finances1,file_worldbank_ds00005_001,76345
sp_wb_76728,sup_wb_860463,prj_wb_p180171,contract_supplier_for_project,Observed in World Bank DS00005 contract award record,src_worldbank_finances1,file_worldbank_ds00005_001,76728
sp_wb_76727,sup_wb_fa11527198908259,prj_wb_p167512,contract_supplier_for_project,Observed in World Bank DS00005 contract award record,src_worldbank_finances1,file_worldbank_ds00005_001,76727
sp_wb_77185,sup_wb_576359,prj_wb_p163353,contract_supplier_for_project,Observed in World Bank DS00005 contract award record,src_worldbank_finances1,file_worldbank_ds00005_001,77185
sp_wb_77184,sup_wb_866936,prj_wb_p163353,contract_supplier_for_project,Observed in World Bank DS00005 contract award record,src_worldbank_finances1,file_worldbank_ds00005_001,77184
sp_wb_76344,sup_wb_2c4563c7d9a3493a,prj_wb_p169718,contract_supplier_for_project,Observed in World Bank DS00005 contract award record,src_worldbank_finances1,file_worldbank_ds00005_001,76344
sp_wb_77183,sup_wb_812670,prj_wb_p169265,contract_supplier_for_project,Observed in World Bank DS00005 contract award record,src_worldbank_finances1,file_worldbank_ds00005_001,77183
sp_wb_76343,sup_wb_0de8284afc183a79,prj_wb_p178694,contract_supplier_for_project,Observed in World Bank DS00005 contract award record,src_worldbank_finances1,file_worldbank_ds00005_001,76343
sp_wb_76920,sup_wb_640839,prj_wb_p180220,contract_supplier_for_project,Observed in World Bank DS00005 contract award record,src_worldbank_finances1,file_worldbank_ds00005_001,76920
sp_wb_76476,sup_wb_364a9c8b2925e5c7,prj_wb_p166802,contract_supplier_for_project,Observed in World Bank DS00005 contract award record,src_worldbank_finances1,file_worldbank_ds00005_001,76476
sp_wb_77315,sup_wb_01ca1dafa07974e1,prj_wb_p178684,contract_supplier_for_project,Observed in World Bank DS00005 contract award record,src_worldbank_finances1,file_worldbank_ds00005_001,77315
sp_wb_76474,sup_wb_637607,prj_wb_p175011,contract_supplier_for_project,Observed in World Bank DS00005 contract award record,src_worldbank_finances1,file_worldbank_ds00005_001,76474
sp_wb_76475,sup_wb_778851,prj_wb_p175011,contract_supplier_for_project,Observed in World Bank DS00005 contract award record,src_worldbank_finances1,file_worldbank_ds00005_001,76475
sp_wb_77057,sup_wb_865732,prj_wb_p165129,contract_supplier_for_project,Observed in World Bank DS00005 contract award record,src_worldbank_finances1,file_worldbank_ds00005_001,77057
sp_wb_77703,sup_wb_2bd794ce03edfe7a,prj_wb_p170185,contract_supplier_for_project,Observed in World Bank DS00005 contract award record,src_worldbank_finances1,file_worldbank_ds00005_001,77703
sp_wb_76222,sup_wb_705113,prj_wb_p163353,contract_supplier_for_project,Observed in World Bank DS00005 contract award record,src_worldbank_finances1,file_worldbank_ds00005_001,76222
sp_wb_76570,sup_wb_031058fc25458ce2,prj_wb_p153743,contract_supplier_for_project,Observed in World Bank DS00005 contract award record,src_worldbank_finances1,file_worldbank_ds00005_001,76570
sp_wb_76473,sup_wb_721979,prj_wb_p162679,contract_supplier_for_project,Observed in World Bank DS00005 contract award record,src_worldbank_finances1,file_worldbank_ds00005_001,76473
sp_wb_77702,sup_wb_325bdb7dc6939151,prj_wb_p162637,contract_supplier_for_project,Observed in World Bank DS00005 contract award record,src_worldbank_finances1,file_worldbank_ds00005_001,77702
sp_wb_76726,sup_wb_319432,prj_wb_p130182,contract_supplier_for_project,Observed in World Bank DS00005 contract award record,src_worldbank_finances1,file_worldbank_ds00005_001,76726
sp_wb_76919,sup_wb_875615,prj_wb_p167830,contract_supplier_for_project,Observed in World Bank DS00005 contract award record,src_worldbank_finances1,file_worldbank_ds00005_001,76919
sp_wb_76917,sup_wb_313707,prj_wb_p167455,contract_supplier_for_project,Observed in World Bank DS00005 contract award record,src_worldbank_finances1,file_worldbank_ds00005_001,76917
sp_wb_76918,sup_wb_579135,prj_wb_p167455,contract_supplier_for_project,Observed in World Bank DS00005 contract award record,src_worldbank_finances1,file_worldbank_ds00005_001,76918
sp_wb_76472,sup_wb_07141c3b00f7bd69,prj_wb_p160674,contract_supplier_for_project,Observed in World Bank DS00005 contract award record,src_worldbank_finances1,file_worldbank_ds00005_001,76472
sp_wb_76725,sup_wb_0174b3f0f3aa6f6d,prj_wb_p148537,contract_supplier_for_project,Observed in World Bank DS00005 contract award record,src_worldbank_finances1,file_worldbank_ds00005_001,76725
sp_wb_76471,sup_wb_43fc9a1ee8fb3c75,prj_wb_p160674,contract_supplier_for_project,Observed in World Bank DS00005 contract award record,src_worldbank_finances1,file_worldbank_ds00005_001,76471
sp_wb_76470,sup_wb_20975e91306f07ea,prj_wb_p160674,contract_supplier_for_project,Observed in World Bank DS00005 contract award record,src_worldbank_finances1,file_worldbank_ds00005_001,76470
sp_wb_76567,sup_wb_737531,prj_wb_p165695,contract_supplier_for_project,Observed in World Bank DS00005 contract award record,src_worldbank_finances1,file_worldbank_ds00005_001,76567
sp_wb_76568,sup_wb_787834,prj_wb_p165695,contract_supplier_for_project,Observed in World Bank DS00005 contract award record,src_worldbank_finances1,file_worldbank_ds00005_001,76568
sp_wb_76569,sup_wb_833103,prj_wb_p165695,contract_supplier_for_project,Observed in World Bank DS00005 contract award record,src_worldbank_finances1,file_worldbank_ds00005_001,76569
sp_wb_76221,sup_wb_873704,prj_wb_p163353,contract_supplier_for_project,Observed in World Bank DS00005 contract award record,src_worldbank_finances1,file_worldbank_ds00005_001,76221
sp_wb_77314,sup_wb_392260,prj_wb_p164452,contract_supplier_for_project,Observed in World Bank DS00005 contract award record,src_worldbank_finances1,file_worldbank_ds00005_001,77314
sp_wb_77701,sup_wb_0161b181b30d1b72,prj_wb_p177627,contract_supplier_for_project,Observed in World Bank DS00005 contract award record,src_worldbank_finances1,file_worldbank_ds00005_001,77701
sp_wb_77700,sup_wb_df6ad1d1bd9b40a4,prj_wb_p149239,contract_supplier_for_project,Observed in World Bank DS00005 contract award record,src_worldbank_finances1,file_worldbank_ds00005_001,77700
sp_wb_76469,sup_wb_828071,prj_wb_p177742,contract_supplier_for_project,Observed in World Bank DS00005 contract award record,src_worldbank_finances1,file_worldbank_ds00005_001,76469
sp_wb_76468,sup_wb_06dbc41bb1eb2b04,prj_wb_p181354,contract_supplier_for_project,Observed in World Bank DS00005 contract award record,src_worldbank_finances1,file_worldbank_ds00005_001,76468
sp_wb_76341,sup_wb_328596,prj_wb_p173518,contract_supplier_for_project,Observed in World Bank DS00005 contract award record,src_worldbank_finances1,file_worldbank_ds00005_001,76341
sp_wb_76342,sup_wb_365460,prj_wb_p173518,contract_supplier_for_project,Observed in World Bank DS00005 contract award record,src_worldbank_finances1,file_worldbank_ds00005_001,76342
sp_wb_76339,sup_wb_328596,prj_wb_p173518,contract_supplier_for_project,Observed in World Bank DS00005 contract award record,src_worldbank_finances1,file_worldbank_ds00005_001,76339
sp_wb_76340,sup_wb_365460,prj_wb_p173518,contract_supplier_for_project,Observed in World Bank DS00005 contract award record,src_worldbank_finances1,file_worldbank_ds00005_001,76340
sp_wb_76337,sup_wb_365460,prj_wb_p173518,contract_supplier_for_project,Observed in World Bank DS00005 contract award record,src_worldbank_finances1,file_worldbank_ds00005_001,76337
sp_wb_76338,sup_wb_749703,prj_wb_p173518,contract_supplier_for_project,Observed in World Bank DS00005 contract award record,src_worldbank_finances1,file_worldbank_ds00005_001,76338
sp_wb_76335,sup_wb_365460,prj_wb_p173518,contract_supplier_for_project,Observed in World Bank DS00005 contract award record,src_worldbank_finances1,file_worldbank_ds00005_001,76335
sp_wb_76336,sup_wb_749703,prj_wb_p173518,contract_supplier_for_project,Observed in World Bank DS00005 contract award record,src_worldbank_finances1,file_worldbank_ds00005_001,76336
sp_wb_76220,sup_wb_755972,prj_wb_p163353,contract_supplier_for_project,Observed in World Bank DS00005 contract award record,src_worldbank_finances1,file_worldbank_ds00005_001,76220
sp_wb_76219,sup_wb_062d4cc3b53e0609,prj_wb_p163353,contract_supplier_for_project,Observed in World Bank DS00005 contract award record,src_worldbank_finances1,file_worldbank_ds00005_001,76219
sp_wb_76743,sup_wb_851685,prj_wb_p178077,contract_supplier_for_project,Observed in World Bank DS00005 contract award record,src_worldbank_finances1,file_worldbank_ds00005_001,76743
sp_wb_76744,sup_wb_875213,prj_wb_p178077,contract_supplier_for_project,Observed in World Bank DS00005 contract award record,src_worldbank_finances1,file_worldbank_ds00005_001,76744
sp_wb_76566,sup_wb_0355ce485100984c,prj_wb_p177239,contract_supplier_for_project,Observed in World Bank DS00005 contract award record,src_worldbank_finances1,file_worldbank_ds00005_001,76566
sp_wb_76565,sup_wb_875674,prj_wb_p169265,contract_supplier_for_project,Observed in World Bank DS00005 contract award record,src_worldbank_finances1,file_worldbank_ds00005_001,76565
sp_wb_76467,sup_wb_475804,prj_wb_p172668,contract_supplier_for_project,Observed in World Bank DS00005 contract award record,src_worldbank_finances1,file_worldbank_ds00005_001,76467
sp_wb_77699,sup_wb_3ec69e9ead0d8cdd,prj_wb_p172031,contract_supplier_for_project,Observed in World Bank DS00005 contract award record,src_worldbank_finances1,file_worldbank_ds00005_001,77699
sp_wb_76218,sup_wb_042ad06b27fe0abf,prj_wb_p178035,contract_supplier_for_project,Observed in World Bank DS00005 contract award record,src_worldbank_finances1,file_worldbank_ds00005_001,76218
sp_wb_76334,sup_wb_778805,prj_wb_p174635,contract_supplier_for_project,Observed in World Bank DS00005 contract award record,src_worldbank_finances1,file_worldbank_ds00005_001,76334
sp_wb_76089,sup_wb_769141,prj_wb_p118518,contract_supplier_for_project,Observed in World Bank DS00005 contract award record,src_worldbank_finances1,file_worldbank_ds00005_001,76089
sp_wb_76216,sup_wb_850422,prj_wb_p162635,contract_supplier_for_project,Observed in World Bank DS00005 contract award record,src_worldbank_finances1,file_worldbank_ds00005_001,76216
sp_wb_76217,sup_wb_862096,prj_wb_p162635,contract_supplier_for_project,Observed in World Bank DS00005 contract award record,src_worldbank_finances1,file_worldbank_ds00005_001,76217
sp_wb_77698,sup_wb_856397,prj_wb_p167762,contract_supplier_for_project,Observed in World Bank DS00005 contract award record,src_worldbank_finances1,file_worldbank_ds00005_001,77698
sp_wb_76916,sup_wb_462284,prj_wb_p165000,contract_supplier_for_project,Observed in World Bank DS00005 contract award record,src_worldbank_finances1,file_worldbank_ds00005_001,76916
sp_wb_76915,sup_wb_647265,prj_wb_p172102,contract_supplier_for_project,Observed in World Bank DS00005 contract award record,src_worldbank_finances1,file_worldbank_ds00005_001,76915
sp_wb_77697,sup_wb_867721,prj_wb_p152057,contract_supplier_for_project,Observed in World Bank DS00005 contract award record,src_worldbank_finances1,file_worldbank_ds00005_001,77697
sp_wb_76088,sup_wb_01d5dc224f9c0f2e,prj_wb_p172102,contract_supplier_for_project,Observed in World Bank DS00005 contract award record,src_worldbank_finances1,file_worldbank_ds00005_001,76088
sp_wb_77696,sup_wb_985881,prj_wb_p166189,contract_supplier_for_project,Observed in World Bank DS00005 contract award record,src_worldbank_finances1,file_worldbank_ds00005_001,77696
sp_wb_76087,sup_wb_36418aafc8bb1ce7,prj_wb_p172102,contract_supplier_for_project,Observed in World Bank DS00005 contract award record,src_worldbank_finances1,file_worldbank_ds00005_001,76087
sp_wb_76724,sup_wb_859853,prj_wb_p178035,contract_supplier_for_project,Observed in World Bank DS00005 contract award record,src_worldbank_finances1,file_worldbank_ds00005_001,76724
sp_wb_76086,sup_wb_1bc374bc09a2192c,prj_wb_p172102,contract_supplier_for_project,Observed in World Bank DS00005 contract award record,src_worldbank_finances1,file_worldbank_ds00005_001,76086
sp_wb_76085,sup_wb_0383a74bb152c64c,prj_wb_p172102,contract_supplier_for_project,Observed in World Bank DS00005 contract award record,src_worldbank_finances1,file_worldbank_ds00005_001,76085
sp_wb_76333,sup_wb_875182,prj_wb_p169265,contract_supplier_for_project,Observed in World Bank DS00005 contract award record,src_worldbank_finances1,file_worldbank_ds00005_001,76333
sp_wb_77182,sup_wb_812670,prj_wb_p169265,contract_supplier_for_project,Observed in World Bank DS00005 contract award record,src_worldbank_finances1,file_worldbank_ds00005_001,77182
sp_wb_77056,sup_wb_35295,prj_wb_p173834,contract_supplier_for_project,Observed in World Bank DS00005 contract award record,src_worldbank_finances1,file_worldbank_ds00005_001,77056
sp_wb_77313,sup_wb_869753,prj_wb_p170466,contract_supplier_for_project,Observed in World Bank DS00005 contract award record,src_worldbank_finances1,file_worldbank_ds00005_001,77313
sp_wb_76914,sup_wb_645570,prj_wb_p164748,contract_supplier_for_project,Observed in World Bank DS00005 contract award record,src_worldbank_finances1,file_worldbank_ds00005_001,76914
sp_wb_76466,sup_wb_714259,prj_wb_p166996,contract_supplier_for_project,Observed in World Bank DS00005 contract award record,src_worldbank_finances1,file_worldbank_ds00005_001,76466
sp_wb_76332,sup_wb_801239,prj_wb_p167830,contract_supplier_for_project,Observed in World Bank DS00005 contract award record,src_worldbank_finances1,file_worldbank_ds00005_001,76332
sp_wb_76913,sup_wb_06ccef90b64bb02b,prj_wb_p161798,contract_supplier_for_project,Observed in World Bank DS00005 contract award record,src_worldbank_finances1,file_worldbank_ds00005_001,76913
sp_wb_76912,sup_wb_870445,prj_wb_p174417,contract_supplier_for_project,Observed in World Bank DS00005 contract award record,src_worldbank_finances1,file_worldbank_ds00005_001,76912
sp_wb_75878,sup_wb_0764a3f5c30a9dc2,prj_wb_p144271,contract_supplier_for_project,Observed in World Bank DS00005 contract award record,src_worldbank_finances1,file_worldbank_ds00005_001,75878
sp_wb_77695,sup_wb_037657de9c9ddb40,prj_wb_p174335,contract_supplier_for_project,Observed in World Bank DS00005 contract award record,src_worldbank_finances1,file_worldbank_ds00005_001,77695
sp_wb_77694,sup_wb_3fb28b49dc28cc43,prj_wb_p174335,contract_supplier_for_project,Observed in World Bank DS00005 contract award record,src_worldbank_finances1,file_worldbank_ds00005_001,77694
sp_wb_77693,sup_wb_7d13ce1d1beb570f,prj_wb_p174335,contract_supplier_for_project,Observed in World Bank DS00005 contract award record,src_worldbank_finances1,file_worldbank_ds00005_001,77693
sp_wb_76465,sup_wb_872162,prj_wb_p156397,contract_supplier_for_project,Observed in World Bank DS00005 contract award record,src_worldbank_finances1,file_worldbank_ds00005_001,76465
sp_wb_77692,sup_wb_04d5acf05f956802,prj_wb_p174335,contract_supplier_for_project,Observed in World Bank DS00005 contract award record,src_worldbank_finances1,file_worldbank_ds00005_001,77692
sp_wb_77691,sup_wb_017867021881c649,prj_wb_p174335,contract_supplier_for_project,Observed in World Bank DS00005 contract award record,src_worldbank_finances1,file_worldbank_ds00005_001,77691
sp_wb_77690,sup_wb_1d5d1d3a6e6f4398,prj_wb_p174335,contract_supplier_for_project,Observed in World Bank DS00005 contract award record,src_worldbank_finances1,file_worldbank_ds00005_001,77690
sp_wb_77689,sup_wb_626d8e9df6c21b81,prj_wb_p174335,contract_supplier_for_project,Observed in World Bank DS00005 contract award record,src_worldbank_finances1,file_worldbank_ds00005_001,77689
sp_wb_77688,sup_wb_94905113c7f88ef1,prj_wb_p174335,contract_supplier_for_project,Observed in World Bank DS00005 contract award record,src_worldbank_finances1,file_worldbank_ds00005_001,77688
sp_wb_77687,sup_wb_03c2c683228a4fb9,prj_wb_p174335,contract_supplier_for_project,Observed in World Bank DS00005 contract award record,src_worldbank_finances1,file_worldbank_ds00005_001,77687
sp_wb_77686,sup_wb_39cf5d81b5eafda6,prj_wb_p174335,contract_supplier_for_project,Observed in World Bank DS00005 contract award record,src_worldbank_finances1,file_worldbank_ds00005_001,77686
sp_wb_77685,sup_wb_0419510d1fc8277c,prj_wb_p174335,contract_supplier_for_project,Observed in World Bank DS00005 contract award record,src_worldbank_finances1,file_worldbank_ds00005_001,77685
sp_wb_76215,sup_wb_526168,prj_wb_p174684,contract_supplier_for_project,Observed in World Bank DS00005 contract award record,src_worldbank_finances1,file_worldbank_ds00005_001,76215
sp_wb_77684,sup_wb_077aafdadf6c5258,prj_wb_p174335,contract_supplier_for_project,Observed in World Bank DS00005 contract award record,src_worldbank_finances1,file_worldbank_ds00005_001,77684
sp_wb_77683,sup_wb_4baa49900326cfb6,prj_wb_p174335,contract_supplier_for_project,Observed in World Bank DS00005 contract award record,src_worldbank_finances1,file_worldbank_ds00005_001,77683
sp_wb_75877,sup_wb_843182,prj_wb_p167000,contract_supplier_for_project,Observed in World Bank DS00005 contract award record,src_worldbank_finances1,file_worldbank_ds00005_001,75877
sp_wb_76084,sup_wb_866173,prj_wb_p177233,contract_supplier_for_project,Observed in World Bank DS00005 contract award record,src_worldbank_finances1,file_worldbank_ds00005_001,76084
sp_wb_77682,sup_wb_532752,prj_wb_p174635,contract_supplier_for_project,Observed in World Bank DS00005 contract award record,src_worldbank_finances1,file_worldbank_ds00005_001,77682
sp_wb_76331,sup_wb_749594,prj_wb_p168577,contract_supplier_for_project,Observed in World Bank DS00005 contract award record,src_worldbank_finances1,file_worldbank_ds00005_001,76331
sp_wb_77681,sup_wb_760511,prj_wb_p174635,contract_supplier_for_project,Observed in World Bank DS00005 contract award record,src_worldbank_finances1,file_worldbank_ds00005_001,77681
sp_wb_75876,sup_wb_842138,prj_wb_p167000,contract_supplier_for_project,Observed in World Bank DS00005 contract award record,src_worldbank_finances1,file_worldbank_ds00005_001,75876
sp_wb_77680,sup_wb_351599,prj_wb_p174635,contract_supplier_for_project,Observed in World Bank DS00005 contract award record,src_worldbank_finances1,file_worldbank_ds00005_001,77680
sp_wb_77679,sup_wb_817202,prj_wb_p174635,contract_supplier_for_project,Observed in World Bank DS00005 contract award record,src_worldbank_finances1,file_worldbank_ds00005_001,77679
sp_wb_77678,sup_wb_817202,prj_wb_p174635,contract_supplier_for_project,Observed in World Bank DS00005 contract award record,src_worldbank_finances1,file_worldbank_ds00005_001,77678
sp_wb_77677,sup_wb_789967,prj_wb_p174635,contract_supplier_for_project,Observed in World Bank DS00005 contract award record,src_worldbank_finances1,file_worldbank_ds00005_001,77677
sp_wb_77312,sup_wb_0cfc391cfcc80bf2,prj_wb_p169265,contract_supplier_for_project,Observed in World Bank DS00005 contract award record,src_worldbank_finances1,file_worldbank_ds00005_001,77312
sp_wb_76564,sup_wb_12c65d4c0fed5184,prj_wb_p169265,contract_supplier_for_project,Observed in World Bank DS00005 contract award record,src_worldbank_finances1,file_worldbank_ds00005_001,76564
sp_wb_76083,sup_wb_5649dd06e9ad5471,prj_wb_p178684,contract_supplier_for_project,Observed in World Bank DS00005 contract award record,src_worldbank_finances1,file_worldbank_ds00005_001,76083
sp_wb_75875,sup_wb_04a3504ae4f1411b,prj_wb_p144271,contract_supplier_for_project,Observed in World Bank DS00005 contract award record,src_worldbank_finances1,file_worldbank_ds00005_001,75875
sp_wb_76082,sup_wb_07036cb4037c5df2,prj_wb_p174595,contract_supplier_for_project,Observed in World Bank DS00005 contract award record,src_worldbank_finances1,file_worldbank_ds00005_001,76082
sp_wb_77676,sup_wb_870125,prj_wb_p152057,contract_supplier_for_project,Observed in World Bank DS00005 contract award record,src_worldbank_finances1,file_worldbank_ds00005_001,77676
sp_wb_77675,sup_wb_870124,prj_wb_p152057,contract_supplier_for_project,Observed in World Bank DS00005 contract award record,src_worldbank_finances1,file_worldbank_ds00005_001,77675
sp_wb_77674,sup_wb_870143,prj_wb_p152057,contract_supplier_for_project,Observed in World Bank DS00005 contract award record,src_worldbank_finances1,file_worldbank_ds00005_001,77674
sp_wb_77673,sup_wb_870141,prj_wb_p152057,contract_supplier_for_project,Observed in World Bank DS00005 contract award record,src_worldbank_finances1,file_worldbank_ds00005_001,77673
sp_wb_77672,sup_wb_870135,prj_wb_p152057,contract_supplier_for_project,Observed in World Bank DS00005 contract award record,src_worldbank_finances1,file_worldbank_ds00005_001,77672
sp_wb_77671,sup_wb_870147,prj_wb_p152057,contract_supplier_for_project,Observed in World Bank DS00005 contract award record,src_worldbank_finances1,file_worldbank_ds00005_001,77671
sp_wb_77670,sup_wb_870105,prj_wb_p152057,contract_supplier_for_project,Observed in World Bank DS00005 contract award record,src_worldbank_finances1,file_worldbank_ds00005_001,77670
sp_wb_77669,sup_wb_870144,prj_wb_p152057,contract_supplier_for_project,Observed in World Bank DS00005 contract award record,src_worldbank_finances1,file_worldbank_ds00005_001,77669
sp_wb_77668,sup_wb_870132,prj_wb_p152057,contract_supplier_for_project,Observed in World Bank DS00005 contract award record,src_worldbank_finances1,file_worldbank_ds00005_001,77668
sp_wb_76330,sup_wb_844187,prj_wb_p163353,contract_supplier_for_project,Observed in World Bank DS00005 contract award record,src_worldbank_finances1,file_worldbank_ds00005_001,76330
sp_wb_75746,sup_wb_51ac750b57c9e654,prj_wb_p144271,contract_supplier_for_project,Observed in World Bank DS00005 contract award record,src_worldbank_finances1,file_worldbank_ds00005_001,75746
sp_wb_77667,sup_wb_870104,prj_wb_p152057,contract_supplier_for_project,Observed in World Bank DS00005 contract award record,src_worldbank_finances1,file_worldbank_ds00005_001,77667
sp_wb_75874,sup_wb_753518,prj_wb_p170676,contract_supplier_for_project,Observed in World Bank DS00005 contract award record,src_worldbank_finances1,file_worldbank_ds00005_001,75874
sp_wb_77666,sup_wb_870103,prj_wb_p152057,contract_supplier_for_project,Observed in World Bank DS00005 contract award record,src_worldbank_finances1,file_worldbank_ds00005_001,77666
sp_wb_77665,sup_wb_870145,prj_wb_p152057,contract_supplier_for_project,Observed in World Bank DS00005 contract award record,src_worldbank_finances1,file_worldbank_ds00005_001,77665
sp_wb_77664,sup_wb_870146,prj_wb_p152057,contract_supplier_for_project,Observed in World Bank DS00005 contract award record,src_worldbank_finances1,file_worldbank_ds00005_001,77664
sp_wb_77663,sup_wb_870149,prj_wb_p152057,contract_supplier_for_project,Observed in World Bank DS00005 contract award record,src_worldbank_finances1,file_worldbank_ds00005_001,77663
sp_wb_77662,sup_wb_870150,prj_wb_p152057,contract_supplier_for_project,Observed in World Bank DS00005 contract award record,src_worldbank_finances1,file_worldbank_ds00005_001,77662
sp_wb_77661,sup_wb_870154,prj_wb_p152057,contract_supplier_for_project,Observed in World Bank DS00005 contract award record,src_worldbank_finances1,file_worldbank_ds00005_001,77661
sp_wb_77660,sup_wb_870156,prj_wb_p152057,contract_supplier_for_project,Observed in World Bank DS00005 contract award record,src_worldbank_finances1,file_worldbank_ds00005_001,77660
sp_wb_77659,sup_wb_870157,prj_wb_p152057,contract_supplier_for_project,Observed in World Bank DS00005 contract award record,src_worldbank_finances1,file_worldbank_ds00005_001,77659
sp_wb_76081,sup_wb_589325,prj_wb_p174986,contract_supplier_for_project,Observed in World Bank DS00005 contract award record,src_worldbank_finances1,file_worldbank_ds00005_001,76081
sp_wb_77658,sup_wb_870158,prj_wb_p152057,contract_supplier_for_project,Observed in World Bank DS00005 contract award record,src_worldbank_finances1,file_worldbank_ds00005_001,77658
sp_wb_77657,sup_wb_870161,prj_wb_p152057,contract_supplier_for_project,Observed in World Bank DS00005 contract award record,src_worldbank_finances1,file_worldbank_ds00005_001,77657
sp_wb_77656,sup_wb_870166,prj_wb_p152057,contract_supplier_for_project,Observed in World Bank DS00005 contract award record,src_worldbank_finances1,file_worldbank_ds00005_001,77656
sp_wb_77655,sup_wb_870171,prj_wb_p152057,contract_supplier_for_project,Observed in World Bank DS00005 contract award record,src_worldbank_finances1,file_worldbank_ds00005_001,77655
sp_wb_77654,sup_wb_870172,prj_wb_p152057,contract_supplier_for_project,Observed in World Bank DS00005 contract award record,src_worldbank_finances1,file_worldbank_ds00005_001,77654
sp_wb_75745,sup_wb_07f68ee7c29000c2,prj_wb_p144271,contract_supplier_for_project,Observed in World Bank DS00005 contract award record,src_worldbank_finances1,file_worldbank_ds00005_001,75745
sp_wb_76723,sup_wb_985851,prj_wb_p171269,contract_supplier_for_project,Observed in World Bank DS00005 contract award record,src_worldbank_finances1,file_worldbank_ds00005_001,76723
sp_wb_76722,sup_wb_874445,prj_wb_p174116,contract_supplier_for_project,Observed in World Bank DS00005 contract award record,src_worldbank_finances1,file_worldbank_ds00005_001,76722
sp_wb_76721,sup_wb_876833,prj_wb_p174116,contract_supplier_for_project,Observed in World Bank DS00005 contract award record,src_worldbank_finances1,file_worldbank_ds00005_001,76721
sp_wb_76080,sup_wb_04617d0d4c952a22,prj_wb_p171742,contract_supplier_for_project,Observed in World Bank DS00005 contract award record,src_worldbank_finances1,file_worldbank_ds00005_001,76080
sp_wb_76464,sup_wb_662485,prj_wb_p177742,contract_supplier_for_project,Observed in World Bank DS00005 contract award record,src_worldbank_finances1,file_worldbank_ds00005_001,76464
sp_wb_76720,sup_wb_877296,prj_wb_p174116,contract_supplier_for_project,Observed in World Bank DS00005 contract award record,src_worldbank_finances1,file_worldbank_ds00005_001,76720
sp_wb_76719,sup_wb_877245,prj_wb_p174116,contract_supplier_for_project,Observed in World Bank DS00005 contract award record,src_worldbank_finances1,file_worldbank_ds00005_001,76719
sp_wb_75873,sup_wb_842142,prj_wb_p167000,contract_supplier_for_project,Observed in World Bank DS00005 contract award record,src_worldbank_finances1,file_worldbank_ds00005_001,75873
sp_wb_75744,sup_wb_842142,prj_wb_p167000,contract_supplier_for_project,Observed in World Bank DS00005 contract award record,src_worldbank_finances1,file_worldbank_ds00005_001,75744
sp_wb_77055,sup_wb_796866,prj_wb_p179291,contract_supplier_for_project,Observed in World Bank DS00005 contract award record,src_worldbank_finances1,file_worldbank_ds00005_001,77055
sp_wb_77054,sup_wb_763457,prj_wb_p179291,contract_supplier_for_project,Observed in World Bank DS00005 contract award record,src_worldbank_finances1,file_worldbank_ds00005_001,77054
sp_wb_77053,sup_wb_796845,prj_wb_p179291,contract_supplier_for_project,Observed in World Bank DS00005 contract award record,src_worldbank_finances1,file_worldbank_ds00005_001,77053
sp_wb_77181,sup_wb_798156,prj_wb_p179291,contract_supplier_for_project,Observed in World Bank DS00005 contract award record,src_worldbank_finances1,file_worldbank_ds00005_001,77181
sp_wb_76214,sup_wb_06b69f3eaa400054,prj_wb_p175655,contract_supplier_for_project,Observed in World Bank DS00005 contract award record,src_worldbank_finances1,file_worldbank_ds00005_001,76214
sp_wb_77180,sup_wb_746691,prj_wb_p179291,contract_supplier_for_project,Observed in World Bank DS00005 contract award record,src_worldbank_finances1,file_worldbank_ds00005_001,77180
sp_wb_76911,sup_wb_853473,prj_wb_p179291,contract_supplier_for_project,Observed in World Bank DS00005 contract award record,src_worldbank_finances1,file_worldbank_ds00005_001,76911
sp_wb_77052,sup_wb_863759,prj_wb_p167156,contract_supplier_for_project,Observed in World Bank DS00005 contract award record,src_worldbank_finances1,file_worldbank_ds00005_001,77052
sp_wb_76463,sup_wb_791f94672760688c,prj_wb_p163353,contract_supplier_for_project,Observed in World Bank DS00005 contract award record,src_worldbank_finances1,file_worldbank_ds00005_001,76463
sp_wb_77653,sup_wb_460616,prj_wb_p168539,contract_supplier_for_project,Observed in World Bank DS00005 contract award record,src_worldbank_finances1,file_worldbank_ds00005_001,77653
sp_wb_77051,sup_wb_869258,prj_wb_p164704,contract_supplier_for_project,Observed in World Bank DS00005 contract award record,src_worldbank_finances1,file_worldbank_ds00005_001,77051
sp_wb_76718,sup_wb_018fc3b0e0aa293e,prj_wb_p129992,contract_supplier_for_project,Observed in World Bank DS00005 contract award record,src_worldbank_finances1,file_worldbank_ds00005_001,76718
sp_wb_75635,sup_wb_591880,prj_wb_p167817,contract_supplier_for_project,Observed in World Bank DS00005 contract award record,src_worldbank_finances1,file_worldbank_ds00005_001,75635
sp_wb_75743,sup_wb_02e2d65b5a7215b7,prj_wb_p175977,contract_supplier_for_project,Observed in World Bank DS00005 contract award record,src_worldbank_finances1,file_worldbank_ds00005_001,75743
sp_wb_75742,sup_wb_6bc2c51ea49c10c7,prj_wb_p144271,contract_supplier_for_project,Observed in World Bank DS00005 contract award record,src_worldbank_finances1,file_worldbank_ds00005_001,75742
sp_wb_76462,sup_wb_07b59f16db9f53f4,prj_wb_p162594,contract_supplier_for_project,Observed in World Bank DS00005 contract award record,src_worldbank_finances1,file_worldbank_ds00005_001,76462
sp_wb_75741,sup_wb_1cdfda296bb5bad6,prj_wb_p173799,contract_supplier_for_project,Observed in World Bank DS00005 contract award record,src_worldbank_finances1,file_worldbank_ds00005_001,75741
sp_wb_75872,sup_wb_05b10a005dd75d86,prj_wb_p173834,contract_supplier_for_project,Observed in World Bank DS00005 contract award record,src_worldbank_finances1,file_worldbank_ds00005_001,75872
sp_wb_76079,sup_wb_32c6dea4fbc3fbd5,prj_wb_p175170,contract_supplier_for_project,Observed in World Bank DS00005 contract award record,src_worldbank_finances1,file_worldbank_ds00005_001,76079
sp_wb_77311,sup_wb_869546,prj_wb_p176088,contract_supplier_for_project,Observed in World Bank DS00005 contract award record,src_worldbank_finances1,file_worldbank_ds00005_001,77311
sp_wb_76078,sup_wb_14e3b40468b2d7da,prj_wb_p177073,contract_supplier_for_project,Observed in World Bank DS00005 contract award record,src_worldbank_finances1,file_worldbank_ds00005_001,76078
sp_wb_76077,sup_wb_872010,prj_wb_p160865,contract_supplier_for_project,Observed in World Bank DS00005 contract award record,src_worldbank_finances1,file_worldbank_ds00005_001,76077
sp_wb_76329,sup_wb_874865,prj_wb_p168481,contract_supplier_for_project,Observed in World Bank DS00005 contract award record,src_worldbank_finances1,file_worldbank_ds00005_001,76329
sp_wb_76328,sup_wb_874865,prj_wb_p168481,contract_supplier_for_project,Observed in World Bank DS00005 contract award record,src_worldbank_finances1,file_worldbank_ds00005_001,76328
sp_wb_76076,sup_wb_391349,prj_wb_p160865,contract_supplier_for_project,Observed in World Bank DS00005 contract award record,src_worldbank_finances1,file_worldbank_ds00005_001,76076
sp_wb_76075,sup_wb_872033,prj_wb_p160865,contract_supplier_for_project,Observed in World Bank DS00005 contract award record,src_worldbank_finances1,file_worldbank_ds00005_001,76075
sp_wb_76213,sup_wb_854633,prj_wb_p164920,contract_supplier_for_project,Observed in World Bank DS00005 contract award record,src_worldbank_finances1,file_worldbank_ds00005_001,76213
sp_wb_77310,sup_wb_859279,prj_wb_p154482,contract_supplier_for_project,Observed in World Bank DS00005 contract award record,src_worldbank_finances1,file_worldbank_ds00005_001,77310
sp_wb_76212,sup_wb_830263,prj_wb_p155759,contract_supplier_for_project,Observed in World Bank DS00005 contract award record,src_worldbank_finances1,file_worldbank_ds00005_001,76212
sp_wb_75871,sup_wb_374112,prj_wb_p155759,contract_supplier_for_project,Observed in World Bank DS00005 contract award record,src_worldbank_finances1,file_worldbank_ds00005_001,75871
sp_wb_75494,sup_wb_0e23d12acfd13d71,prj_wb_p144271,contract_supplier_for_project,Observed in World Bank DS00005 contract award record,src_worldbank_finances1,file_worldbank_ds00005_001,75494
sp_wb_76910,sup_wb_845979,prj_wb_p177782,contract_supplier_for_project,Observed in World Bank DS00005 contract award record,src_worldbank_finances1,file_worldbank_ds00005_001,76910
sp_wb_76909,sup_wb_419703,prj_wb_p178040,contract_supplier_for_project,Observed in World Bank DS00005 contract award record,src_worldbank_finances1,file_worldbank_ds00005_001,76909
sp_wb_77309,sup_wb_877561,prj_wb_p169265,contract_supplier_for_project,Observed in World Bank DS00005 contract award record,src_worldbank_finances1,file_worldbank_ds00005_001,77309
sp_wb_77050,sup_wb_855443,prj_wb_p179291,contract_supplier_for_project,Observed in World Bank DS00005 contract award record,src_worldbank_finances1,file_worldbank_ds00005_001,77050
sp_wb_76074,sup_wb_873990,prj_wb_p160865,contract_supplier_for_project,Observed in World Bank DS00005 contract award record,src_worldbank_finances1,file_worldbank_ds00005_001,76074
sp_wb_76073,sup_wb_873957,prj_wb_p160865,contract_supplier_for_project,Observed in World Bank DS00005 contract award record,src_worldbank_finances1,file_worldbank_ds00005_001,76073
sp_wb_77179,sup_wb_05146b0d7b34b280,prj_wb_p172031,contract_supplier_for_project,Observed in World Bank DS00005 contract award record,src_worldbank_finances1,file_worldbank_ds00005_001,77179
sp_wb_76072,sup_wb_936923,prj_wb_p160865,contract_supplier_for_project,Observed in World Bank DS00005 contract award record,src_worldbank_finances1,file_worldbank_ds00005_001,76072
sp_wb_76071,sup_wb_873898,prj_wb_p160865,contract_supplier_for_project,Observed in World Bank DS00005 contract award record,src_worldbank_finances1,file_worldbank_ds00005_001,76071
sp_wb_75870,sup_wb_873930,prj_wb_p160865,contract_supplier_for_project,Observed in World Bank DS00005 contract award record,src_worldbank_finances1,file_worldbank_ds00005_001,75870
sp_wb_77178,sup_wb_30ca979d2f2f8545,prj_wb_p171462,contract_supplier_for_project,Observed in World Bank DS00005 contract award record,src_worldbank_finances1,file_worldbank_ds00005_001,77178
sp_wb_75740,sup_wb_835323,prj_wb_p170466,contract_supplier_for_project,Observed in World Bank DS00005 contract award record,src_worldbank_finances1,file_worldbank_ds00005_001,75740
sp_wb_76211,sup_wb_864076,prj_wb_p155759,contract_supplier_for_project,Observed in World Bank DS00005 contract award record,src_worldbank_finances1,file_worldbank_ds00005_001,76211
sp_wb_76070,sup_wb_864011,prj_wb_p155759,contract_supplier_for_project,Observed in World Bank DS00005 contract award record,src_worldbank_finances1,file_worldbank_ds00005_001,76070
sp_wb_77652,sup_wb_03f8e4181bf89a3f,prj_wb_p172627,contract_supplier_for_project,Observed in World Bank DS00005 contract award record,src_worldbank_finances1,file_worldbank_ds00005_001,77652
sp_wb_77651,sup_wb_03207cd484b4c2f1,prj_wb_p172627,contract_supplier_for_project,Observed in World Bank DS00005 contract award record,src_worldbank_finances1,file_worldbank_ds00005_001,77651
sp_wb_76563,sup_wb_476745,prj_wb_p172627,contract_supplier_for_project,Observed in World Bank DS00005 contract award record,src_worldbank_finances1,file_worldbank_ds00005_001,76563
sp_wb_76562,sup_wb_878231,prj_wb_p172627,contract_supplier_for_project,Observed in World Bank DS00005 contract award record,src_worldbank_finances1,file_worldbank_ds00005_001,76562
sp_wb_76561,sup_wb_878234,prj_wb_p172627,contract_supplier_for_project,Observed in World Bank DS00005 contract award record,src_worldbank_finances1,file_worldbank_ds00005_001,76561
sp_wb_75634,sup_wb_d7e49b830661ad20,prj_wb_p173834,contract_supplier_for_project,Observed in World Bank DS00005 contract award record,src_worldbank_finances1,file_worldbank_ds00005_001,75634
sp_wb_75493,sup_wb_327972,prj_wb_p177124,contract_supplier_for_project,Observed in World Bank DS00005 contract award record,src_worldbank_finances1,file_worldbank_ds00005_001,75493
sp_wb_75739,sup_wb_557180,prj_wb_p177239,contract_supplier_for_project,Observed in World Bank DS00005 contract award record,src_worldbank_finances1,file_worldbank_ds00005_001,75739
sp_wb_75492,sup_wb_852511,prj_wb_p159632,contract_supplier_for_project,Observed in World Bank DS00005 contract award record,src_worldbank_finances1,file_worldbank_ds00005_001,75492
sp_wb_75491,sup_wb_858435,prj_wb_p159632,contract_supplier_for_project,Observed in World Bank DS00005 contract award record,src_worldbank_finances1,file_worldbank_ds00005_001,75491
sp_wb_75490,sup_wb_858446,prj_wb_p176108,contract_supplier_for_project,Observed in World Bank DS00005 contract award record,src_worldbank_finances1,file_worldbank_ds00005_001,75490
sp_wb_75489,sup_wb_858435,prj_wb_p176108,contract_supplier_for_project,Observed in World Bank DS00005 contract award record,src_worldbank_finances1,file_worldbank_ds00005_001,75489
sp_wb_76069,sup_wb_40e228eabfb47f6f,prj_wb_p164785,contract_supplier_for_project,Observed in World Bank DS00005 contract award record,src_worldbank_finances1,file_worldbank_ds00005_001,76069
sp_wb_77650,sup_wb_25260ae2069ebf52,prj_wb_p178009,contract_supplier_for_project,Observed in World Bank DS00005 contract award record,src_worldbank_finances1,file_worldbank_ds00005_001,77650
sp_wb_75738,sup_wb_972357,prj_wb_p171054,contract_supplier_for_project,Observed in World Bank DS00005 contract award record,src_worldbank_finances1,file_worldbank_ds00005_001,75738
sp_wb_76327,sup_wb_853496,prj_wb_p170213,contract_supplier_for_project,Observed in World Bank DS00005 contract award record,src_worldbank_finances1,file_worldbank_ds00005_001,76327
sp_wb_75633,sup_wb_39fee67b0dbd9560,prj_wb_p175382,contract_supplier_for_project,Observed in World Bank DS00005 contract award record,src_worldbank_finances1,file_worldbank_ds00005_001,75633
sp_wb_76461,sup_wb_024417bfe16ec796,prj_wb_p175382,contract_supplier_for_project,Observed in World Bank DS00005 contract award record,src_worldbank_finances1,file_worldbank_ds00005_001,76461
sp_wb_75632,sup_wb_769141,prj_wb_p118518,contract_supplier_for_project,Observed in World Bank DS00005 contract award record,src_worldbank_finances1,file_worldbank_ds00005_001,75632
sp_wb_76717,sup_wb_876864,prj_wb_p165945,contract_supplier_for_project,Observed in World Bank DS00005 contract award record,src_worldbank_finances1,file_worldbank_ds00005_001,76717
sp_wb_75737,sup_wb_769141,prj_wb_p118518,contract_supplier_for_project,Observed in World Bank DS00005 contract award record,src_worldbank_finances1,file_worldbank_ds00005_001,75737
sp_wb_76068,sup_wb_878095,prj_wb_p163734,contract_supplier_for_project,Observed in World Bank DS00005 contract award record,src_worldbank_finances1,file_worldbank_ds00005_001,76068
sp_wb_77308,sup_wb_801510,prj_wb_p160005,contract_supplier_for_project,Observed in World Bank DS00005 contract award record,src_worldbank_finances1,file_worldbank_ds00005_001,77308
sp_wb_75488,sup_wb_986806,prj_wb_p175895,contract_supplier_for_project,Observed in World Bank DS00005 contract award record,src_worldbank_finances1,file_worldbank_ds00005_001,75488
sp_wb_76716,sup_wb_d57cd56aa60fd425,prj_wb_p177814,contract_supplier_for_project,Observed in World Bank DS00005 contract award record,src_worldbank_finances1,file_worldbank_ds00005_001,76716
sp_wb_76067,sup_wb_1447621bdf3da640,prj_wb_p165861,contract_supplier_for_project,Observed in World Bank DS00005 contract award record,src_worldbank_finances1,file_worldbank_ds00005_001,76067
sp_wb_75331,sup_wb_053ca546a2f2b590,prj_wb_p144271,contract_supplier_for_project,Observed in World Bank DS00005 contract award record,src_worldbank_finances1,file_worldbank_ds00005_001,75331
sp_wb_76066,sup_wb_876445,prj_wb_p172225,contract_supplier_for_project,Observed in World Bank DS00005 contract award record,src_worldbank_finances1,file_worldbank_ds00005_001,76066
sp_wb_77049,sup_wb_901166,prj_wb_p167790,contract_supplier_for_project,Observed in World Bank DS00005 contract award record,src_worldbank_finances1,file_worldbank_ds00005_001,77049
sp_wb_75330,sup_wb_877853,prj_wb_p174684,contract_supplier_for_project,Observed in World Bank DS00005 contract award record,src_worldbank_finances1,file_worldbank_ds00005_001,75330
sp_wb_76715,sup_wb_835488,prj_wb_p162043,contract_supplier_for_project,Observed in World Bank DS00005 contract award record,src_worldbank_finances1,file_worldbank_ds00005_001,76715
sp_wb_77307,sup_wb_01079522b685d8e0,prj_wb_p170035,contract_supplier_for_project,Observed in World Bank DS00005 contract award record,src_worldbank_finances1,file_worldbank_ds00005_001,77307
sp_wb_76714,sup_wb_f7a2d33f57c19363,prj_wb_p172284,contract_supplier_for_project,Observed in World Bank DS00005 contract award record,src_worldbank_finances1,file_worldbank_ds00005_001,76714
sp_wb_75869,sup_wb_866764,prj_wb_p166802,contract_supplier_for_project,Observed in World Bank DS00005 contract award record,src_worldbank_finances1,file_worldbank_ds00005_001,75869
sp_wb_75868,sup_wb_866764,prj_wb_p166802,contract_supplier_for_project,Observed in World Bank DS00005 contract award record,src_worldbank_finances1,file_worldbank_ds00005_001,75868
sp_wb_77649,sup_wb_765781,prj_wb_p176088,contract_supplier_for_project,Observed in World Bank DS00005 contract award record,src_worldbank_finances1,file_worldbank_ds00005_001,77649
sp_wb_75867,sup_wb_866764,prj_wb_p166802,contract_supplier_for_project,Observed in World Bank DS00005 contract award record,src_worldbank_finances1,file_worldbank_ds00005_001,75867
sp_wb_75329,sup_wb_5b606e9b0f88143a,prj_wb_p163353,contract_supplier_for_project,Observed in World Bank DS00005 contract award record,src_worldbank_finances1,file_worldbank_ds00005_001,75329
sp_wb_77306,sup_wb_878798,prj_wb_p169265,contract_supplier_for_project,Observed in World Bank DS00005 contract award record,src_worldbank_finances1,file_worldbank_ds00005_001,77306
sp_wb_77177,sup_wb_016606265eed44fe,prj_wb_p164044,contract_supplier_for_project,Observed in World Bank DS00005 contract award record,src_worldbank_finances1,file_worldbank_ds00005_001,77177
sp_wb_76460,sup_wb_829571,prj_wb_p171524,contract_supplier_for_project,Observed in World Bank DS00005 contract award record,src_worldbank_finances1,file_worldbank_ds00005_001,76460
sp_wb_77648,sup_wb_878430,prj_wb_p171524,contract_supplier_for_project,Observed in World Bank DS00005 contract award record,src_worldbank_finances1,file_worldbank_ds00005_001,77648
sp_wb_77176,sup_wb_613935,prj_wb_p167817,contract_supplier_for_project,Observed in World Bank DS00005 contract award record,src_worldbank_finances1,file_worldbank_ds00005_001,77176
sp_wb_76065,sup_wb_5f845fa322540f3b,prj_wb_p169265,contract_supplier_for_project,Observed in World Bank DS00005 contract award record,src_worldbank_finances1,file_worldbank_ds00005_001,76065
sp_wb_77175,sup_wb_510938,prj_wb_p163353,contract_supplier_for_project,Observed in World Bank DS00005 contract award record,src_worldbank_finances1,file_worldbank_ds00005_001,77175
sp_wb_77174,sup_wb_580955,prj_wb_p163353,contract_supplier_for_project,Observed in World Bank DS00005 contract award record,src_worldbank_finances1,file_worldbank_ds00005_001,77174
sp_wb_76713,sup_wb_842635,prj_wb_p180245,contract_supplier_for_project,Observed in World Bank DS00005 contract award record,src_worldbank_finances1,file_worldbank_ds00005_001,76713
sp_wb_75736,sup_wb_413598,prj_wb_p179534,contract_supplier_for_project,Observed in World Bank DS00005 contract award record,src_worldbank_finances1,file_worldbank_ds00005_001,75736
sp_wb_77173,sup_wb_02571471e96c29ae,prj_wb_p167184,contract_supplier_for_project,Observed in World Bank DS00005 contract award record,src_worldbank_finances1,file_worldbank_ds00005_001,77173
sp_wb_77305,sup_wb_808974,prj_wb_p177158,contract_supplier_for_project,Observed in World Bank DS00005 contract award record,src_worldbank_finances1,file_worldbank_ds00005_001,77305
sp_wb_75328,sup_wb_03513ca520a0847e,prj_wb_p167416,contract_supplier_for_project,Observed in World Bank DS00005 contract award record,src_worldbank_finances1,file_worldbank_ds00005_001,75328
sp_wb_76459,sup_wb_863361,prj_wb_p170469,contract_supplier_for_project,Observed in World Bank DS00005 contract award record,src_worldbank_finances1,file_worldbank_ds00005_001,76459
sp_wb_76712,sup_wb_0cbed94be5d814e2,prj_wb_p167817,contract_supplier_for_project,Observed in World Bank DS00005 contract award record,src_worldbank_finances1,file_worldbank_ds00005_001,76712
sp_wb_76064,sup_wb_25f780497ec7cd02,prj_wb_p171528,contract_supplier_for_project,Observed in World Bank DS00005 contract award record,src_worldbank_finances1,file_worldbank_ds00005_001,76064
sp_wb_75155,sup_wb_06fb8d2bf9327ba8,prj_wb_p144271,contract_supplier_for_project,Observed in World Bank DS00005 contract award record,src_worldbank_finances1,file_worldbank_ds00005_001,75155
sp_wb_76326,sup_wb_0ab8f048d6ec829e,prj_wb_p171528,contract_supplier_for_project,Observed in World Bank DS00005 contract award record,src_worldbank_finances1,file_worldbank_ds00005_001,76326
sp_wb_75866,sup_wb_0797ba149f68e4c7,prj_wb_p177782,contract_supplier_for_project,Observed in World Bank DS00005 contract award record,src_worldbank_finances1,file_worldbank_ds00005_001,75866
sp_wb_75487,sup_wb_727337,prj_wb_p170718,contract_supplier_for_project,Observed in World Bank DS00005 contract award record,src_worldbank_finances1,file_worldbank_ds00005_001,75487
sp_wb_75327,sup_wb_700937,prj_wb_p171681,contract_supplier_for_project,Observed in World Bank DS00005 contract award record,src_worldbank_finances1,file_worldbank_ds00005_001,75327
sp_wb_77647,sup_wb_784254,prj_wb_p169168,contract_supplier_for_project,Observed in World Bank DS00005 contract award record,src_worldbank_finances1,file_worldbank_ds00005_001,77647
sp_wb_76456,sup_wb_494158,prj_wb_p161386,contract_supplier_for_project,Observed in World Bank DS00005 contract award record,src_worldbank_finances1,file_worldbank_ds00005_001,76456
sp_wb_76457,sup_wb_617506,prj_wb_p161386,contract_supplier_for_project,Observed in World Bank DS00005 contract award record,src_worldbank_finances1,file_worldbank_ds00005_001,76457
sp_wb_76458,sup_wb_691279,prj_wb_p161386,contract_supplier_for_project,Observed in World Bank DS00005 contract award record,src_worldbank_finances1,file_worldbank_ds00005_001,76458
sp_wb_75326,sup_wb_7c4ee51f2ab1a7fa,prj_wb_p178532,contract_supplier_for_project,Observed in World Bank DS00005 contract award record,src_worldbank_finances1,file_worldbank_ds00005_001,75326
sp_wb_76063,sup_wb_861852,prj_wb_p176396,contract_supplier_for_project,Observed in World Bank DS00005 contract award record,src_worldbank_finances1,file_worldbank_ds00005_001,76063
sp_wb_76711,sup_wb_0557fa81f9d50552,prj_wb_p178040,contract_supplier_for_project,Observed in World Bank DS00005 contract award record,src_worldbank_finances1,file_worldbank_ds00005_001,76711
sp_wb_76560,sup_wb_5bb2ed9a2e4a3f5e,prj_wb_p178040,contract_supplier_for_project,Observed in World Bank DS00005 contract award record,src_worldbank_finances1,file_worldbank_ds00005_001,76560
sp_wb_75325,sup_wb_818656,prj_wb_p174684,contract_supplier_for_project,Observed in World Bank DS00005 contract award record,src_worldbank_finances1,file_worldbank_ds00005_001,75325
sp_wb_75154,sup_wb_06c79a1441a492df,prj_wb_p159337,contract_supplier_for_project,Observed in World Bank DS00005 contract award record,src_worldbank_finances1,file_worldbank_ds00005_001,75154
sp_wb_75338,sup_wb_856420,prj_wb_p177816,contract_supplier_for_project,Observed in World Bank DS00005 contract award record,src_worldbank_finances1,file_worldbank_ds00005_001,75338
sp_wb_75153,sup_wb_34990,prj_wb_p168739,contract_supplier_for_project,Observed in World Bank DS00005 contract award record,src_worldbank_finances1,file_worldbank_ds00005_001,75153
sp_wb_76455,sup_wb_839257,prj_wb_p177779,contract_supplier_for_project,Observed in World Bank DS00005 contract award record,src_worldbank_finances1,file_worldbank_ds00005_001,76455
sp_wb_75337,sup_wb_027de9306ace3e1d,prj_wb_p171965,contract_supplier_for_project,Observed in World Bank DS00005 contract award record,src_worldbank_finances1,file_worldbank_ds00005_001,75337
