dictionary_id,file_path,column_name,column_type,nullable,description,unit,currency_semantics,allowed_values,source_field_name,transformation_applied,foreign_key_target,notes
dd_0001,processed/award_suppliers.csv,award_supplier_id,string,false,Award supplier id. Meaning not explicitly documented in the source.,,,,award_supplier_id,See validation/transformation_log.csv where applicable.,,
dd_0002,processed/award_suppliers.csv,award_id,string,false,Canonical procurement award identifier.,,,,award_id,See validation/transformation_log.csv where applicable.,processed/procurement_awards.csv.award_id,
dd_0003,processed/award_suppliers.csv,supplier_id,string,false,Canonical supplier identifier.,,,,supplier_id,See validation/transformation_log.csv where applicable.,processed/suppliers.csv.supplier_id,
dd_0004,processed/award_suppliers.csv,supplier_role,string,false,Supplier role. Meaning not explicitly documented in the source.,,,,supplier_role,See validation/transformation_log.csv where applicable.,,
dd_0005,processed/award_suppliers.csv,awarded_value,number,true,Awarded value. Meaning not explicitly documented in the source.,USD,Do not aggregate or compare across currencies.,,awarded_value,See validation/transformation_log.csv where applicable.,,
dd_0006,processed/award_suppliers.csv,currency_code,string,true,ISO or source currency code; compare values only within the same currency.,,,,currency_code,See validation/transformation_log.csv where applicable.,,
dd_0007,processed/award_suppliers.csv,source_id,string,false,Identifier of the registered source.,,,,source_id,See validation/transformation_log.csv where applicable.,,
dd_0008,processed/award_suppliers.csv,source_file_id,string,false,Identifier of the registered source file.,,,,source_file_id,See validation/transformation_log.csv where applicable.,,
dd_0009,processed/award_suppliers.csv,source_record_id,string,false,Identifier or row reference in the source.,,,,source_record_id,See validation/transformation_log.csv where applicable.,,
dd_0010,processed/buyers.csv,buyer_id,string,false,Buyer id. Meaning not explicitly documented in the source.,,,,buyer_id,See validation/transformation_log.csv where applicable.,,
dd_0011,processed/buyers.csv,source_buyer_id,string,false,Source buyer id. Meaning not explicitly documented in the source.,,,,source_buyer_id,See validation/transformation_log.csv where applicable.,,
dd_0012,processed/buyers.csv,buyer_name,string,false,Buyer name. Meaning not explicitly documented in the source.,,,,buyer_name,See validation/transformation_log.csv where applicable.,,
dd_0013,processed/buyers.csv,normalized_name,string,false,Technical normalization of the original name; not an entity merge.,,,,normalized_name,See validation/transformation_log.csv where applicable.,,
dd_0014,processed/buyers.csv,buyer_type,string,true,Buyer type. Meaning not explicitly documented in the source.,,,,buyer_type,See validation/transformation_log.csv where applicable.,,
dd_0015,processed/buyers.csv,country_code,string,false,Country code retained or mapped from the source.,,,,country_code,See validation/transformation_log.csv where applicable.,,
dd_0016,processed/buyers.csv,country_name,string,true,Country name. Meaning not explicitly documented in the source.,,,,country_name,See validation/transformation_log.csv where applicable.,,
dd_0017,processed/buyers.csv,source_id,string,false,Identifier of the registered source.,,,,source_id,See validation/transformation_log.csv where applicable.,,
dd_0018,processed/buyers.csv,source_file_id,string,false,Identifier of the registered source file.,,,,source_file_id,See validation/transformation_log.csv where applicable.,,
dd_0019,processed/buyers.csv,source_record_id,string,false,Identifier or row reference in the source.,,,,source_record_id,See validation/transformation_log.csv where applicable.,,
dd_0020,processed/buyers.csv,collected_at,date,false,Date on which the record was collected.,,,,collected_at,See validation/transformation_log.csv where applicable.,,
dd_0021,processed/categories.csv,category_id,string,false,Canonical category identifier.,,,,category_id,See validation/transformation_log.csv where applicable.,processed/categories.csv.category_id,
dd_0022,processed/categories.csv,source_category_code,string,false,Source category code. Meaning not explicitly documented in the source.,,,,source_category_code,See validation/transformation_log.csv where applicable.,,
dd_0023,processed/categories.csv,category_system,string,false,Category system. Meaning not explicitly documented in the source.,,,,category_system,See validation/transformation_log.csv where applicable.,,
dd_0024,processed/categories.csv,category_name,string,true,Category name. Meaning not explicitly documented in the source.,,,,category_name,See validation/transformation_log.csv where applicable.,,
dd_0025,processed/categories.csv,category_description,string,true,Category description. Meaning not explicitly documented in the source.,,,,category_description,See validation/transformation_log.csv where applicable.,,
dd_0026,processed/categories.csv,parent_category_id,string,true,Parent category id. Meaning not explicitly documented in the source.,,,,parent_category_id,See validation/transformation_log.csv where applicable.,,
dd_0027,processed/categories.csv,source_id,string,false,Identifier of the registered source.,,,,source_id,See validation/transformation_log.csv where applicable.,,
dd_0028,processed/contract_awards.csv,contract_award_id,string,false,Contract award id. Meaning not explicitly documented in the source.,,,,contract_award_id,See validation/transformation_log.csv where applicable.,,
dd_0029,processed/contract_awards.csv,contract_id,string,false,Canonical contract identifier.,,,,contract_id,See validation/transformation_log.csv where applicable.,processed/procurement_contracts.csv.contract_id,
dd_0030,processed/contract_awards.csv,award_id,string,false,Canonical procurement award identifier.,,,,award_id,See validation/transformation_log.csv where applicable.,processed/procurement_awards.csv.award_id,
dd_0031,processed/contract_awards.csv,source_id,string,false,Identifier of the registered source.,,,,source_id,See validation/transformation_log.csv where applicable.,,
dd_0032,processed/contract_awards.csv,source_file_id,string,false,Identifier of the registered source file.,,,,source_file_id,See validation/transformation_log.csv where applicable.,,
dd_0033,processed/contract_awards.csv,source_record_id,string,false,Identifier or row reference in the source.,,,,source_record_id,See validation/transformation_log.csv where applicable.,,
dd_0034,processed/contract_lots.csv,contract_lot_id,string,false,Contract lot id. Meaning not explicitly documented in the source.,,,,contract_lot_id,See validation/transformation_log.csv where applicable.,,
dd_0035,processed/contract_lots.csv,contract_id,string,false,Canonical contract identifier.,,,,contract_id,See validation/transformation_log.csv where applicable.,processed/procurement_contracts.csv.contract_id,
dd_0036,processed/contract_lots.csv,lot_id,string,false,Lot id. Meaning not explicitly documented in the source.,,,,lot_id,See validation/transformation_log.csv where applicable.,,
dd_0037,processed/contract_lots.csv,source_id,string,false,Identifier of the registered source.,,,,source_id,See validation/transformation_log.csv where applicable.,,
dd_0038,processed/contract_lots.csv,source_file_id,string,false,Identifier of the registered source file.,,,,source_file_id,See validation/transformation_log.csv where applicable.,,
dd_0039,processed/contract_lots.csv,source_record_id,string,false,Identifier or row reference in the source.,,,,source_record_id,See validation/transformation_log.csv where applicable.,,
dd_0040,processed/contract_suppliers.csv,contract_supplier_id,string,false,Contract supplier id. Meaning not explicitly documented in the source.,,,,contract_supplier_id,See validation/transformation_log.csv where applicable.,,
dd_0041,processed/contract_suppliers.csv,contract_id,string,false,Canonical contract identifier.,,,,contract_id,See validation/transformation_log.csv where applicable.,processed/procurement_contracts.csv.contract_id,
dd_0042,processed/contract_suppliers.csv,supplier_id,string,false,Canonical supplier identifier.,,,,supplier_id,See validation/transformation_log.csv where applicable.,processed/suppliers.csv.supplier_id,
dd_0043,processed/contract_suppliers.csv,supplier_role,string,false,Supplier role. Meaning not explicitly documented in the source.,,,,supplier_role,See validation/transformation_log.csv where applicable.,,
dd_0044,processed/contract_suppliers.csv,contract_share_value,number,true,Contract share value. Meaning not explicitly documented in the source.,USD,Do not aggregate or compare across currencies.,,contract_share_value,See validation/transformation_log.csv where applicable.,,
dd_0045,processed/contract_suppliers.csv,currency_code,string,true,ISO or source currency code; compare values only within the same currency.,,,,currency_code,See validation/transformation_log.csv where applicable.,,
dd_0046,processed/contract_suppliers.csv,source_id,string,false,Identifier of the registered source.,,,,source_id,See validation/transformation_log.csv where applicable.,,
dd_0047,processed/contract_suppliers.csv,source_file_id,string,false,Identifier of the registered source file.,,,,source_file_id,See validation/transformation_log.csv where applicable.,,
dd_0048,processed/contract_suppliers.csv,source_record_id,string,false,Identifier or row reference in the source.,,,,source_record_id,See validation/transformation_log.csv where applicable.,,
dd_0049,processed/notice_buyers.csv,notice_buyer_id,string,false,Notice buyer id. Meaning not explicitly documented in the source.,,,,notice_buyer_id,See validation/transformation_log.csv where applicable.,,
dd_0050,processed/notice_buyers.csv,notice_id,string,false,Notice id. Meaning not explicitly documented in the source.,,,,notice_id,See validation/transformation_log.csv where applicable.,,
dd_0051,processed/notice_buyers.csv,buyer_id,string,false,Buyer id. Meaning not explicitly documented in the source.,,,,buyer_id,See validation/transformation_log.csv where applicable.,,
dd_0052,processed/notice_buyers.csv,buyer_role,string,false,Buyer role. Meaning not explicitly documented in the source.,,,,buyer_role,See validation/transformation_log.csv where applicable.,,
dd_0053,processed/notice_buyers.csv,source_id,string,false,Identifier of the registered source.,,,,source_id,See validation/transformation_log.csv where applicable.,,
dd_0054,processed/notice_buyers.csv,source_file_id,string,false,Identifier of the registered source file.,,,,source_file_id,See validation/transformation_log.csv where applicable.,,
dd_0055,processed/notice_buyers.csv,source_record_id,string,false,Identifier or row reference in the source.,,,,source_record_id,See validation/transformation_log.csv where applicable.,,
dd_0056,processed/procurement_awards.csv,award_id,string,false,Canonical procurement award identifier.,,,,award_id,See validation/transformation_log.csv where applicable.,processed/procurement_awards.csv.award_id,
dd_0057,processed/procurement_awards.csv,source_award_id,string,false,Source award id. Meaning not explicitly documented in the source.,,,,source_award_id,See validation/transformation_log.csv where applicable.,,
dd_0058,processed/procurement_awards.csv,notice_id,string,true,Notice id. Meaning not explicitly documented in the source.,,,,notice_id,See validation/transformation_log.csv where applicable.,,
dd_0059,processed/procurement_awards.csv,procedure_id,string,true,Procedure id. Meaning not explicitly documented in the source.,,,,procedure_id,See validation/transformation_log.csv where applicable.,,
dd_0060,processed/procurement_awards.csv,lot_id,string,true,Lot id. Meaning not explicitly documented in the source.,,,,lot_id,See validation/transformation_log.csv where applicable.,,
dd_0061,processed/procurement_awards.csv,award_date,date,false,Award date. Meaning not explicitly documented in the source.,,,,award_date,See validation/transformation_log.csv where applicable.,,
dd_0062,processed/procurement_awards.csv,award_status,string,false,Award status. Meaning not explicitly documented in the source.,,,,award_status,See validation/transformation_log.csv where applicable.,,
dd_0063,processed/procurement_awards.csv,award_value,number,true,Award value. Meaning not explicitly documented in the source.,USD,Do not aggregate or compare across currencies.,,award_value,See validation/transformation_log.csv where applicable.,,
dd_0064,processed/procurement_awards.csv,currency_code,string,true,ISO or source currency code; compare values only within the same currency.,,,,currency_code,See validation/transformation_log.csv where applicable.,,
dd_0065,processed/procurement_awards.csv,source_id,string,false,Identifier of the registered source.,,,,source_id,See validation/transformation_log.csv where applicable.,,
dd_0066,processed/procurement_awards.csv,source_file_id,string,false,Identifier of the registered source file.,,,,source_file_id,See validation/transformation_log.csv where applicable.,,
dd_0067,processed/procurement_awards.csv,source_record_id,string,false,Identifier or row reference in the source.,,,,source_record_id,See validation/transformation_log.csv where applicable.,,
dd_0068,processed/procurement_awards.csv,collected_at,date,false,Date on which the record was collected.,,,,collected_at,See validation/transformation_log.csv where applicable.,,
dd_0069,processed/procurement_contracts.csv,contract_id,string,false,Canonical contract identifier.,,,,contract_id,See validation/transformation_log.csv where applicable.,processed/procurement_contracts.csv.contract_id,
dd_0070,processed/procurement_contracts.csv,source_contract_id,string,true,Source contract id. Meaning not explicitly documented in the source.,,,,source_contract_id,See validation/transformation_log.csv where applicable.,,
dd_0071,processed/procurement_contracts.csv,award_id,string,true,Canonical procurement award identifier.,,,,award_id,See validation/transformation_log.csv where applicable.,processed/procurement_awards.csv.award_id,
dd_0072,processed/procurement_contracts.csv,lot_id,string,true,Lot id. Meaning not explicitly documented in the source.,,,,lot_id,See validation/transformation_log.csv where applicable.,,
dd_0073,processed/procurement_contracts.csv,procedure_id,string,true,Procedure id. Meaning not explicitly documented in the source.,,,,procedure_id,See validation/transformation_log.csv where applicable.,,
dd_0074,processed/procurement_contracts.csv,contract_title,string,true,Contract title. Meaning not explicitly documented in the source.,,,,contract_title,See validation/transformation_log.csv where applicable.,,
dd_0075,processed/procurement_contracts.csv,contract_status,string,true,Contract status. Meaning not explicitly documented in the source.,,,,contract_status,See validation/transformation_log.csv where applicable.,,
dd_0076,processed/procurement_contracts.csv,contract_value,number,true,Contract value. Meaning not explicitly documented in the source.,USD,Do not aggregate or compare across currencies.,,contract_value,See validation/transformation_log.csv where applicable.,,
dd_0077,processed/procurement_contracts.csv,currency_code,string,true,ISO or source currency code; compare values only within the same currency.,,,,currency_code,See validation/transformation_log.csv where applicable.,,
dd_0078,processed/procurement_contracts.csv,contract_date,date,true,Contract date. Meaning not explicitly documented in the source.,,,,contract_date,See validation/transformation_log.csv where applicable.,,
dd_0079,processed/procurement_contracts.csv,start_date,date,true,Start date. Meaning not explicitly documented in the source.,,,,start_date,See validation/transformation_log.csv where applicable.,,
dd_0080,processed/procurement_contracts.csv,end_date,date,true,End date. Meaning not explicitly documented in the source.,,,,end_date,See validation/transformation_log.csv where applicable.,,
dd_0081,processed/procurement_contracts.csv,category_id,string,true,Canonical category identifier.,,,,category_id,See validation/transformation_log.csv where applicable.,processed/categories.csv.category_id,
dd_0082,processed/procurement_contracts.csv,country_code,string,true,Country code retained or mapped from the source.,,,,country_code,See validation/transformation_log.csv where applicable.,,
dd_0083,processed/procurement_contracts.csv,source_id,string,false,Identifier of the registered source.,,,,source_id,See validation/transformation_log.csv where applicable.,,
dd_0084,processed/procurement_contracts.csv,source_file_id,string,false,Identifier of the registered source file.,,,,source_file_id,See validation/transformation_log.csv where applicable.,,
dd_0085,processed/procurement_contracts.csv,source_record_id,string,false,Identifier or row reference in the source.,,,,source_record_id,See validation/transformation_log.csv where applicable.,,
dd_0086,processed/procurement_contracts.csv,collected_at,date,false,Date on which the record was collected.,,,,collected_at,See validation/transformation_log.csv where applicable.,,
dd_0087,processed/procurement_lots.csv,lot_id,string,false,Lot id. Meaning not explicitly documented in the source.,,,,lot_id,See validation/transformation_log.csv where applicable.,,
dd_0088,processed/procurement_lots.csv,source_lot_id,string,false,Source lot id. Meaning not explicitly documented in the source.,,,,source_lot_id,See validation/transformation_log.csv where applicable.,,
dd_0089,processed/procurement_lots.csv,notice_id,string,false,Notice id. Meaning not explicitly documented in the source.,,,,notice_id,See validation/transformation_log.csv where applicable.,,
dd_0090,processed/procurement_lots.csv,procedure_id,string,false,Procedure id. Meaning not explicitly documented in the source.,,,,procedure_id,See validation/transformation_log.csv where applicable.,,
dd_0091,processed/procurement_lots.csv,lot_title,string,true,Lot title. Meaning not explicitly documented in the source.,,,,lot_title,See validation/transformation_log.csv where applicable.,,
dd_0092,processed/procurement_lots.csv,lot_description,string,true,Lot description. Meaning not explicitly documented in the source.,,,,lot_description,See validation/transformation_log.csv where applicable.,,
dd_0093,processed/procurement_lots.csv,lot_status,string,true,Lot status. Meaning not explicitly documented in the source.,,,,lot_status,See validation/transformation_log.csv where applicable.,,
dd_0094,processed/procurement_lots.csv,estimated_value,number,true,Estimated value. Meaning not explicitly documented in the source.,USD,Do not aggregate or compare across currencies.,,estimated_value,See validation/transformation_log.csv where applicable.,,
dd_0095,processed/procurement_lots.csv,currency_code,string,true,ISO or source currency code; compare values only within the same currency.,,,,currency_code,See validation/transformation_log.csv where applicable.,,
dd_0096,processed/procurement_lots.csv,category_id,string,true,Canonical category identifier.,,,,category_id,See validation/transformation_log.csv where applicable.,processed/categories.csv.category_id,
dd_0097,processed/procurement_lots.csv,source_id,string,false,Identifier of the registered source.,,,,source_id,See validation/transformation_log.csv where applicable.,,
dd_0098,processed/procurement_lots.csv,source_file_id,string,false,Identifier of the registered source file.,,,,source_file_id,See validation/transformation_log.csv where applicable.,,
dd_0099,processed/procurement_lots.csv,source_record_id,string,false,Identifier or row reference in the source.,,,,source_record_id,See validation/transformation_log.csv where applicable.,,
dd_0100,processed/procurement_lots.csv,collected_at,date,false,Date on which the record was collected.,,,,collected_at,See validation/transformation_log.csv where applicable.,,
dd_0101,processed/procurement_notices.csv,notice_id,string,false,Notice id. Meaning not explicitly documented in the source.,,,,notice_id,See validation/transformation_log.csv where applicable.,,
dd_0102,processed/procurement_notices.csv,source_notice_id,string,false,Source notice id. Meaning not explicitly documented in the source.,,,,source_notice_id,See validation/transformation_log.csv where applicable.,,
dd_0103,processed/procurement_notices.csv,notice_title,string,false,Notice title. Meaning not explicitly documented in the source.,,,,notice_title,See validation/transformation_log.csv where applicable.,,
dd_0104,processed/procurement_notices.csv,notice_type,string,false,Notice type. Meaning not explicitly documented in the source.,,,,notice_type,See validation/transformation_log.csv where applicable.,,
dd_0105,processed/procurement_notices.csv,publication_date,date,false,Publication date. Meaning not explicitly documented in the source.,,,,publication_date,See validation/transformation_log.csv where applicable.,,
dd_0106,processed/procurement_notices.csv,deadline_date,date,true,Deadline date. Meaning not explicitly documented in the source.,,,,deadline_date,See validation/transformation_log.csv where applicable.,,
dd_0107,processed/procurement_notices.csv,procedure_id,string,false,Procedure id. Meaning not explicitly documented in the source.,,,,procedure_id,See validation/transformation_log.csv where applicable.,,
dd_0108,processed/procurement_notices.csv,country_code,string,false,Country code retained or mapped from the source.,,,,country_code,See validation/transformation_log.csv where applicable.,,
dd_0109,processed/procurement_notices.csv,main_category_id,string,false,Main category id. Meaning not explicitly documented in the source.,,,,main_category_id,See validation/transformation_log.csv where applicable.,,
dd_0110,processed/procurement_notices.csv,source_id,string,false,Identifier of the registered source.,,,,source_id,See validation/transformation_log.csv where applicable.,,
dd_0111,processed/procurement_notices.csv,source_file_id,string,false,Identifier of the registered source file.,,,,source_file_id,See validation/transformation_log.csv where applicable.,,
dd_0112,processed/procurement_notices.csv,source_record_id,string,false,Identifier or row reference in the source.,,,,source_record_id,See validation/transformation_log.csv where applicable.,,
dd_0113,processed/procurement_notices.csv,collected_at,date,false,Date on which the record was collected.,,,,collected_at,See validation/transformation_log.csv where applicable.,,
dd_0114,processed/procurement_procedures.csv,procedure_id,string,false,Procedure id. Meaning not explicitly documented in the source.,,,,procedure_id,See validation/transformation_log.csv where applicable.,,
dd_0115,processed/procurement_procedures.csv,source_procedure_id,string,false,Source procedure id. Meaning not explicitly documented in the source.,,,,source_procedure_id,See validation/transformation_log.csv where applicable.,,
dd_0116,processed/procurement_procedures.csv,procedure_title,string,false,Procedure title. Meaning not explicitly documented in the source.,,,,procedure_title,See validation/transformation_log.csv where applicable.,,
dd_0117,processed/procurement_procedures.csv,procedure_type,string,true,Procedure type. Meaning not explicitly documented in the source.,,,,procedure_type,See validation/transformation_log.csv where applicable.,,
dd_0118,processed/procurement_procedures.csv,procedure_status,string,true,Procedure status. Meaning not explicitly documented in the source.,,,,procedure_status,See validation/transformation_log.csv where applicable.,,
dd_0119,processed/procurement_procedures.csv,estimated_value,number,true,Estimated value. Meaning not explicitly documented in the source.,USD,Do not aggregate or compare across currencies.,,estimated_value,See validation/transformation_log.csv where applicable.,,
dd_0120,processed/procurement_procedures.csv,currency_code,string,true,ISO or source currency code; compare values only within the same currency.,,,,currency_code,See validation/transformation_log.csv where applicable.,,
dd_0121,processed/procurement_procedures.csv,publication_date,date,false,Publication date. Meaning not explicitly documented in the source.,,,,publication_date,See validation/transformation_log.csv where applicable.,,
dd_0122,processed/procurement_procedures.csv,source_id,string,false,Identifier of the registered source.,,,,source_id,See validation/transformation_log.csv where applicable.,,
dd_0123,processed/procurement_procedures.csv,source_file_id,string,false,Identifier of the registered source file.,,,,source_file_id,See validation/transformation_log.csv where applicable.,,
dd_0124,processed/procurement_procedures.csv,source_record_id,string,false,Identifier or row reference in the source.,,,,source_record_id,See validation/transformation_log.csv where applicable.,,
dd_0125,processed/procurement_procedures.csv,collected_at,date,false,Date on which the record was collected.,,,,collected_at,See validation/transformation_log.csv where applicable.,,
dd_0126,processed/product_projects.csv,product_project_id,string,false,Product project id. Meaning not explicitly documented in the source.,,,,product_project_id,See validation/transformation_log.csv where applicable.,,
dd_0127,processed/product_projects.csv,product_id,string,false,Product id. Meaning not explicitly documented in the source.,,,,product_id,See validation/transformation_log.csv where applicable.,,
dd_0128,processed/product_projects.csv,project_id,string,false,Canonical project identifier.,,,,project_id,See validation/transformation_log.csv where applicable.,processed/projects.csv.project_id,
dd_0129,processed/product_projects.csv,relationship_type,string,false,Relationship type. Meaning not explicitly documented in the source.,,,,relationship_type,See validation/transformation_log.csv where applicable.,,
dd_0130,processed/product_projects.csv,relationship_description,string,true,Relationship description. Meaning not explicitly documented in the source.,,,,relationship_description,See validation/transformation_log.csv where applicable.,,
dd_0131,processed/product_projects.csv,source_id,string,false,Identifier of the registered source.,,,,source_id,See validation/transformation_log.csv where applicable.,,
dd_0132,processed/product_projects.csv,source_file_id,string,false,Identifier of the registered source file.,,,,source_file_id,See validation/transformation_log.csv where applicable.,,
dd_0133,processed/product_projects.csv,source_record_id,string,false,Identifier or row reference in the source.,,,,source_record_id,See validation/transformation_log.csv where applicable.,,
dd_0134,processed/products.csv,product_id,string,false,Product id. Meaning not explicitly documented in the source.,,,,product_id,See validation/transformation_log.csv where applicable.,,
dd_0135,processed/products.csv,source_product_id,string,false,Source product id. Meaning not explicitly documented in the source.,,,,source_product_id,See validation/transformation_log.csv where applicable.,,
dd_0136,processed/products.csv,product_name,string,false,Product name. Meaning not explicitly documented in the source.,,,,product_name,See validation/transformation_log.csv where applicable.,,
dd_0137,processed/products.csv,product_description,string,true,Product description. Meaning not explicitly documented in the source.,,,,product_description,See validation/transformation_log.csv where applicable.,,
dd_0138,processed/products.csv,product_category,string,true,Product category. Meaning not explicitly documented in the source.,,,,product_category,See validation/transformation_log.csv where applicable.,,
dd_0139,processed/products.csv,source_id,string,false,Identifier of the registered source.,,,,source_id,See validation/transformation_log.csv where applicable.,,
dd_0140,processed/products.csv,source_file_id,string,false,Identifier of the registered source file.,,,,source_file_id,See validation/transformation_log.csv where applicable.,,
dd_0141,processed/products.csv,source_record_id,string,false,Identifier or row reference in the source.,,,,source_record_id,See validation/transformation_log.csv where applicable.,,
dd_0142,processed/products.csv,collected_at,date,false,Date on which the record was collected.,,,,collected_at,See validation/transformation_log.csv where applicable.,,
dd_0143,processed/projects.csv,project_id,string,false,Canonical project identifier.,,,,project_id,See validation/transformation_log.csv where applicable.,processed/projects.csv.project_id,
dd_0144,processed/projects.csv,source_project_id,string,false,Source project id. Meaning not explicitly documented in the source.,,,,source_project_id,See validation/transformation_log.csv where applicable.,,
dd_0145,processed/projects.csv,project_name,string,false,Project name. Meaning not explicitly documented in the source.,,,,project_name,See validation/transformation_log.csv where applicable.,,
dd_0146,processed/projects.csv,project_description,string,true,Project description. Meaning not explicitly documented in the source.,,,,project_description,See validation/transformation_log.csv where applicable.,,
dd_0147,processed/projects.csv,project_status,string,true,Project status. Meaning not explicitly documented in the source.,,,,project_status,See validation/transformation_log.csv where applicable.,,
dd_0148,processed/projects.csv,country_code,string,true,Country code retained or mapped from the source.,,,,country_code,See validation/transformation_log.csv where applicable.,,
dd_0149,processed/projects.csv,country_name,string,true,Country name. Meaning not explicitly documented in the source.,,,,country_name,See validation/transformation_log.csv where applicable.,,
dd_0150,processed/projects.csv,source_id,string,false,Identifier of the registered source.,,,,source_id,See validation/transformation_log.csv where applicable.,,
dd_0151,processed/projects.csv,source_file_id,string,false,Identifier of the registered source file.,,,,source_file_id,See validation/transformation_log.csv where applicable.,,
dd_0152,processed/projects.csv,source_record_id,string,false,Identifier or row reference in the source.,,,,source_record_id,See validation/transformation_log.csv where applicable.,,
dd_0153,processed/projects.csv,collected_at,date,false,Date on which the record was collected.,,,,collected_at,See validation/transformation_log.csv where applicable.,,
dd_0154,processed/supplier_products.csv,supplier_product_id,string,false,Supplier product id. Meaning not explicitly documented in the source.,,,,supplier_product_id,See validation/transformation_log.csv where applicable.,,
dd_0155,processed/supplier_products.csv,supplier_id,string,false,Canonical supplier identifier.,,,,supplier_id,See validation/transformation_log.csv where applicable.,processed/suppliers.csv.supplier_id,
dd_0156,processed/supplier_products.csv,product_id,string,false,Product id. Meaning not explicitly documented in the source.,,,,product_id,See validation/transformation_log.csv where applicable.,,
dd_0157,processed/supplier_products.csv,relationship_type,string,false,Relationship type. Meaning not explicitly documented in the source.,,,,relationship_type,See validation/transformation_log.csv where applicable.,,
dd_0158,processed/supplier_products.csv,relationship_description,string,true,Relationship description. Meaning not explicitly documented in the source.,,,,relationship_description,See validation/transformation_log.csv where applicable.,,
dd_0159,processed/supplier_products.csv,source_id,string,false,Identifier of the registered source.,,,,source_id,See validation/transformation_log.csv where applicable.,,
dd_0160,processed/supplier_products.csv,source_file_id,string,false,Identifier of the registered source file.,,,,source_file_id,See validation/transformation_log.csv where applicable.,,
dd_0161,processed/supplier_products.csv,source_record_id,string,false,Identifier or row reference in the source.,,,,source_record_id,See validation/transformation_log.csv where applicable.,,
dd_0162,processed/supplier_projects.csv,supplier_project_id,string,false,Supplier project id. Meaning not explicitly documented in the source.,,,,supplier_project_id,See validation/transformation_log.csv where applicable.,,
dd_0163,processed/supplier_projects.csv,supplier_id,string,false,Canonical supplier identifier.,,,,supplier_id,See validation/transformation_log.csv where applicable.,processed/suppliers.csv.supplier_id,
dd_0164,processed/supplier_projects.csv,project_id,string,false,Canonical project identifier.,,,,project_id,See validation/transformation_log.csv where applicable.,processed/projects.csv.project_id,
dd_0165,processed/supplier_projects.csv,relationship_type,string,false,Relationship type. Meaning not explicitly documented in the source.,,,,relationship_type,See validation/transformation_log.csv where applicable.,,
dd_0166,processed/supplier_projects.csv,relationship_description,string,false,Relationship description. Meaning not explicitly documented in the source.,,,,relationship_description,See validation/transformation_log.csv where applicable.,,
dd_0167,processed/supplier_projects.csv,source_id,string,false,Identifier of the registered source.,,,,source_id,See validation/transformation_log.csv where applicable.,,
dd_0168,processed/supplier_projects.csv,source_file_id,string,false,Identifier of the registered source file.,,,,source_file_id,See validation/transformation_log.csv where applicable.,,
dd_0169,processed/supplier_projects.csv,source_record_id,string,false,Identifier or row reference in the source.,,,,source_record_id,See validation/transformation_log.csv where applicable.,,
dd_0170,processed/suppliers.csv,supplier_id,string,false,Canonical supplier identifier.,,,,supplier_id,See validation/transformation_log.csv where applicable.,processed/suppliers.csv.supplier_id,
dd_0171,processed/suppliers.csv,source_supplier_id,string,false,Source supplier id. Meaning not explicitly documented in the source.,,,,source_supplier_id,See validation/transformation_log.csv where applicable.,,
dd_0172,processed/suppliers.csv,supplier_name,string,false,Supplier name. Meaning not explicitly documented in the source.,,,,supplier_name,See validation/transformation_log.csv where applicable.,,
dd_0173,processed/suppliers.csv,normalized_name,string,false,Technical normalization of the original name; not an entity merge.,,,,normalized_name,See validation/transformation_log.csv where applicable.,,
dd_0174,processed/suppliers.csv,country_code,string,true,Country code retained or mapped from the source.,,,,country_code,See validation/transformation_log.csv where applicable.,,
dd_0175,processed/suppliers.csv,country_name,string,true,Country name. Meaning not explicitly documented in the source.,,,,country_name,See validation/transformation_log.csv where applicable.,,
dd_0176,processed/suppliers.csv,supplier_type,string,true,Supplier type. Meaning not explicitly documented in the source.,,,,supplier_type,See validation/transformation_log.csv where applicable.,,
dd_0177,processed/suppliers.csv,supplier_status,string,true,Supplier status. Meaning not explicitly documented in the source.,,,,supplier_status,See validation/transformation_log.csv where applicable.,,
dd_0178,processed/suppliers.csv,source_id,string,false,Identifier of the registered source.,,,,source_id,See validation/transformation_log.csv where applicable.,,
dd_0179,processed/suppliers.csv,source_file_id,string,false,Identifier of the registered source file.,,,,source_file_id,See validation/transformation_log.csv where applicable.,,
dd_0180,processed/suppliers.csv,source_record_id,string,false,Identifier or row reference in the source.,,,,source_record_id,See validation/transformation_log.csv where applicable.,,
dd_0181,processed/suppliers.csv,collected_at,date,false,Date on which the record was collected.,,,,collected_at,See validation/transformation_log.csv where applicable.,,
dd_0182,metadata/sources.csv,source_id,string,false,Identifier of the registered source.,,,,source_id,See validation/transformation_log.csv where applicable.,,
dd_0183,metadata/sources.csv,source_name,string,false,Source name. Meaning not explicitly documented in the source.,,,,source_name,See validation/transformation_log.csv where applicable.,,
dd_0184,metadata/sources.csv,responsible_organization,string,false,Responsible organization. Meaning not explicitly documented in the source.,,,,responsible_organization,See validation/transformation_log.csv where applicable.,,
dd_0185,metadata/sources.csv,source_url,string,false,Source url. Meaning not explicitly documented in the source.,,,,source_url,See validation/transformation_log.csv where applicable.,,
dd_0186,metadata/sources.csv,source_domain,string,false,Source domain. Meaning not explicitly documented in the source.,,,,source_domain,See validation/transformation_log.csv where applicable.,,
dd_0187,metadata/sources.csv,source_type,string,false,Source type. Meaning not explicitly documented in the source.,,,,source_type,See validation/transformation_log.csv where applicable.,,
dd_0188,metadata/sources.csv,official_source,string,false,Official source. Meaning not explicitly documented in the source.,,,,official_source,See validation/transformation_log.csv where applicable.,,
dd_0189,metadata/sources.csv,publication_date,date,true,Publication date. Meaning not explicitly documented in the source.,,,,publication_date,See validation/transformation_log.csv where applicable.,,
dd_0190,metadata/sources.csv,updated_date,date,true,Updated date. Meaning not explicitly documented in the source.,,,,updated_date,See validation/transformation_log.csv where applicable.,,
dd_0191,metadata/sources.csv,accessed_at,date,false,Accessed at. Meaning not explicitly documented in the source.,,,,accessed_at,See validation/transformation_log.csv where applicable.,,
dd_0192,metadata/sources.csv,license_name,string,false,License name. Meaning not explicitly documented in the source.,,,,license_name,See validation/transformation_log.csv where applicable.,,
dd_0193,metadata/sources.csv,license_url,string,false,License url. Meaning not explicitly documented in the source.,,,,license_url,See validation/transformation_log.csv where applicable.,,
dd_0194,metadata/sources.csv,redistribution_allowed,string,false,Redistribution allowed. Meaning not explicitly documented in the source.,,,,redistribution_allowed,See validation/transformation_log.csv where applicable.,,
dd_0195,metadata/sources.csv,source_language,string,false,Source language. Meaning not explicitly documented in the source.,,,,source_language,See validation/transformation_log.csv where applicable.,,
dd_0196,metadata/sources.csv,description,string,false,Description. Meaning not explicitly documented in the source.,,,,description,See validation/transformation_log.csv where applicable.,,
dd_0197,metadata/sources.csv,limitations,string,false,"Known scope, source or interpretation constraints.",,,,limitations,See validation/transformation_log.csv where applicable.,,
dd_0198,metadata/file_registry.csv,source_file_id,string,false,Identifier of the registered source file.,,,,source_file_id,See validation/transformation_log.csv where applicable.,,
dd_0199,metadata/file_registry.csv,source_id,string,false,Identifier of the registered source.,,,,source_id,See validation/transformation_log.csv where applicable.,,
dd_0200,metadata/file_registry.csv,original_file_name,string,false,Original file name. Meaning not explicitly documented in the source.,,,,original_file_name,See validation/transformation_log.csv where applicable.,,
dd_0201,metadata/file_registry.csv,stored_file_path,string,false,Stored file path. Meaning not explicitly documented in the source.,,,,stored_file_path,See validation/transformation_log.csv where applicable.,,
dd_0202,metadata/file_registry.csv,file_format,string,false,File format. Meaning not explicitly documented in the source.,,,,file_format,See validation/transformation_log.csv where applicable.,,
dd_0203,metadata/file_registry.csv,mime_type,string,false,Mime type. Meaning not explicitly documented in the source.,,,,mime_type,See validation/transformation_log.csv where applicable.,,
dd_0204,metadata/file_registry.csv,file_size_bytes,number,false,File size bytes. Meaning not explicitly documented in the source.,,,,file_size_bytes,See validation/transformation_log.csv where applicable.,,
dd_0205,metadata/file_registry.csv,sha256,string,false,SHA-256 checksum of the file.,,,,sha256,See validation/transformation_log.csv where applicable.,,
dd_0206,metadata/file_registry.csv,downloaded_at,date,false,Downloaded at. Meaning not explicitly documented in the source.,,,,downloaded_at,See validation/transformation_log.csv where applicable.,,
dd_0207,metadata/file_registry.csv,record_count,number,false,"Number of data records, excluding the header.",,,,record_count,See validation/transformation_log.csv where applicable.,,
dd_0208,metadata/file_registry.csv,column_count,number,true,Column count. Meaning not explicitly documented in the source.,,,,column_count,See validation/transformation_log.csv where applicable.,,
dd_0209,metadata/file_registry.csv,encoding,string,false,Encoding. Meaning not explicitly documented in the source.,,,,encoding,See validation/transformation_log.csv where applicable.,,
dd_0210,metadata/file_registry.csv,delimiter,string,true,Delimiter. Meaning not explicitly documented in the source.,,,,delimiter,See validation/transformation_log.csv where applicable.,,
dd_0211,metadata/file_registry.csv,license_status,string,false,License status. Meaning not explicitly documented in the source.,,,,license_status,See validation/transformation_log.csv where applicable.,,
dd_0212,metadata/subset_registry.csv,subset_id,string,false,Subset id. Meaning not explicitly documented in the source.,,,,subset_id,See validation/transformation_log.csv where applicable.,,
dd_0213,metadata/subset_registry.csv,source_id,string,false,Identifier of the registered source.,,,,source_id,See validation/transformation_log.csv where applicable.,,
dd_0214,metadata/subset_registry.csv,source_file_id,string,true,Identifier of the registered source file.,,,,source_file_id,See validation/transformation_log.csv where applicable.,,
dd_0215,metadata/subset_registry.csv,original_record_count,string,false,Original record count. Meaning not explicitly documented in the source.,,,,original_record_count,See validation/transformation_log.csv where applicable.,,
dd_0216,metadata/subset_registry.csv,final_record_count,string,false,Final record count. Meaning not explicitly documented in the source.,,,,final_record_count,See validation/transformation_log.csv where applicable.,,
dd_0217,metadata/subset_registry.csv,selection_method,string,false,Selection method. Meaning not explicitly documented in the source.,,,,selection_method,See validation/transformation_log.csv where applicable.,,
dd_0218,metadata/subset_registry.csv,selection_criteria,string,false,Selection criteria. Meaning not explicitly documented in the source.,,,,selection_criteria,See validation/transformation_log.csv where applicable.,,
dd_0219,metadata/subset_registry.csv,random_seed,string,true,Random seed. Meaning not explicitly documented in the source.,,,,random_seed,See validation/transformation_log.csv where applicable.,,
dd_0220,metadata/subset_registry.csv,date_range_start,string,false,Date range start. Meaning not explicitly documented in the source.,,,,date_range_start,See validation/transformation_log.csv where applicable.,,
dd_0221,metadata/subset_registry.csv,date_range_end,string,false,Date range end. Meaning not explicitly documented in the source.,,,,date_range_end,See validation/transformation_log.csv where applicable.,,
dd_0222,metadata/subset_registry.csv,country_filter,string,true,Country filter. Meaning not explicitly documented in the source.,,,,country_filter,See validation/transformation_log.csv where applicable.,,
dd_0223,metadata/subset_registry.csv,category_filter,string,true,Category filter. Meaning not explicitly documented in the source.,,,,category_filter,See validation/transformation_log.csv where applicable.,,
dd_0224,metadata/subset_registry.csv,created_at,string,false,Created at. Meaning not explicitly documented in the source.,,,,created_at,See validation/transformation_log.csv where applicable.,,
dd_0225,metadata/subset_registry.csv,limitations,string,false,"Known scope, source or interpretation constraints.",,,,limitations,See validation/transformation_log.csv where applicable.,,
dd_0226,metadata/world_bank_subset_registry.csv,source_id,string,false,Identifier of the registered source.,,,,source_id,See validation/transformation_log.csv where applicable.,,
dd_0227,metadata/world_bank_subset_registry.csv,dataset_id,string,false,Dataset id. Meaning not explicitly documented in the source.,,,,dataset_id,See validation/transformation_log.csv where applicable.,,
dd_0228,metadata/world_bank_subset_registry.csv,selection_rule,string,false,Selection rule. Meaning not explicitly documented in the source.,,,,selection_rule,See validation/transformation_log.csv where applicable.,,
dd_0229,metadata/world_bank_subset_registry.csv,raw_records_total,string,false,Raw records total. Meaning not explicitly documented in the source.,,,,raw_records_total,See validation/transformation_log.csv where applicable.,,
dd_0230,metadata/world_bank_subset_registry.csv,records_selected,string,false,Records selected. Meaning not explicitly documented in the source.,,,,records_selected,See validation/transformation_log.csv where applicable.,,
dd_0231,metadata/world_bank_subset_registry.csv,unique_contracts,string,false,Unique contracts. Meaning not explicitly documented in the source.,,,,unique_contracts,See validation/transformation_log.csv where applicable.,,
dd_0232,metadata/world_bank_subset_registry.csv,unique_suppliers,string,false,Unique suppliers. Meaning not explicitly documented in the source.,,,,unique_suppliers,See validation/transformation_log.csv where applicable.,,
dd_0233,metadata/world_bank_subset_registry.csv,unique_projects,string,false,Unique projects. Meaning not explicitly documented in the source.,,,,unique_projects,See validation/transformation_log.csv where applicable.,,
dd_0234,metadata/world_bank_subset_registry.csv,multi_supplier_contracts,string,false,Multi supplier contracts. Meaning not explicitly documented in the source.,,,,multi_supplier_contracts,See validation/transformation_log.csv where applicable.,,
dd_0235,metadata/world_bank_subset_registry.csv,currency,string,false,Currency. Meaning not explicitly documented in the source.,,,,currency,See validation/transformation_log.csv where applicable.,,
dd_0236,metadata/world_bank_subset_registry.csv,download_url,string,false,Download url. Meaning not explicitly documented in the source.,,,,download_url,See validation/transformation_log.csv where applicable.,,
dd_0237,metadata/world_bank_subset_registry.csv,dataset_url,string,false,Dataset url. Meaning not explicitly documented in the source.,,,,dataset_url,See validation/transformation_log.csv where applicable.,,
dd_0238,metadata/world_bank_subset_registry.csv,accessed_at,date,false,Accessed at. Meaning not explicitly documented in the source.,,,,accessed_at,See validation/transformation_log.csv where applicable.,,
dd_0239,metadata/document_index.csv,document_id,string,false,Canonical document identifier.,,,,document_id,See validation/transformation_log.csv where applicable.,,
dd_0240,metadata/document_index.csv,source_id,string,false,Identifier of the registered source.,,,,source_id,See validation/transformation_log.csv where applicable.,,
dd_0241,metadata/document_index.csv,source_file_id,string,false,Identifier of the registered source file.,,,,source_file_id,See validation/transformation_log.csv where applicable.,,
dd_0242,metadata/document_index.csv,document_title,string,false,Document title. Meaning not explicitly documented in the source.,,,,document_title,See validation/transformation_log.csv where applicable.,,
dd_0243,metadata/document_index.csv,organization,string,false,Organization. Meaning not explicitly documented in the source.,,,,organization,See validation/transformation_log.csv where applicable.,,
dd_0244,metadata/document_index.csv,document_date,date,false,Document date. Meaning not explicitly documented in the source.,,,,document_date,See validation/transformation_log.csv where applicable.,,
dd_0245,metadata/document_index.csv,topic,string,false,Topic. Meaning not explicitly documented in the source.,,,,topic,See validation/transformation_log.csv where applicable.,,
dd_0246,metadata/document_index.csv,description,string,false,Description. Meaning not explicitly documented in the source.,,,,description,See validation/transformation_log.csv where applicable.,,
dd_0247,metadata/document_index.csv,covered_topics,string,false,Covered topics. Meaning not explicitly documented in the source.,,,,covered_topics,See validation/transformation_log.csv where applicable.,,
dd_0248,metadata/document_index.csv,supported_questions,string,false,Supported questions. Meaning not explicitly documented in the source.,,,,supported_questions,See validation/transformation_log.csv where applicable.,,
dd_0249,metadata/document_index.csv,original_pdf_path,string,false,Unchanged official PDF path when retention is permitted.,,,,original_pdf_path,See validation/transformation_log.csv where applicable.,,
dd_0250,metadata/document_index.csv,normalized_pdf_path,string,false,"Normalized paraphrase PDF path, not a replacement for the original.",,,,normalized_pdf_path,See validation/transformation_log.csv where applicable.,,
dd_0251,metadata/document_index.csv,language_code,string,false,Language code. Meaning not explicitly documented in the source.,,,,language_code,See validation/transformation_log.csv where applicable.,,
dd_0252,metadata/document_index.csv,limitations,string,false,"Known scope, source or interpretation constraints.",,,,limitations,See validation/transformation_log.csv where applicable.,,
dd_0253,metadata/relationship_catalog.csv,relationship_id,string,false,Relationship id. Meaning not explicitly documented in the source.,,,,relationship_id,See validation/transformation_log.csv where applicable.,,
dd_0254,metadata/relationship_catalog.csv,left_entity,string,false,Left entity. Meaning not explicitly documented in the source.,,,,left_entity,See validation/transformation_log.csv where applicable.,,
dd_0255,metadata/relationship_catalog.csv,right_entity,string,false,Right entity. Meaning not explicitly documented in the source.,,,,right_entity,See validation/transformation_log.csv where applicable.,,
dd_0256,metadata/relationship_catalog.csv,relationship_type,string,false,Relationship type. Meaning not explicitly documented in the source.,,,,relationship_type,See validation/transformation_log.csv where applicable.,,
dd_0257,metadata/relationship_catalog.csv,bridge_file,string,false,Bridge file. Meaning not explicitly documented in the source.,,,,bridge_file,See validation/transformation_log.csv where applicable.,,
dd_0258,metadata/relationship_catalog.csv,left_key,string,true,Left key. Meaning not explicitly documented in the source.,,,,left_key,See validation/transformation_log.csv where applicable.,,
dd_0259,metadata/relationship_catalog.csv,right_key,string,true,Right key. Meaning not explicitly documented in the source.,,,,right_key,See validation/transformation_log.csv where applicable.,,
dd_0260,metadata/relationship_catalog.csv,source_support,string,false,Source support. Meaning not explicitly documented in the source.,,,,source_support,See validation/transformation_log.csv where applicable.,,
dd_0261,metadata/relationship_catalog.csv,cardinality,string,false,Cardinality. Meaning not explicitly documented in the source.,,,,cardinality,See validation/transformation_log.csv where applicable.,,
dd_0262,metadata/relationship_catalog.csv,limitations,string,false,"Known scope, source or interpretation constraints.",,,,limitations,See validation/transformation_log.csv where applicable.,,
dd_0263,metadata/entity_index.csv,entity_id,string,false,Entity id. Meaning not explicitly documented in the source.,,,,entity_id,See validation/transformation_log.csv where applicable.,,
dd_0264,metadata/entity_index.csv,file_path,string,false,Path relative to the package root.,,,,file_path,See validation/transformation_log.csv where applicable.,,
dd_0265,metadata/entity_index.csv,primary_key,string,false,Primary key. Meaning not explicitly documented in the source.,,,,primary_key,See validation/transformation_log.csv where applicable.,,
dd_0266,metadata/entity_index.csv,record_count,number,false,"Number of data records, excluding the header.",,,,record_count,See validation/transformation_log.csv where applicable.,,
dd_0267,metadata/entity_index.csv,source_ids,string,false,Source ids. Meaning not explicitly documented in the source.,,,,source_ids,See validation/transformation_log.csv where applicable.,,
dd_0268,metadata/entity_index.csv,description,string,false,Description. Meaning not explicitly documented in the source.,,,,description,See validation/transformation_log.csv where applicable.,,
dd_0269,metadata/entity_index.csv,limitations,string,false,"Known scope, source or interpretation constraints.",,,,limitations,See validation/transformation_log.csv where applicable.,,
