source_file_id,source_id,original_file_name,stored_file_path,file_format,mime_type,file_size_bytes,sha256,downloaded_at,record_count,column_count,encoding,delimiter,license_status
file_nist_001,src_nist_supplychain,products.csv,raw/nist/SampleDataSets/01 Basic Sample Data Set Small/products.csv,csv,text/csv,205,7ffb65d5bedd261eadfb4664d71d1e23868a8b8087bdb6a55d6f30788c68743e,2026-08-19,9,4,utf-8,comma,open
file_nist_002,src_nist_supplychain,projects.csv,raw/nist/SampleDataSets/01 Basic Sample Data Set Small/projects.csv,csv,text/csv,58,ba92fd52059114fbd987100650abdc92c8d694e16ccb0bb5438620ab959a892d,2026-08-19,1,3,utf-8,comma,open
file_nist_003,src_nist_supplychain,suppliers.csv,raw/nist/SampleDataSets/01 Basic Sample Data Set Small/suppliers.csv,csv,text/csv,80,7a98e4e23ae33f06a12d1bcc7be49e0dfd549cb8b7c7cdb5c93b7a541be1c7cf,2026-08-19,4,2,utf-8,comma,open
file_nist_004,src_nist_supplychain,products.csv,raw/nist/SampleDataSets/02 Interconnected Sample Data Set Small/products.csv,csv,text/csv,175,067cfa8cb15a5449e3048254c75edd11960dcf15548bb7f361f07cdcd6219aff,2026-08-19,7,4,utf-8,comma,open
file_nist_005,src_nist_supplychain,projects.csv,raw/nist/SampleDataSets/02 Interconnected Sample Data Set Small/projects.csv,csv,text/csv,120,901987db2a95292f7b205029c355a5c286eb57d4ffd3a7f81357cfe3c5ab2f15,2026-08-19,4,3,utf-8,comma,open
file_nist_006,src_nist_supplychain,suppliers.csv,raw/nist/SampleDataSets/02 Interconnected Sample Data Set Small/suppliers.csv,csv,text/csv,122,8bec1efed969c5ded5768e7d2c53fa8bacdb5dab3a6e4dddde971d8cfbd753f1,2026-08-19,7,2,utf-8,comma,open
file_nist_007,src_nist_supplychain,GPS_products.csv,raw/nist/SampleDataSets/GPS Manufacturer/GPS_products.csv,csv,text/csv,17589,73b8a766ef92196254a5ac743596fb368a57c03e251110369dcbd39ea3dacbd4,2026-08-19,55,24,unknown-8bit,comma,open
file_nist_008,src_nist_supplychain,GPS_projects.csv,raw/nist/SampleDataSets/GPS Manufacturer/GPS_projects.csv,csv,text/csv,72,281160a4f671b1f013d67ca60b2cd4f6c8fe57bdf926ea913a208e52646bdc1e,2026-08-19,3,3,utf-8,comma,open
file_nist_009,src_nist_supplychain,GPS_suppliers.csv,raw/nist/SampleDataSets/GPS Manufacturer/GPS_suppliers.csv,csv,text/csv,1510,c55b6f74219816812520676b8ae2a0c10eda85afec1fe03a610b629db43ba24f,2026-08-19,29,10,us-ascii,comma,open
file_nist_010,src_nist_supplychain,medical_products.csv,raw/nist/SampleDataSets/Medical Software/medical_products.csv,csv,text/csv,2328,5a8c7544d47d8caa817f39f10c0aa18b53492f1def8310a16ef4257a7910d062,2026-08-19,30,7,utf-8,comma,open
file_nist_011,src_nist_supplychain,medical_projects.csv,raw/nist/SampleDataSets/Medical Software/medical_projects.csv,csv,text/csv,163,2b273655ff7f7a2a59aa38a845fd17e1300077811bde7314e2666ebc3e981d68,2026-08-19,5,3,utf-8,comma,open
file_nist_012,src_nist_supplychain,medical_suppliers.csv,raw/nist/SampleDataSets/Medical Software/medical_suppliers.csv,csv,text/csv,1552,8aeb3677bfb60259c0a1c9f0930807737ebb6f554fbbfe161589253e33f996ef,2026-08-19,9,10,utf-8,comma,open
file_nist_013,src_nist_supplychain,SGE_products.csv,raw/nist/SampleDataSets/Small Government Entity/SGE_products.csv,csv,text/csv,3719,10f41c9b213a9984e299a246a15be056491cd12ef9780087d242dc251c0b046d,2026-08-19,49,7,us-ascii,comma,open
file_nist_014,src_nist_supplychain,SGE_projects.csv,raw/nist/SampleDataSets/Small Government Entity/SGE_projects.csv,csv,text/csv,100,1a343b3058230a82ba0693ff026b897e5c15a811488a17ff179ced37eecfef85,2026-08-19,4,3,utf-8,comma,open
file_nist_015,src_nist_supplychain,SGE_suppliers.csv,raw/nist/SampleDataSets/Small Government Entity/SGE_suppliers.csv,csv,text/csv,5758,3dd47576750ab57a6eed908a08f4139c4979a5fbf3a6730ac2028351a00d9c10,2026-08-19,55,12,utf-8,comma,open
file_ted_0001,src_ted_opendata,4-2025.xml,raw/ted/xml/4-2025.xml,xml,application/xml,46487,c1d9c423f3d6cb95cb022df28b41d652bc877216649be17f9afb18bc81ff0930,2026-08-19,1,,utf-8,,open_with_attribution
file_ted_0002,src_ted_opendata,5-2025.xml,raw/ted/xml/5-2025.xml,xml,application/xml,26573,90e3a1813453d044946290bfd1f5a56623e6f21f44fc901f42915542030b764d,2026-08-19,1,,utf-8,,open_with_attribution
file_ted_0003,src_ted_opendata,6-2025.xml,raw/ted/xml/6-2025.xml,xml,application/xml,19321,412d8776db5823425f8cddf575b35218aa31833e5d7e05935be951896d1ce6d5,2026-08-19,1,,utf-8,,open_with_attribution
file_ted_0004,src_ted_opendata,7-2025.xml,raw/ted/xml/7-2025.xml,xml,application/xml,12378,7cef027493480c54335504a79e0f19eb89fdf4fbaa7781a9e323a5d218491719,2026-08-19,1,,utf-8,,open_with_attribution
file_ted_0005,src_ted_opendata,11-2025.xml,raw/ted/xml/11-2025.xml,xml,application/xml,22062,3ecb523e98de100766674d712875edb10778b2bb61519efba11d84af22986f9c,2026-08-19,1,,utf-8,,open_with_attribution
file_ted_0006,src_ted_opendata,12-2025.xml,raw/ted/xml/12-2025.xml,xml,application/xml,18346,cee48f7d008fceb40491ab5c73d7212cdac72a750a971d1c95b8ff83f1af8730,2026-08-19,1,,utf-8,,open_with_attribution
file_ted_0007,src_ted_opendata,13-2025.xml,raw/ted/xml/13-2025.xml,xml,application/xml,39902,4d16d4b7490bd267080adaa90022811a1ccf948352c15200227e3f2a22d17e74,2026-08-19,1,,utf-8,,open_with_attribution
file_ted_0008,src_ted_opendata,17-2025.xml,raw/ted/xml/17-2025.xml,xml,application/xml,25371,0c28a7f49437b42ee1538f85588a800bf6f33b64ea2107ef2b2e5734e28a8895,2026-08-19,1,,utf-8,,open_with_attribution
file_ted_0009,src_ted_opendata,18-2025.xml,raw/ted/xml/18-2025.xml,xml,application/xml,126181,3daf0de9e1b43cd43813d11f74a7fa8132dd4868710932877d025f5ec4b246b5,2026-08-19,1,,utf-8,,open_with_attribution
file_ted_0010,src_ted_opendata,19-2025.xml,raw/ted/xml/19-2025.xml,xml,application/xml,26686,62e9e7503a45bf7537103eeee6f8951b13b5c18f6ad6ee0966db41893dd6b4ca,2026-08-19,1,,utf-8,,open_with_attribution
file_ted_0011,src_ted_opendata,22-2025.xml,raw/ted/xml/22-2025.xml,xml,application/xml,9020,745b86e5b8a3dedaf1e9b363b65015737de3699bbb7a2a813b7c55065b861333,2026-08-19,1,,utf-8,,open_with_attribution
file_ted_0012,src_ted_opendata,23-2025.xml,raw/ted/xml/23-2025.xml,xml,application/xml,40756,d04301c861b9dde27f216a2667ceee5cd42e0bbdc0904a357b15a3a026fb9266,2026-08-19,1,,utf-8,,open_with_attribution
file_ted_0013,src_ted_opendata,24-2025.xml,raw/ted/xml/24-2025.xml,xml,application/xml,330753,b75c2cdbe4c758c91eb8f0c462dbde5bb61d2eff7b273b94a2004c349d39be5f,2026-08-19,1,,utf-8,,open_with_attribution
file_ted_0014,src_ted_opendata,25-2025.xml,raw/ted/xml/25-2025.xml,xml,application/xml,20231,7084edae4a5c20413bc6356546101f1f93b4567b6a7cf96b0946c435648edcec,2026-08-19,1,,utf-8,,open_with_attribution
file_ted_0015,src_ted_opendata,27-2025.xml,raw/ted/xml/27-2025.xml,xml,application/xml,82440,b6aa90d30aefd2c7d114df01b57249fbff75527225b682cfac16b3d01d0173d7,2026-08-19,1,,utf-8,,open_with_attribution
file_ted_0016,src_ted_opendata,28-2025.xml,raw/ted/xml/28-2025.xml,xml,application/xml,20460,4fc05bf8e26e9a66b43c361a67b698ed9776365dfabe44d003854d8ef920eb64,2026-08-19,1,,utf-8,,open_with_attribution
file_ted_0017,src_ted_opendata,30-2025.xml,raw/ted/xml/30-2025.xml,xml,application/xml,20381,6fecb5f095c5deb58453d92b468392c5dd3ec74bb27d4be6b7a56531aec86f5a,2026-08-19,1,,utf-8,,open_with_attribution
file_ted_0018,src_ted_opendata,31-2025.xml,raw/ted/xml/31-2025.xml,xml,application/xml,19427,1a2d692084b036e0dc9529bd70c726acbc38deea593fc99988123f7a13ea3b41,2026-08-19,1,,utf-8,,open_with_attribution
file_ted_0019,src_ted_opendata,33-2025.xml,raw/ted/xml/33-2025.xml,xml,application/xml,42670,f00a74038b7a45e16aa8b747e90b5fa6ad1c41271881d7697ab874bd980505c0,2026-08-19,1,,utf-8,,open_with_attribution
file_ted_0020,src_ted_opendata,37-2025.xml,raw/ted/xml/37-2025.xml,xml,application/xml,28807,f16747503b686f9bba7ca7931a7edbd6f5dd0f97fa6466a36fe656c36d135edc,2026-08-19,1,,utf-8,,open_with_attribution
file_ted_0021,src_ted_opendata,40-2025.xml,raw/ted/xml/40-2025.xml,xml,application/xml,12380,64d93f209e790874af8b959eb01875338f45fb09504ec2ca198da23bee13a59c,2026-08-19,1,,utf-8,,open_with_attribution
file_ted_0022,src_ted_opendata,42-2025.xml,raw/ted/xml/42-2025.xml,xml,application/xml,12378,4b1c3f5d2051f7dc852f74deb3985a8c49b966665e519017496640636120ddac,2026-08-19,1,,utf-8,,open_with_attribution
file_ted_0023,src_ted_opendata,43-2025.xml,raw/ted/xml/43-2025.xml,xml,application/xml,22584,8c14bd3c8b324b870159e79203efd212139fd6ebcaea9a67f7640590741cacb4,2026-08-19,1,,utf-8,,open_with_attribution
file_ted_0024,src_ted_opendata,44-2025.xml,raw/ted/xml/44-2025.xml,xml,application/xml,60271,0aab4887a756557081089ae5823c9230c3d52fdecbb6cc69f4330abf63c75096,2026-08-19,1,,utf-8,,open_with_attribution
file_ted_0025,src_ted_opendata,46-2025.xml,raw/ted/xml/46-2025.xml,xml,application/xml,19861,0abb8a55f7ecc378bb021966c4f1d4f28e27e09519c5e1bc93935daa14301e45,2026-08-19,1,,utf-8,,open_with_attribution
file_ted_0026,src_ted_opendata,48-2025.xml,raw/ted/xml/48-2025.xml,xml,application/xml,24346,4bc0372ff01fbee31fd8ad39bf1cf9ec10125a7616cb2f5a53736fdbb5e5251e,2026-08-19,1,,utf-8,,open_with_attribution
file_ted_0027,src_ted_opendata,51-2025.xml,raw/ted/xml/51-2025.xml,xml,application/xml,26412,00f22fcf8c8d776eb8e12e8034f33d60844107f0904deaf55b5da1c747a61493,2026-08-19,1,,utf-8,,open_with_attribution
file_ted_0028,src_ted_opendata,54-2025.xml,raw/ted/xml/54-2025.xml,xml,application/xml,35338,071257667ef93c3b82d4ec8413cdf42c8f1c6f6f97c0dd6f7788de7214917dfb,2026-08-19,1,,utf-8,,open_with_attribution
file_ted_0029,src_ted_opendata,55-2025.xml,raw/ted/xml/55-2025.xml,xml,application/xml,23782,76589a68afa4a9e8a274eba9057419d0926b46699faf83e50c09509593d88492,2026-08-19,1,,utf-8,,open_with_attribution
file_ted_0030,src_ted_opendata,57-2025.xml,raw/ted/xml/57-2025.xml,xml,application/xml,23299,1e17201a89ba8dab61e0bec9c443ec493a287024d31f86854e7edbd4cab05e36,2026-08-19,1,,utf-8,,open_with_attribution
file_ted_0031,src_ted_opendata,58-2025.xml,raw/ted/xml/58-2025.xml,xml,application/xml,22121,c17429b27365a4532a818034de1d73558759bb89022136ddce7e63efa7b6afa4,2026-08-19,1,,utf-8,,open_with_attribution
file_ted_0032,src_ted_opendata,60-2025.xml,raw/ted/xml/60-2025.xml,xml,application/xml,24357,7bcab15feb7e115bd01feb0479cc5dcdb9f9840d015483355d5d86b1eed2adf0,2026-08-19,1,,utf-8,,open_with_attribution
file_ted_0033,src_ted_opendata,61-2025.xml,raw/ted/xml/61-2025.xml,xml,application/xml,41280,6dec1ee8c27fff4c492d8d8bf491f275bc37644f41184fe4c835aded547f54c9,2026-08-19,1,,utf-8,,open_with_attribution
file_ted_0034,src_ted_opendata,62-2025.xml,raw/ted/xml/62-2025.xml,xml,application/xml,40030,664a9173c88970f33192116d65f04afc89d11e3c1989d485f500d0943906c06b,2026-08-19,1,,utf-8,,open_with_attribution
file_ted_0035,src_ted_opendata,63-2025.xml,raw/ted/xml/63-2025.xml,xml,application/xml,27036,b4da6db928db0fd1a8d952fb5d1369b4e5918b0c07f92ac3a9e54cf919952f48,2026-08-19,1,,utf-8,,open_with_attribution
file_ted_0036,src_ted_opendata,66-2025.xml,raw/ted/xml/66-2025.xml,xml,application/xml,74301,5ee1e24000291c44ea521077510557f613728a6f5d724a1cb259ff4ec9557f8a,2026-08-19,1,,utf-8,,open_with_attribution
file_ted_0037,src_ted_opendata,67-2025.xml,raw/ted/xml/67-2025.xml,xml,application/xml,29813,b6439e41bf3975f8be9aefdefff6358d45d854f8ec256b90bffe40af5a4aca30,2026-08-19,1,,utf-8,,open_with_attribution
file_ted_0038,src_ted_opendata,68-2025.xml,raw/ted/xml/68-2025.xml,xml,application/xml,12378,0babdf4c24e3aa7049c1bfa4c7e3a2c9641a6adc62e4c818e49badb098aa0162,2026-08-19,1,,utf-8,,open_with_attribution
file_ted_0039,src_ted_opendata,69-2025.xml,raw/ted/xml/69-2025.xml,xml,application/xml,31676,f3ffce89042a2ca85d5faee06dc4c2867a8e4e61f45e63a32bbaef44cccbd915,2026-08-19,1,,utf-8,,open_with_attribution
file_ted_0040,src_ted_opendata,71-2025.xml,raw/ted/xml/71-2025.xml,xml,application/xml,68071,848b8f15a35791144791b0a89e8b4ede0b395661097b55b250f3ad6cb2e08eca,2026-08-19,1,,utf-8,,open_with_attribution
file_ted_0041,src_ted_opendata,75-2025.xml,raw/ted/xml/75-2025.xml,xml,application/xml,26549,68ee74347487dd11340c338531d6907fe49f7ceefc6bae5e8643ecb048070359,2026-08-19,1,,utf-8,,open_with_attribution
file_ted_0042,src_ted_opendata,76-2025.xml,raw/ted/xml/76-2025.xml,xml,application/xml,47514,304d48ed058ae5a73c53128e01931114be7473621e0c7ff37c8581de3976218d,2026-08-19,1,,utf-8,,open_with_attribution
file_ted_0043,src_ted_opendata,77-2025.xml,raw/ted/xml/77-2025.xml,xml,application/xml,202253,5f96e3ade980d552c7ede39935d5be7d6b6cf24ae68dc35326cc3e24f6bb7bba,2026-08-19,1,,utf-8,,open_with_attribution
file_ted_0044,src_ted_opendata,78-2025.xml,raw/ted/xml/78-2025.xml,xml,application/xml,21064,ab135e0db7b86705990d53d6c31348840ff61a80b2d6dc76c442eba2f42a0a4c,2026-08-19,1,,utf-8,,open_with_attribution
file_ted_0045,src_ted_opendata,79-2025.xml,raw/ted/xml/79-2025.xml,xml,application/xml,25202,3c2389d93d1a6a1bb6ba9f993b41b42e0e1a713d611e38c562fea94cef1442b0,2026-08-19,1,,utf-8,,open_with_attribution
file_ted_0046,src_ted_opendata,80-2025.xml,raw/ted/xml/80-2025.xml,xml,application/xml,24400,162cea689e1bb7966edfc40702dcae9e24fbaff0bf4fa5935a310bef85b0eea4,2026-08-19,1,,utf-8,,open_with_attribution
file_ted_0047,src_ted_opendata,86-2025.xml,raw/ted/xml/86-2025.xml,xml,application/xml,96435,e24906c2c209da4f2476a37b3940a9b1bc3c1a9e7d15fcdafd0857a588c11e62,2026-08-19,1,,utf-8,,open_with_attribution
file_ted_0048,src_ted_opendata,87-2025.xml,raw/ted/xml/87-2025.xml,xml,application/xml,18128,d371ba00da7268be6f1e9026c3e1b1e3f6a345faa5ac8044ef64cb80eb2fb25c,2026-08-19,1,,utf-8,,open_with_attribution
file_ted_0049,src_ted_opendata,88-2025.xml,raw/ted/xml/88-2025.xml,xml,application/xml,35145,5299c33a1d5a81d4fe10c973e18e47fd3f3b946f7e128266a2614e8d0f369419,2026-08-19,1,,utf-8,,open_with_attribution
file_ted_0050,src_ted_opendata,92-2025.xml,raw/ted/xml/92-2025.xml,xml,application/xml,12378,8316b1026215e3b10bc0949e54ba6696635ca03cc920eb1c2847dbff66185956,2026-08-19,1,,utf-8,,open_with_attribution
file_ted_0051,src_ted_opendata,93-2025.xml,raw/ted/xml/93-2025.xml,xml,application/xml,24230,d509415273f6947e10990be046877618fb92b68c8ba2324308ac1bcefda8dc4f,2026-08-19,1,,utf-8,,open_with_attribution
file_ted_0052,src_ted_opendata,96-2025.xml,raw/ted/xml/96-2025.xml,xml,application/xml,61230,ffbfcca24c57985e7893031072c7e6a960e4a416010f174bbb215e46fc22fcf9,2026-08-19,1,,utf-8,,open_with_attribution
file_ted_0053,src_ted_opendata,97-2025.xml,raw/ted/xml/97-2025.xml,xml,application/xml,13491,3cfe9c985099c4ff11ae33ea515570ff1a812b3f5a9875ac93ea6a397844c37e,2026-08-19,1,,utf-8,,open_with_attribution
file_ted_0054,src_ted_opendata,99-2025.xml,raw/ted/xml/99-2025.xml,xml,application/xml,16927,5328034c7f602a461f9cfbeec6800fe2c3133531565640890ee2f1d56a69b07d,2026-08-19,1,,utf-8,,open_with_attribution
file_ted_0055,src_ted_opendata,101-2025.xml,raw/ted/xml/101-2025.xml,xml,application/xml,52912,a6f4e7e668f76e364e1fcf7cbf56fbacfdfbd2453b6b7bff9e4afdb30bb4f736,2026-08-19,1,,utf-8,,open_with_attribution
file_ted_0056,src_ted_opendata,102-2025.xml,raw/ted/xml/102-2025.xml,xml,application/xml,18696,e1cfb273c5342341b7742fc74477f45acb81ffa361c08aa4c2e41df8cb9f6187,2026-08-19,1,,utf-8,,open_with_attribution
file_ted_0057,src_ted_opendata,103-2025.xml,raw/ted/xml/103-2025.xml,xml,application/xml,35353,cbb29f8e8c5c9fdfd7df536ec865265e7755a6fe4646a4fbc03d5d49f2322498,2026-08-19,1,,utf-8,,open_with_attribution
file_ted_0058,src_ted_opendata,106-2025.xml,raw/ted/xml/106-2025.xml,xml,application/xml,28996,ba64d4fe9ed1302a878f6d4fedfaa2d71c6a01c1f17704b2f96ef0fb1d8504f1,2026-08-19,1,,utf-8,,open_with_attribution
file_ted_0059,src_ted_opendata,107-2025.xml,raw/ted/xml/107-2025.xml,xml,application/xml,19124,657255bac5100af78eb8d80f42bfbd706a14e6d92cd91ddfc82b1a0de21a137d,2026-08-19,1,,utf-8,,open_with_attribution
file_ted_0060,src_ted_opendata,109-2025.xml,raw/ted/xml/109-2025.xml,xml,application/xml,26092,05a083a2d0c6fc02dec164a5e626b21988fa24e8d719d3f8beb2c586a16f6f77,2026-08-19,1,,utf-8,,open_with_attribution
file_ted_0061,src_ted_opendata,113-2025.xml,raw/ted/xml/113-2025.xml,xml,application/xml,27429,443106eacb44289f015ae4238bf882e13f21fafb8a6d6717dbb035a330ad870b,2026-08-19,1,,utf-8,,open_with_attribution
file_ted_0062,src_ted_opendata,117-2025.xml,raw/ted/xml/117-2025.xml,xml,application/xml,38938,5494d7ede128ac081cd73f0dfe2f95cf8741111cbaece46cbaf7bb024392e070,2026-08-19,1,,utf-8,,open_with_attribution
file_ted_0063,src_ted_opendata,118-2025.xml,raw/ted/xml/118-2025.xml,xml,application/xml,12380,e189ed809adb4d93aaa853d481640ecc3674b6c6dd7dea94acc2aa336e4d8b86,2026-08-19,1,,utf-8,,open_with_attribution
file_ted_0064,src_ted_opendata,119-2025.xml,raw/ted/xml/119-2025.xml,xml,application/xml,17826,3d692011312e3db356e74c849f32a7d5135d133754172a56c1a6225f60145fc2,2026-08-19,1,,utf-8,,open_with_attribution
file_ted_0065,src_ted_opendata,120-2025.xml,raw/ted/xml/120-2025.xml,xml,application/xml,18664,29fb0af14da9b85755c6fc9a834843365acb39dbffca7dccadfd41a472a1c519,2026-08-19,1,,utf-8,,open_with_attribution
file_ted_0066,src_ted_opendata,123-2025.xml,raw/ted/xml/123-2025.xml,xml,application/xml,22357,fa213c92f072f0ff074786940f32806e62637476fdad51bfa0408a94fb8056a9,2026-08-19,1,,utf-8,,open_with_attribution
file_ted_0067,src_ted_opendata,125-2025.xml,raw/ted/xml/125-2025.xml,xml,application/xml,22402,07eb389aa1d6ad6a1e34de4aab38e2ee117563e906539773a947a57e14591ebd,2026-08-19,1,,utf-8,,open_with_attribution
file_ted_0068,src_ted_opendata,127-2025.xml,raw/ted/xml/127-2025.xml,xml,application/xml,24766,49dac1a767c03aaa1dda4c3392e1bf2abeef4a58abe3d8b6299ad49ec855fff2,2026-08-19,1,,utf-8,,open_with_attribution
file_ted_0069,src_ted_opendata,130-2025.xml,raw/ted/xml/130-2025.xml,xml,application/xml,18891,7228653d7e20a862ccae59b2ad055304045211868daabaf0d8206dbb3119783c,2026-08-19,1,,utf-8,,open_with_attribution
file_ted_0070,src_ted_opendata,134-2025.xml,raw/ted/xml/134-2025.xml,xml,application/xml,27951,5e55ceb31ef54d9c6674cfa9c0a399b213f4ddde47043d8f222b5a95c2f53b9f,2026-08-19,1,,utf-8,,open_with_attribution
file_ted_0071,src_ted_opendata,135-2025.xml,raw/ted/xml/135-2025.xml,xml,application/xml,14239,fb47ec4f736b4a4f448f067b5d1127b3fbcdd78bb3764e292a616eed28453984,2026-08-19,1,,utf-8,,open_with_attribution
file_ted_0072,src_ted_opendata,136-2025.xml,raw/ted/xml/136-2025.xml,xml,application/xml,65180,1f119cc00527639f2b42836aab6878a1460a3984e501093cd95384c6328d8753,2026-08-19,1,,utf-8,,open_with_attribution
file_ted_0073,src_ted_opendata,137-2025.xml,raw/ted/xml/137-2025.xml,xml,application/xml,24410,fff3690476303f93794c5a9373b40564eb9d9f497954ef778cfa8f53f0c44d09,2026-08-19,1,,utf-8,,open_with_attribution
file_ted_0074,src_ted_opendata,144-2025.xml,raw/ted/xml/144-2025.xml,xml,application/xml,146137,abab44859f80a7a8fff45c1b2aeeaec699243627e63cc699d4bc4657318344bb,2026-08-19,1,,utf-8,,open_with_attribution
file_ted_0075,src_ted_opendata,146-2025.xml,raw/ted/xml/146-2025.xml,xml,application/xml,29343,130d06a342514d40378ff80a7a7122a0d56f14498735244ecac8b5d5b5dda54f,2026-08-19,1,,utf-8,,open_with_attribution
file_ted_0076,src_ted_opendata,148-2025.xml,raw/ted/xml/148-2025.xml,xml,application/xml,24138,8cf45b432a3629f02bf2e5b28647c6d472a293db3ce4d389a5a3d12a1b4d7e04,2026-08-19,1,,utf-8,,open_with_attribution
file_ted_0077,src_ted_opendata,149-2025.xml,raw/ted/xml/149-2025.xml,xml,application/xml,235376,6486aa209b2f33b46cde5f62558488c026f2a34256be690ff4cdbfbee19abb0d,2026-08-19,1,,utf-8,,open_with_attribution
file_ted_0078,src_ted_opendata,150-2025.xml,raw/ted/xml/150-2025.xml,xml,application/xml,29920,f58a10ae2a5816468679ab5b3d90c5bc7d42cacf69ceb45228abee968d7d3a09,2026-08-19,1,,utf-8,,open_with_attribution
file_ted_0079,src_ted_opendata,152-2025.xml,raw/ted/xml/152-2025.xml,xml,application/xml,22107,1ff23dc85b6cc509a67262f73fb6db618c7ca42d9432b356267b83dcb0b40d86,2026-08-19,1,,utf-8,,open_with_attribution
file_ted_0080,src_ted_opendata,153-2025.xml,raw/ted/xml/153-2025.xml,xml,application/xml,29496,3f526fb3c0d2bbcee4f5cc74f152aceda4fe569742720381f30ffa71b4ab0782,2026-08-19,1,,utf-8,,open_with_attribution
file_ted_0081,src_ted_opendata,155-2025.xml,raw/ted/xml/155-2025.xml,xml,application/xml,19619,2bf6c05b633245089419cfb7b2da8e23c2eebed7d3b9520ea1ac40b653b2cf9f,2026-08-19,1,,utf-8,,open_with_attribution
file_ted_0082,src_ted_opendata,156-2025.xml,raw/ted/xml/156-2025.xml,xml,application/xml,36006,77cfe0b3d37b51d5448d7ba434fa129f70a639df0d6679c14764853983b22a31,2026-08-19,1,,utf-8,,open_with_attribution
file_ted_0083,src_ted_opendata,157-2025.xml,raw/ted/xml/157-2025.xml,xml,application/xml,20647,c8cc9c7c70d7d48f1e365f71f5a5a0f691e83261939f7e9d163d858a8c19f9fe,2026-08-19,1,,utf-8,,open_with_attribution
file_ted_0084,src_ted_opendata,159-2025.xml,raw/ted/xml/159-2025.xml,xml,application/xml,21917,91d9c46d5750006cc62f01e65ba9db96fc963cb6b127156c7681bd63b84aedc1,2026-08-19,1,,utf-8,,open_with_attribution
file_ted_0085,src_ted_opendata,160-2025.xml,raw/ted/xml/160-2025.xml,xml,application/xml,21326,f0c24590e76119b5e98cf66ddad316e0078e94623ed93ea4b6ea387a4ad8f404,2026-08-19,1,,utf-8,,open_with_attribution
file_ted_0086,src_ted_opendata,163-2025.xml,raw/ted/xml/163-2025.xml,xml,application/xml,19448,17ef5176837cc13be57089dbc90c633e69d0b1dfce7f61feac1688eb63453b62,2026-08-19,1,,utf-8,,open_with_attribution
file_ted_0087,src_ted_opendata,164-2025.xml,raw/ted/xml/164-2025.xml,xml,application/xml,13532,3f56d65c6019655470b20a1cc21e91e8e329384c981819dc25524863fbdf067f,2026-08-19,1,,utf-8,,open_with_attribution
file_ted_0088,src_ted_opendata,167-2025.xml,raw/ted/xml/167-2025.xml,xml,application/xml,12482,fd81cc34b76653c3fc7e25a95dab7404b59a66e440c71f2d860ae636c8e6c9e3,2026-08-19,1,,utf-8,,open_with_attribution
file_ted_0089,src_ted_opendata,168-2025.xml,raw/ted/xml/168-2025.xml,xml,application/xml,16746,6411613c6143bb777f701e3cb3252527d8e2ef14c21e1fce37ae9856524526f3,2026-08-19,1,,utf-8,,open_with_attribution
file_ted_0090,src_ted_opendata,170-2025.xml,raw/ted/xml/170-2025.xml,xml,application/xml,35168,9c4efef8c7e020a77c0b81effc703e20c5a64aa5071cf88d07eb5d42076fda31,2026-08-19,1,,utf-8,,open_with_attribution
file_ted_0091,src_ted_opendata,172-2025.xml,raw/ted/xml/172-2025.xml,xml,application/xml,20493,6e74fd4f426a50e6d6c6b4c539befed17134cdd904990f063faca56985c4db98,2026-08-19,1,,utf-8,,open_with_attribution
file_ted_0092,src_ted_opendata,175-2025.xml,raw/ted/xml/175-2025.xml,xml,application/xml,18971,44c491fc2e9cb9aa30c23f6790e0cdb72ca173ef402f44c385107ee047267a87,2026-08-19,1,,utf-8,,open_with_attribution
file_ted_0093,src_ted_opendata,176-2025.xml,raw/ted/xml/176-2025.xml,xml,application/xml,23503,3f7f93d1f1cac0dc5f2a1ed716d1afd45bb8aa3d07d28a311e51be21c255ec79,2026-08-19,1,,utf-8,,open_with_attribution
file_ted_0094,src_ted_opendata,177-2025.xml,raw/ted/xml/177-2025.xml,xml,application/xml,20338,506c83f3f693d596614b2db851132c1235e1b4c40c367bf63fd3b17f0a65f266,2026-08-19,1,,utf-8,,open_with_attribution
file_ted_0095,src_ted_opendata,178-2025.xml,raw/ted/xml/178-2025.xml,xml,application/xml,17545,8cbfc34ef9765faa50654a641ac278f2b5fcc798f9141583380e57548b311d93,2026-08-19,1,,utf-8,,open_with_attribution
file_ted_0096,src_ted_opendata,179-2025.xml,raw/ted/xml/179-2025.xml,xml,application/xml,36527,6ce20e1689554181c62065ccdf0ad643091dcb044f626c1b0d58fe3cded0518c,2026-08-19,1,,utf-8,,open_with_attribution
file_ted_0097,src_ted_opendata,181-2025.xml,raw/ted/xml/181-2025.xml,xml,application/xml,12380,568d8a92375c1f1c2fa9c5feabd7d45f2053aea80add8c9f4ac1f36eaede474c,2026-08-19,1,,utf-8,,open_with_attribution
file_ted_0098,src_ted_opendata,182-2025.xml,raw/ted/xml/182-2025.xml,xml,application/xml,12380,aad1b2da1b289d363198030112b4c74aa0ee332384452b88293b05742b1694ba,2026-08-19,1,,utf-8,,open_with_attribution
file_ted_0099,src_ted_opendata,183-2025.xml,raw/ted/xml/183-2025.xml,xml,application/xml,20287,cf8692b8be267fa7649e374ed9e49be38856a5dfbd2c91b9734626f35e95c3e1,2026-08-19,1,,utf-8,,open_with_attribution
file_ted_0100,src_ted_opendata,185-2025.xml,raw/ted/xml/185-2025.xml,xml,application/xml,7195,96993de15930ea4773c2f84232c585aab953886597b8d9436820b386dfeeb10e,2026-08-19,1,,utf-8,,open_with_attribution
file_ted_0101,src_ted_opendata,186-2025.xml,raw/ted/xml/186-2025.xml,xml,application/xml,17107,097972a31289505e121cdcb3fcb2a60452852cbf6839941eac3aef455e87f36d,2026-08-19,1,,utf-8,,open_with_attribution
file_ted_0102,src_ted_opendata,187-2025.xml,raw/ted/xml/187-2025.xml,xml,application/xml,62943,96b92160ee61926988c22e46982f6de2f80d9c6152088fe61657485e759da910,2026-08-19,1,,utf-8,,open_with_attribution
file_ted_0103,src_ted_opendata,190-2025.xml,raw/ted/xml/190-2025.xml,xml,application/xml,12378,4e1756ef5d40671acc5ad936f8db0534cd8ae7be8620883c9224427a0f711e5b,2026-08-19,1,,utf-8,,open_with_attribution
file_ted_0104,src_ted_opendata,194-2025.xml,raw/ted/xml/194-2025.xml,xml,application/xml,24210,ad6ac5e2f0f2c8c212fe4a8d790c1cfd38d8a998e87e5d1fcba463326fe67cd8,2026-08-19,1,,utf-8,,open_with_attribution
file_ted_0105,src_ted_opendata,196-2025.xml,raw/ted/xml/196-2025.xml,xml,application/xml,14472,d93d5b8e7b1f5f4ab69d13d97bda8ebb4a409e9b1ac9c075a2eed3c316a9d0ba,2026-08-19,1,,utf-8,,open_with_attribution
file_ted_0106,src_ted_opendata,197-2025.xml,raw/ted/xml/197-2025.xml,xml,application/xml,21589,cd8aab279d8e5418a478afd826bfc197997c73c520a4773b3c47f0a8bc313f25,2026-08-19,1,,utf-8,,open_with_attribution
file_ted_0107,src_ted_opendata,198-2025.xml,raw/ted/xml/198-2025.xml,xml,application/xml,21397,789f468eef28a5d9fd0fcb02dc8e3bab3ae80c1f9cf9ad27a7dd64e9177f7b55,2026-08-19,1,,utf-8,,open_with_attribution
file_ted_0108,src_ted_opendata,199-2025.xml,raw/ted/xml/199-2025.xml,xml,application/xml,21891,1ebaba1023994e9fa42d9ae766bb64c0002f82095e04cc1a0ce3d6726b6c161a,2026-08-19,1,,utf-8,,open_with_attribution
file_ted_0109,src_ted_opendata,200-2025.xml,raw/ted/xml/200-2025.xml,xml,application/xml,36969,f4ba1bb3bab00661b032a092558b65539ffd6e76b6641b0a055c0f8aa72a85ce,2026-08-19,1,,utf-8,,open_with_attribution
file_ted_0110,src_ted_opendata,202-2025.xml,raw/ted/xml/202-2025.xml,xml,application/xml,12380,04f4b1f39919faa981f7d1f68e13e72e557ca3e5ce553ef0164325c9e4708055,2026-08-19,1,,utf-8,,open_with_attribution
file_ted_0111,src_ted_opendata,203-2025.xml,raw/ted/xml/203-2025.xml,xml,application/xml,23822,9e0ea0d99b74d8bd911f8abef5b07ef766be41fc56c92110d7e85761baa2d21c,2026-08-19,1,,utf-8,,open_with_attribution
file_ted_0112,src_ted_opendata,205-2025.xml,raw/ted/xml/205-2025.xml,xml,application/xml,19215,c0e0d18d0a9609770f07b4d5928d617980743ac098303d1b087d1d8a1aa14cec,2026-08-19,1,,utf-8,,open_with_attribution
file_ted_0113,src_ted_opendata,210-2025.xml,raw/ted/xml/210-2025.xml,xml,application/xml,12380,1303168ebac3cf71c93727e25ef92b496593fc620441773a5900907f3cb1e7c7,2026-08-19,1,,utf-8,,open_with_attribution
file_ted_0114,src_ted_opendata,211-2025.xml,raw/ted/xml/211-2025.xml,xml,application/xml,80091,1359e521d8c2e105d778cdf2132d135a451095095b85ce89d9f2ddddb74d0340,2026-08-19,1,,utf-8,,open_with_attribution
file_ted_0115,src_ted_opendata,212-2025.xml,raw/ted/xml/212-2025.xml,xml,application/xml,141335,9ad43b811a9b6c441bf16215e0d1aea1863b56cbd319431f2c1e54752e7ee091,2026-08-19,1,,utf-8,,open_with_attribution
file_ted_0116,src_ted_opendata,215-2025.xml,raw/ted/xml/215-2025.xml,xml,application/xml,12243,6f9b79f2a9854494b6b55d3a68d0cc1ea18503767599cde63e967096e430c19d,2026-08-19,1,,utf-8,,open_with_attribution
file_ted_0117,src_ted_opendata,216-2025.xml,raw/ted/xml/216-2025.xml,xml,application/xml,104544,a7bf17bec775406d20e836da240d6348fd3265f7ebacc2fbf538d9be08182159,2026-08-19,1,,utf-8,,open_with_attribution
file_ted_0118,src_ted_opendata,217-2025.xml,raw/ted/xml/217-2025.xml,xml,application/xml,12380,d58fd97b6b613685b196ce9a6dccea5f9b8b7e1f756ee2d5ce538cbfcf1c1f5f,2026-08-19,1,,utf-8,,open_with_attribution
file_ted_0119,src_ted_opendata,218-2025.xml,raw/ted/xml/218-2025.xml,xml,application/xml,23961,0324783dcac5b978aa223f7b01012f45603a2a52ef7ae84671e67c13d51260d5,2026-08-19,1,,utf-8,,open_with_attribution
file_ted_0120,src_ted_opendata,219-2025.xml,raw/ted/xml/219-2025.xml,xml,application/xml,51006,807d426fe284415616dc93edbcdbbb05b083ceb2b8a1e3e2ec4a331c06399319,2026-08-19,1,,utf-8,,open_with_attribution
file_ted_0121,src_ted_opendata,224-2025.xml,raw/ted/xml/224-2025.xml,xml,application/xml,126134,485dea7289250f8eaede76f508eaf4c569f402b35bdf2c17d407e92ba4793469,2026-08-19,1,,utf-8,,open_with_attribution
file_ted_0122,src_ted_opendata,225-2025.xml,raw/ted/xml/225-2025.xml,xml,application/xml,19447,45d5302e22c409da1f416b2bd632eaf3f7f35c35db9790abe3e5dbcf29a2198a,2026-08-19,1,,utf-8,,open_with_attribution
file_ted_0123,src_ted_opendata,230-2025.xml,raw/ted/xml/230-2025.xml,xml,application/xml,24432,a588580327049d1c2a585b4bcf9d5835cf73286c0d82ee4e81c5a202b4116083,2026-08-19,1,,utf-8,,open_with_attribution
file_ted_0124,src_ted_opendata,231-2025.xml,raw/ted/xml/231-2025.xml,xml,application/xml,390289,01bbcae28a98173db657c6c1c331b3069729b9845a8766d1fbc82ae733f9c477,2026-08-19,1,,utf-8,,open_with_attribution
file_ted_0125,src_ted_opendata,234-2025.xml,raw/ted/xml/234-2025.xml,xml,application/xml,111864,b03a34514bcfe10fd6b4a38e710587fda6e9151d3cfc183180dce65dd86a9f72,2026-08-19,1,,utf-8,,open_with_attribution
file_ted_0126,src_ted_opendata,235-2025.xml,raw/ted/xml/235-2025.xml,xml,application/xml,17465,8030da88ec8e5d8d11f5a01f2d7b142f460f3bbc9a8463ce4a974463ab5e4953,2026-08-19,1,,utf-8,,open_with_attribution
file_ted_0127,src_ted_opendata,239-2025.xml,raw/ted/xml/239-2025.xml,xml,application/xml,67088,7ad9147506b533a94bb3f11aaca76c91cd89b698a805b4659be15e37769aec56,2026-08-19,1,,utf-8,,open_with_attribution
file_ted_0128,src_ted_opendata,240-2025.xml,raw/ted/xml/240-2025.xml,xml,application/xml,92287,146b30a20f36294d954d626352e5b81cae1300a412d69efd9959f896bf15ae80,2026-08-19,1,,utf-8,,open_with_attribution
file_ted_0129,src_ted_opendata,242-2025.xml,raw/ted/xml/242-2025.xml,xml,application/xml,25885,ac0a61ec419ac97500db0454b934851076d34706d7e9bd5db02b8820c32682d1,2026-08-19,1,,utf-8,,open_with_attribution
file_ted_0130,src_ted_opendata,243-2025.xml,raw/ted/xml/243-2025.xml,xml,application/xml,44419,841b5acc0e8d3a465ffc073173fbe9126fe56f7e56ddd66f27d61927abbbdfb3,2026-08-19,1,,utf-8,,open_with_attribution
file_ted_0131,src_ted_opendata,245-2025.xml,raw/ted/xml/245-2025.xml,xml,application/xml,51438,f93c0ef087641944166dccdcfbd9c081b5cf812ab9fd8a13970f58303f8605f2,2026-08-19,1,,utf-8,,open_with_attribution
file_ted_0132,src_ted_opendata,250-2025.xml,raw/ted/xml/250-2025.xml,xml,application/xml,14132,faee0612e8cdf01197e9956c4513fc3ac9ae34b33b6f3914296f5e4687e2ffbf,2026-08-19,1,,utf-8,,open_with_attribution
file_ted_0133,src_ted_opendata,252-2025.xml,raw/ted/xml/252-2025.xml,xml,application/xml,14545,19ece55fb60107b20c56af830089ed072621bc9791c4819bba9633ded4944cd1,2026-08-19,1,,utf-8,,open_with_attribution
file_ted_0134,src_ted_opendata,254-2025.xml,raw/ted/xml/254-2025.xml,xml,application/xml,25140,40e2fd68a66f96aafe91789ce3736c2ad403c226fd6161e72ac86581cde3a76f,2026-08-19,1,,utf-8,,open_with_attribution
file_ted_0135,src_ted_opendata,259-2025.xml,raw/ted/xml/259-2025.xml,xml,application/xml,77720,3cbf7e2527c391c2407bf5474ca700a5f04901c170925e743bbad9b7d123e5e6,2026-08-19,1,,utf-8,,open_with_attribution
file_ted_0136,src_ted_opendata,260-2025.xml,raw/ted/xml/260-2025.xml,xml,application/xml,57158,885bbb306e1a91d0cf6fda17e9a52ce8b641b0c919f9a5d8684032847fb882e2,2026-08-19,1,,utf-8,,open_with_attribution
file_ted_0137,src_ted_opendata,264-2025.xml,raw/ted/xml/264-2025.xml,xml,application/xml,25524,822e64fa4196f4aca4b480654e9312b61a6b8fd04af0fc645551cb9dcf161c35,2026-08-19,1,,utf-8,,open_with_attribution
file_ted_0138,src_ted_opendata,265-2025.xml,raw/ted/xml/265-2025.xml,xml,application/xml,40440,4029131e5d877d84022866d768603d73e362a165a8e6d2c6baaa3afd59d230be,2026-08-19,1,,utf-8,,open_with_attribution
file_ted_0139,src_ted_opendata,267-2025.xml,raw/ted/xml/267-2025.xml,xml,application/xml,92084,6242778a46b0715b2f523d8c86d241d5c41232e79055ee71ddde14b428ab1308,2026-08-19,1,,utf-8,,open_with_attribution
file_ted_0140,src_ted_opendata,268-2025.xml,raw/ted/xml/268-2025.xml,xml,application/xml,25255,a61dadecacf9ac54fd1ea1b3fbe6b71bcd935754f5f8b3cacb65647a78e9b6f2,2026-08-19,1,,utf-8,,open_with_attribution
file_ted_0141,src_ted_opendata,269-2025.xml,raw/ted/xml/269-2025.xml,xml,application/xml,17155,b718ecb9c633afae4bae3604cb229cc74a4c0d83db98c3240e5c769bfec3e86f,2026-08-19,1,,utf-8,,open_with_attribution
file_ted_0142,src_ted_opendata,270-2025.xml,raw/ted/xml/270-2025.xml,xml,application/xml,24417,2fa1ce6ecda54940df86350437ba4e3157ac48b48e6d37138e96370f92c1d0da,2026-08-19,1,,utf-8,,open_with_attribution
file_ted_0143,src_ted_opendata,271-2025.xml,raw/ted/xml/271-2025.xml,xml,application/xml,12378,6910fb361d466df520909b965cd6a1ddd416175a1f092a5f9bf491ad932bb784,2026-08-19,1,,utf-8,,open_with_attribution
file_ted_0144,src_ted_opendata,272-2025.xml,raw/ted/xml/272-2025.xml,xml,application/xml,22378,d923d01d0e1656869ae3e9c4248ed935eaa4a04f9fc41001a36c1255cf54b4f7,2026-08-19,1,,utf-8,,open_with_attribution
file_ted_0145,src_ted_opendata,273-2025.xml,raw/ted/xml/273-2025.xml,xml,application/xml,198472,a8cf2e7874c8f63e271cae493d48417fc37679f20cce78524ef29d50359f47c0,2026-08-19,1,,utf-8,,open_with_attribution
file_ted_0146,src_ted_opendata,278-2025.xml,raw/ted/xml/278-2025.xml,xml,application/xml,24428,4e388b9d737a82933fcdbbf98a224e2f6bd3e4172afac82905f9464d67aa7460,2026-08-19,1,,utf-8,,open_with_attribution
file_ted_0147,src_ted_opendata,279-2025.xml,raw/ted/xml/279-2025.xml,xml,application/xml,21010,3a7b24f3c9d1cb3c141b71a6fab0f69de471ef9fbd59ec56b9ac5a9592c7eb5b,2026-08-19,1,,utf-8,,open_with_attribution
file_ted_0148,src_ted_opendata,281-2025.xml,raw/ted/xml/281-2025.xml,xml,application/xml,40577,a9474bdac487202b7f829d93477578d39660659b8b2581d88cb956b2afe100ac,2026-08-19,1,,utf-8,,open_with_attribution
file_ted_0149,src_ted_opendata,282-2025.xml,raw/ted/xml/282-2025.xml,xml,application/xml,29048,9eb8206285c544475b5676d2037a977418426c7822c7f953dcda83cc4c4854d9,2026-08-19,1,,utf-8,,open_with_attribution
file_ted_0150,src_ted_opendata,284-2025.xml,raw/ted/xml/284-2025.xml,xml,application/xml,63786,95e60bffecab8dd413c5feee5fc4470b6eb20b9716dd36fb45143b7d6b0054fe,2026-08-19,1,,utf-8,,open_with_attribution
file_ted_0151,src_ted_opendata,285-2025.xml,raw/ted/xml/285-2025.xml,xml,application/xml,36363,dffd247bdd412555a60d356934a97e819d8c399b38b9aea9a005dbc455df4631,2026-08-19,1,,utf-8,,open_with_attribution
file_ted_0152,src_ted_opendata,286-2025.xml,raw/ted/xml/286-2025.xml,xml,application/xml,45168,fa31d216bf6b6c72beeba36cdee1cb21f16b501274daa848383020e89063674a,2026-08-19,1,,utf-8,,open_with_attribution
file_ted_0153,src_ted_opendata,287-2025.xml,raw/ted/xml/287-2025.xml,xml,application/xml,26793,f37e7e2c2169136f6e483baeedf56b3c4bd79251d21707f044dd98f9f78bb6bf,2026-08-19,1,,utf-8,,open_with_attribution
file_ted_0154,src_ted_opendata,290-2025.xml,raw/ted/xml/290-2025.xml,xml,application/xml,34151,dac898972d81c6cb7e5c4b1c0c9a2c4c40fabcb0e6a646c3f6636810aceef3d5,2026-08-19,1,,utf-8,,open_with_attribution
file_ted_0155,src_ted_opendata,291-2025.xml,raw/ted/xml/291-2025.xml,xml,application/xml,20678,a854931c78944666abe8e5f190c20546eea26c4a31df7b571a8a222ee2d84f3a,2026-08-19,1,,utf-8,,open_with_attribution
file_ted_0156,src_ted_opendata,292-2025.xml,raw/ted/xml/292-2025.xml,xml,application/xml,8931,57c858ec26eff7ea5592d7e62254b3a38c044aa46b89943eca5a1a9b9e910936,2026-08-19,1,,utf-8,,open_with_attribution
file_ted_0157,src_ted_opendata,294-2025.xml,raw/ted/xml/294-2025.xml,xml,application/xml,21520,5dca0b72e107a912247dc27a709e873205a08001d74c6a0afa519c6bc2b4fe36,2026-08-19,1,,utf-8,,open_with_attribution
file_ted_0158,src_ted_opendata,297-2025.xml,raw/ted/xml/297-2025.xml,xml,application/xml,24512,02adfb5bcb34b1b3a8d77f67476d7da7b69ea03e92659228420e4f07d35826e7,2026-08-19,1,,utf-8,,open_with_attribution
file_ted_0159,src_ted_opendata,301-2025.xml,raw/ted/xml/301-2025.xml,xml,application/xml,16229,714c6b2e3589deec8f73dfd5141b86272d7ca98d107d1d08672adb07794fcae2,2026-08-19,1,,utf-8,,open_with_attribution
file_ted_0160,src_ted_opendata,302-2025.xml,raw/ted/xml/302-2025.xml,xml,application/xml,19715,5b933191964869adb9915fed5326f5987c8d46a9f108734f13ca28026219e789,2026-08-19,1,,utf-8,,open_with_attribution
file_ted_0161,src_ted_opendata,303-2025.xml,raw/ted/xml/303-2025.xml,xml,application/xml,21214,d6095e5c3068f521e4a49d21c0b25ac2167f25aca2a104356e0e1d20ce6aed86,2026-08-19,1,,utf-8,,open_with_attribution
file_ted_0162,src_ted_opendata,304-2025.xml,raw/ted/xml/304-2025.xml,xml,application/xml,17865,7ceece1aca93e1805133b25dd68f17230e875aa8c9750ec5c9576c5b505354bd,2026-08-19,1,,utf-8,,open_with_attribution
file_ted_0163,src_ted_opendata,305-2025.xml,raw/ted/xml/305-2025.xml,xml,application/xml,43059,dc4e4da9d0cea609850d2fd5d0de2225ca79d54ee8f01663356dfb4c38bcf6bd,2026-08-19,1,,utf-8,,open_with_attribution
file_ted_0164,src_ted_opendata,306-2025.xml,raw/ted/xml/306-2025.xml,xml,application/xml,206446,6d800811fed68847f839bdb53d11c716fb5f2e041cef97c4d261cdec8611d787,2026-08-19,1,,utf-8,,open_with_attribution
file_ted_0165,src_ted_opendata,307-2025.xml,raw/ted/xml/307-2025.xml,xml,application/xml,12380,1dbd94b16cd19dc10a51fe199b271315b551d33f67f18165f490c736dac843f5,2026-08-19,1,,utf-8,,open_with_attribution
file_ted_0166,src_ted_opendata,309-2025.xml,raw/ted/xml/309-2025.xml,xml,application/xml,24563,35cd4184d5e07adcb10467b4d1fc65a4ea8e2191607035d60ce362c4082d2e9c,2026-08-19,1,,utf-8,,open_with_attribution
file_ted_0167,src_ted_opendata,313-2025.xml,raw/ted/xml/313-2025.xml,xml,application/xml,17068,c2e4f2cc0c88a52810842b63c9c3ba9077ca7bce52faeb92e67031d6c1c09c93,2026-08-19,1,,utf-8,,open_with_attribution
file_ted_0168,src_ted_opendata,317-2025.xml,raw/ted/xml/317-2025.xml,xml,application/xml,287988,5d4bec71293c71504c2baf49214f9ffd629c9cbaa4e087046bb60b195707e7b2,2026-08-19,1,,utf-8,,open_with_attribution
file_ted_0169,src_ted_opendata,318-2025.xml,raw/ted/xml/318-2025.xml,xml,application/xml,44224,32b11d69c81afcb2261f13ee5cf0dada62af099c50a471b708d281d308dc6c3a,2026-08-19,1,,utf-8,,open_with_attribution
file_ted_0170,src_ted_opendata,321-2025.xml,raw/ted/xml/321-2025.xml,xml,application/xml,134192,62b1e837b90460dd7b77bb44e5b12c7257a54e3ab5933d7bf1c54554b8a287ff,2026-08-19,1,,utf-8,,open_with_attribution
file_ted_0171,src_ted_opendata,324-2025.xml,raw/ted/xml/324-2025.xml,xml,application/xml,24208,497fe7e0074f58b5da463d9ecb8f4b62ac3f77c5a49e9f49cd6c3d4f943da54b,2026-08-19,1,,utf-8,,open_with_attribution
file_ted_0172,src_ted_opendata,325-2025.xml,raw/ted/xml/325-2025.xml,xml,application/xml,16776,e535abcdbec2bdc222aa3ef0870bf027c08658fba7fd11db8baaba4182c3590a,2026-08-19,1,,utf-8,,open_with_attribution
file_ted_0173,src_ted_opendata,327-2025.xml,raw/ted/xml/327-2025.xml,xml,application/xml,22883,db9316c0b644ab0a1895fd85acd3af53aa0e884717e273f4e97ef47ca1f8590f,2026-08-19,1,,utf-8,,open_with_attribution
file_ted_0174,src_ted_opendata,328-2025.xml,raw/ted/xml/328-2025.xml,xml,application/xml,32311,b681b8c98e8f06da38482cc3ec7c0cb16950c6ea8f0769ea81a1023921e94b61,2026-08-19,1,,utf-8,,open_with_attribution
file_ted_0175,src_ted_opendata,330-2025.xml,raw/ted/xml/330-2025.xml,xml,application/xml,12380,c3ef2d4dc4cb9280aa8c38514d1f55943be4806c9fd3e5196e24658bfbca68a6,2026-08-19,1,,utf-8,,open_with_attribution
file_ted_0176,src_ted_opendata,332-2025.xml,raw/ted/xml/332-2025.xml,xml,application/xml,22712,37e09a27331a5fb2a6c18a1b69e8da816bb8f3c59c8f5a5d323f47bd6ca85fe8,2026-08-19,1,,utf-8,,open_with_attribution
file_ted_0177,src_ted_opendata,335-2025.xml,raw/ted/xml/335-2025.xml,xml,application/xml,12178,dc3badc6909a76286153a13851e296b88a7bab5a162008dc36f2f553aebafbd1,2026-08-19,1,,utf-8,,open_with_attribution
file_ted_0178,src_ted_opendata,336-2025.xml,raw/ted/xml/336-2025.xml,xml,application/xml,17881,37e4f63fd0177b95e8c4670d068581959b1d4d8d1a82f81f61bc539d7cade62b,2026-08-19,1,,utf-8,,open_with_attribution
file_ted_0179,src_ted_opendata,339-2025.xml,raw/ted/xml/339-2025.xml,xml,application/xml,19088,39ddd42bbaa3fc47ac7982f5b0986755591aeba1073ffa9aa8dc36a34cc965bf,2026-08-19,1,,utf-8,,open_with_attribution
file_ted_0180,src_ted_opendata,340-2025.xml,raw/ted/xml/340-2025.xml,xml,application/xml,22627,18a49d58cc1b2fce9b55eb80deb7a9fe34e2104647b260ac627dc1bf07fc6981,2026-08-19,1,,utf-8,,open_with_attribution
file_ted_0181,src_ted_opendata,347-2025.xml,raw/ted/xml/347-2025.xml,xml,application/xml,17201,657044ad36d27e13001f9abf942084c358da3c7fde03f9454283625c14e14c39,2026-08-19,1,,utf-8,,open_with_attribution
file_ted_0182,src_ted_opendata,355-2025.xml,raw/ted/xml/355-2025.xml,xml,application/xml,23348,08cbed18d0cb8f3fc76b7080be638a39a521ba687fdb3a9fc4d21b46b17edcfc,2026-08-19,1,,utf-8,,open_with_attribution
file_ted_0183,src_ted_opendata,357-2025.xml,raw/ted/xml/357-2025.xml,xml,application/xml,49127,ed533de7e7d2acb37528a029754dbc47e683a9aa2a7ca1a4c0c7644f676e27ee,2026-08-19,1,,utf-8,,open_with_attribution
file_ted_0184,src_ted_opendata,359-2025.xml,raw/ted/xml/359-2025.xml,xml,application/xml,202729,12867509a8f5e477eec35646c8b76c49d73dbb19f7b5ec4dd26ffead20269aa1,2026-08-19,1,,utf-8,,open_with_attribution
file_ted_0185,src_ted_opendata,361-2025.xml,raw/ted/xml/361-2025.xml,xml,application/xml,21650,15fd0597038a1d1ed5ef79506d2e2095f92792d59fa7f3fefdc204586f207f9f,2026-08-19,1,,utf-8,,open_with_attribution
file_ted_0186,src_ted_opendata,366-2025.xml,raw/ted/xml/366-2025.xml,xml,application/xml,18756,d50d91d779e5a0c45fe0dbefeb1e0de573934b3ccd64444c676257be150c0078,2026-08-19,1,,utf-8,,open_with_attribution
file_ted_0187,src_ted_opendata,367-2025.xml,raw/ted/xml/367-2025.xml,xml,application/xml,24391,93b3d591afa34df15c366f33f3c705a9a0202196682b18c1513fbdc9777759ab,2026-08-19,1,,utf-8,,open_with_attribution
file_ted_0188,src_ted_opendata,368-2025.xml,raw/ted/xml/368-2025.xml,xml,application/xml,10611,3b97f5e9d95536b3da1fa66d8eb5d84ba37b9a69525374830e65e64ecb8096dc,2026-08-19,1,,utf-8,,open_with_attribution
file_ted_0189,src_ted_opendata,369-2025.xml,raw/ted/xml/369-2025.xml,xml,application/xml,24984,51a0912b70622f0784380ab8c60fb079d173d1aae746d0c6d62386f66d8cb431,2026-08-19,1,,utf-8,,open_with_attribution
file_ted_0190,src_ted_opendata,371-2025.xml,raw/ted/xml/371-2025.xml,xml,application/xml,22376,a26bcb7daf40adad7436271a81594c342cc495e9460dac5d085168b3f3c8dbac,2026-08-19,1,,utf-8,,open_with_attribution
file_ted_0191,src_ted_opendata,372-2025.xml,raw/ted/xml/372-2025.xml,xml,application/xml,19570,f148dbdc583c361db4e20a6d01ce5251274e4b3b2752fc8a0c7148498692ddeb,2026-08-19,1,,utf-8,,open_with_attribution
file_ted_0192,src_ted_opendata,373-2025.xml,raw/ted/xml/373-2025.xml,xml,application/xml,12838,683fc127b94c998c06cff2a72d88db895ea307a1c64c00216de6f56db329c477,2026-08-19,1,,utf-8,,open_with_attribution
file_ted_0193,src_ted_opendata,377-2025.xml,raw/ted/xml/377-2025.xml,xml,application/xml,52684,393cc1d85ddc7ff9cb6ee0c1a55e25893e00b0966e0e0c4a8d5f0f4a99c21855,2026-08-19,1,,utf-8,,open_with_attribution
file_ted_0194,src_ted_opendata,379-2025.xml,raw/ted/xml/379-2025.xml,xml,application/xml,97669,f38caf9887be6f74702ea7c68354c18ca08a8421cca15798c1173911d80d769f,2026-08-19,1,,utf-8,,open_with_attribution
file_ted_0195,src_ted_opendata,381-2025.xml,raw/ted/xml/381-2025.xml,xml,application/xml,97291,a9b9ff32eebf2e4b16b5281e93e24db21d6cb35f2a0cf3980c656d91d0caedbe,2026-08-19,1,,utf-8,,open_with_attribution
file_ted_0196,src_ted_opendata,382-2025.xml,raw/ted/xml/382-2025.xml,xml,application/xml,53344,dcd95f7c5641c450fe852e3f8a9f0aff60d35150ed6a83bdb91a9c9cf6629878,2026-08-19,1,,utf-8,,open_with_attribution
file_ted_0197,src_ted_opendata,384-2025.xml,raw/ted/xml/384-2025.xml,xml,application/xml,21814,941fac00e8d335de39e0737d10177d0e2ed8c0391db0772a61925dfa343f603e,2026-08-19,1,,utf-8,,open_with_attribution
file_ted_0198,src_ted_opendata,386-2025.xml,raw/ted/xml/386-2025.xml,xml,application/xml,34679,2552b037a9e9b1f62bc5f89534bf0196bbe07f4011299d7db6d9f3e80f1efbc8,2026-08-19,1,,utf-8,,open_with_attribution
file_ted_0199,src_ted_opendata,390-2025.xml,raw/ted/xml/390-2025.xml,xml,application/xml,24758,4d09704f329a2121fa6271260c57758f08c3709817ea496cd0a0837c2456c5fb,2026-08-19,1,,utf-8,,open_with_attribution
file_ted_0200,src_ted_opendata,392-2025.xml,raw/ted/xml/392-2025.xml,xml,application/xml,37001,770abe66e3791d391ab80dd4722abce0b885fca991d75230d8484d7056bae3b8,2026-08-19,1,,utf-8,,open_with_attribution
file_ted_0201,src_ted_opendata,394-2025.xml,raw/ted/xml/394-2025.xml,xml,application/xml,30415,2af9691d4c099011c7ccf2159fe001f820a5a9fd56187a3799b7b6661964a153,2026-08-19,1,,utf-8,,open_with_attribution
file_ted_0202,src_ted_opendata,396-2025.xml,raw/ted/xml/396-2025.xml,xml,application/xml,151385,9420c17b62ecac16a87b6f197bbe438acb671685676b408868ea289111206d99,2026-08-19,1,,utf-8,,open_with_attribution
file_ted_0203,src_ted_opendata,397-2025.xml,raw/ted/xml/397-2025.xml,xml,application/xml,39260,06a374a1a2754cd84e3b713a68aedcf722168a6f9effb716f615eafffdf008ab,2026-08-19,1,,utf-8,,open_with_attribution
file_ted_0204,src_ted_opendata,400-2025.xml,raw/ted/xml/400-2025.xml,xml,application/xml,18234,75b813b43f0461ce4e4cc43e8053cc3a57078821c482daefda4520192806c683,2026-08-19,1,,utf-8,,open_with_attribution
file_ted_0205,src_ted_opendata,401-2025.xml,raw/ted/xml/401-2025.xml,xml,application/xml,19830,c1f1bab003fd9cdca964999f3c03f78f8fd07d134f4578256f5cd266b2a11389,2026-08-19,1,,utf-8,,open_with_attribution
file_ted_0206,src_ted_opendata,402-2025.xml,raw/ted/xml/402-2025.xml,xml,application/xml,22595,75ccd5dc011771236ad1870947e7a4153df0c6a689fe0071a9867413cb0c0105,2026-08-19,1,,utf-8,,open_with_attribution
file_ted_0207,src_ted_opendata,403-2025.xml,raw/ted/xml/403-2025.xml,xml,application/xml,38282,71037aef34297b1fd3c4432802782802b85e7dc81d7e686a035200b10c60949a,2026-08-19,1,,utf-8,,open_with_attribution
file_ted_0208,src_ted_opendata,404-2025.xml,raw/ted/xml/404-2025.xml,xml,application/xml,16403,1531417d71a98b239da4f1284110048bc5db8a10c5359ac0bf97ab7186880573,2026-08-19,1,,utf-8,,open_with_attribution
file_ted_0209,src_ted_opendata,405-2025.xml,raw/ted/xml/405-2025.xml,xml,application/xml,18555,3f1834c8e4b48e364971f6ec1064c0c6a013af68d8e323deda4212d3c59ce4f5,2026-08-19,1,,utf-8,,open_with_attribution
file_ted_0210,src_ted_opendata,407-2025.xml,raw/ted/xml/407-2025.xml,xml,application/xml,24666,2959f645e0a24ffc2d61939e594b7b7b5cf7aa53837582f8b6a22e4843239bf6,2026-08-19,1,,utf-8,,open_with_attribution
file_ted_0211,src_ted_opendata,408-2025.xml,raw/ted/xml/408-2025.xml,xml,application/xml,11549,56c32a83a373942d43caa86ee95e97a530d383ad0a599fd1b74fb81e75f7f4da,2026-08-19,1,,utf-8,,open_with_attribution
file_ted_0212,src_ted_opendata,409-2025.xml,raw/ted/xml/409-2025.xml,xml,application/xml,24787,d2326c00a23fbe5a636ae429e36823c4dc5270454b6a6876a0efff68524c918d,2026-08-19,1,,utf-8,,open_with_attribution
file_ted_0213,src_ted_opendata,410-2025.xml,raw/ted/xml/410-2025.xml,xml,application/xml,12380,841b493b14c11bd2f2fbfda921f5fc6fd9f96c5c8ca4f42a7c64668e7e8d3c02,2026-08-19,1,,utf-8,,open_with_attribution
file_ted_0214,src_ted_opendata,414-2025.xml,raw/ted/xml/414-2025.xml,xml,application/xml,28211,5efaba26c177ad9e6c657b80b2362cfb587886d1afa15aa87fafd09304a78c23,2026-08-19,1,,utf-8,,open_with_attribution
file_ted_0215,src_ted_opendata,417-2025.xml,raw/ted/xml/417-2025.xml,xml,application/xml,21763,674b979af15d482eb09caa25581b3580cadd87a6ae5217a0c05f2a80b8949ec8,2026-08-19,1,,utf-8,,open_with_attribution
file_ted_0216,src_ted_opendata,423-2025.xml,raw/ted/xml/423-2025.xml,xml,application/xml,34907,83a5766e85d04888c8cb1a574578f19fdc0606db992969f3c447bd5878618479,2026-08-19,1,,utf-8,,open_with_attribution
file_ted_0217,src_ted_opendata,425-2025.xml,raw/ted/xml/425-2025.xml,xml,application/xml,21214,6f145a05fe273aebd1c3c7e7086b100ca4817e7a1c027c4d7c645777b084b7ee,2026-08-19,1,,utf-8,,open_with_attribution
file_ted_0218,src_ted_opendata,427-2025.xml,raw/ted/xml/427-2025.xml,xml,application/xml,37715,6548ac48de03a5a441a7d62bc2f5778f87bd3d2bd93cea8a453377807b09fe05,2026-08-19,1,,utf-8,,open_with_attribution
file_ted_0219,src_ted_opendata,428-2025.xml,raw/ted/xml/428-2025.xml,xml,application/xml,12380,4cc37c3b7b634c938a40d9bd9aed961258c0b02e617e3ebfcc575da302774fd7,2026-08-19,1,,utf-8,,open_with_attribution
file_ted_0220,src_ted_opendata,429-2025.xml,raw/ted/xml/429-2025.xml,xml,application/xml,99635,21104a1d2231868cec3ba5f35547fed14fa1dfc8d867365e1c7bf9222c3f3f95,2026-08-19,1,,utf-8,,open_with_attribution
file_ted_0221,src_ted_opendata,433-2025.xml,raw/ted/xml/433-2025.xml,xml,application/xml,66788,d417dd121de9771f3107d3ee3b5548b65570229a52f015f83fd98ceb0296b8f6,2026-08-19,1,,utf-8,,open_with_attribution
file_ted_0222,src_ted_opendata,436-2025.xml,raw/ted/xml/436-2025.xml,xml,application/xml,16167,67a6226695a60e03ad3727a977a4933b270fa5986d80f6281ad51102857457f7,2026-08-19,1,,utf-8,,open_with_attribution
file_ted_0223,src_ted_opendata,441-2025.xml,raw/ted/xml/441-2025.xml,xml,application/xml,18596,c09ff9c9ad7f24519aa5ad1ae096da6ac3a3399f7c0113f0d46278d6b22725f5,2026-08-19,1,,utf-8,,open_with_attribution
file_ted_0224,src_ted_opendata,442-2025.xml,raw/ted/xml/442-2025.xml,xml,application/xml,23370,39e2f5cdc17610cca5d333486ea5dedf4a3e34a71262ea3a52d382396a7940ca,2026-08-19,1,,utf-8,,open_with_attribution
file_ted_0225,src_ted_opendata,444-2025.xml,raw/ted/xml/444-2025.xml,xml,application/xml,19913,c7cd3aed2728fc6c75fef509cc0f509e32e7aa2d0b30aad06322c13ed1dca745,2026-08-19,1,,utf-8,,open_with_attribution
file_ted_0226,src_ted_opendata,445-2025.xml,raw/ted/xml/445-2025.xml,xml,application/xml,17018,fc0ea370b5bdb1f8400880ee1b3a32511f67c5f741640d041fe1311459b6fe00,2026-08-19,1,,utf-8,,open_with_attribution
file_ted_0227,src_ted_opendata,448-2025.xml,raw/ted/xml/448-2025.xml,xml,application/xml,64492,3db97192dbd9c31ef58ad21efb0eb53b9eb76591b1472bc771366e352b95663a,2026-08-19,1,,utf-8,,open_with_attribution
file_ted_0228,src_ted_opendata,449-2025.xml,raw/ted/xml/449-2025.xml,xml,application/xml,18254,3434fe2f3729108517263ed4629a6685c50963df8fe99dcc18c10397c2a7cb4f,2026-08-19,1,,utf-8,,open_with_attribution
file_ted_0229,src_ted_opendata,451-2025.xml,raw/ted/xml/451-2025.xml,xml,application/xml,25934,368bdc957dde754e1e2ab39631befce4a2d97fc3a96fdec30bf639563afd99b3,2026-08-19,1,,utf-8,,open_with_attribution
file_ted_0230,src_ted_opendata,452-2025.xml,raw/ted/xml/452-2025.xml,xml,application/xml,26225,ac2e048c11e6ae43806bbe926b0f33f47c392a2fd666436b091c04ba7a473ded,2026-08-19,1,,utf-8,,open_with_attribution
file_ted_0231,src_ted_opendata,453-2025.xml,raw/ted/xml/453-2025.xml,xml,application/xml,18328,9b89039d1577ca76f2f0483de5a6eb81503699845dfa965171fe098f591f25c6,2026-08-19,1,,utf-8,,open_with_attribution
file_ted_0232,src_ted_opendata,456-2025.xml,raw/ted/xml/456-2025.xml,xml,application/xml,32232,c0bacbab1c27b36191a557aab37b2099d5e5020c946c1874588f5c3a37b3c7d1,2026-08-19,1,,utf-8,,open_with_attribution
file_ted_0233,src_ted_opendata,457-2025.xml,raw/ted/xml/457-2025.xml,xml,application/xml,31272,9b31f92cfdd32723e26c017a4802ad476556f8db31ba1700dc14df45330ddcb9,2026-08-19,1,,utf-8,,open_with_attribution
file_ted_0234,src_ted_opendata,458-2025.xml,raw/ted/xml/458-2025.xml,xml,application/xml,12380,688c29ec822ef95134dc29d87748efc14db2fc646c76436b2dd0fd0bbe7f0daf,2026-08-19,1,,utf-8,,open_with_attribution
file_ted_0235,src_ted_opendata,460-2025.xml,raw/ted/xml/460-2025.xml,xml,application/xml,140567,bbae3b8e647d56c350ff505faf774b98f2dcff199ef521525ef4426a5c77afee,2026-08-19,1,,utf-8,,open_with_attribution
file_ted_0236,src_ted_opendata,462-2025.xml,raw/ted/xml/462-2025.xml,xml,application/xml,8338,dd98a834a12f936a1ad56f7f6b6e3f91434f02c952cbb753b22b020d436ca5c4,2026-08-19,1,,utf-8,,open_with_attribution
file_ted_0237,src_ted_opendata,464-2025.xml,raw/ted/xml/464-2025.xml,xml,application/xml,20912,08c639213b38767f788ba6016839492ec5b798766dc95bc6eca559e144425b44,2026-08-19,1,,utf-8,,open_with_attribution
file_ted_0238,src_ted_opendata,465-2025.xml,raw/ted/xml/465-2025.xml,xml,application/xml,22781,d412b39bc75fe9efec70bc3bb39afc2949fcb312d0e07968e845f05fdf412a1c,2026-08-19,1,,utf-8,,open_with_attribution
file_ted_0239,src_ted_opendata,469-2025.xml,raw/ted/xml/469-2025.xml,xml,application/xml,24012,517cb1b84603f5e91bb9cce9dc9598e175cdfe88cffdbc15f6a80add9c8e21a5,2026-08-19,1,,utf-8,,open_with_attribution
file_ted_0240,src_ted_opendata,470-2025.xml,raw/ted/xml/470-2025.xml,xml,application/xml,26802,91dcd8af02e6cd5dcfb60c3369c9ee0178e5f319a1d5a285a030cfff6e344dfd,2026-08-19,1,,utf-8,,open_with_attribution
file_ted_0241,src_ted_opendata,471-2025.xml,raw/ted/xml/471-2025.xml,xml,application/xml,16201,2e91e77e03574a7205fa9a5323b9bfad948c6b400870b2c99887c1cd7977d238,2026-08-19,1,,utf-8,,open_with_attribution
file_ted_0242,src_ted_opendata,472-2025.xml,raw/ted/xml/472-2025.xml,xml,application/xml,57682,0e2608dcdee3f6bceee0017bdec0d798cce83454c34b28352579095ccafed3cf,2026-08-19,1,,utf-8,,open_with_attribution
file_ted_0243,src_ted_opendata,473-2025.xml,raw/ted/xml/473-2025.xml,xml,application/xml,29187,616998f55054164bbe37a1b8433d9288ef47b7166a71a2312d355ef4011c8c04,2026-08-19,1,,utf-8,,open_with_attribution
file_ted_0244,src_ted_opendata,475-2025.xml,raw/ted/xml/475-2025.xml,xml,application/xml,210015,aa46f397b7fe628f670a9eb6fec48e98051ec82faba763094b56def18c47ae9e,2026-08-19,1,,utf-8,,open_with_attribution
file_ted_0245,src_ted_opendata,479-2025.xml,raw/ted/xml/479-2025.xml,xml,application/xml,22858,65127261d1f681b75de46aa2e34a2b57d94235666a1f531a3a5e610e30c2e83a,2026-08-19,1,,utf-8,,open_with_attribution
file_ted_0246,src_ted_opendata,482-2025.xml,raw/ted/xml/482-2025.xml,xml,application/xml,19235,86bb7ded8c0fb44e5071ab72e4142fb636003124cf67931d9e16bb95093c5c39,2026-08-19,1,,utf-8,,open_with_attribution
file_ted_0247,src_ted_opendata,483-2025.xml,raw/ted/xml/483-2025.xml,xml,application/xml,27203,267e70e1e24a52516a49676c193e28d41a7dc69e930ca013476123c9613b74cf,2026-08-19,1,,utf-8,,open_with_attribution
file_ted_0248,src_ted_opendata,484-2025.xml,raw/ted/xml/484-2025.xml,xml,application/xml,28950,ffbf73884a8c80e598dc524405c525abb818476624e18b094de56fae0cbf0e7a,2026-08-19,1,,utf-8,,open_with_attribution
file_ted_0249,src_ted_opendata,490-2025.xml,raw/ted/xml/490-2025.xml,xml,application/xml,55875,c57888270d2211f68965099e768d44271e5313e13740d6a5632528ae0f22aabc,2026-08-19,1,,utf-8,,open_with_attribution
file_ted_0250,src_ted_opendata,491-2025.xml,raw/ted/xml/491-2025.xml,xml,application/xml,12380,9de8e81a20f86bd02475bb8145465c696444499ce1020547d3b9c8adb4043574,2026-08-19,1,,utf-8,,open_with_attribution
file_ted_0251,src_ted_opendata,492-2025.xml,raw/ted/xml/492-2025.xml,xml,application/xml,25535,ca7e9b1bf6ad358b6fbdc6a7796bd9e9442b5256170cc904ff5a19e55543c931,2026-08-19,1,,utf-8,,open_with_attribution
file_ted_0252,src_ted_opendata,494-2025.xml,raw/ted/xml/494-2025.xml,xml,application/xml,19266,edeee50d7479adf6e4b1f3f91367e4a7740a957433b1da5b9e04ad16bf412b43,2026-08-19,1,,utf-8,,open_with_attribution
file_ted_0253,src_ted_opendata,500-2025.xml,raw/ted/xml/500-2025.xml,xml,application/xml,19144,45a0247de135dfde2f868435b6da1efc4338fde9836319bbca5c10b1ce782b3c,2026-08-19,1,,utf-8,,open_with_attribution
file_ted_0254,src_ted_opendata,502-2025.xml,raw/ted/xml/502-2025.xml,xml,application/xml,12380,2265fef36ca6da8ef60b94228df16911b2a8b568c98903370d18e8baf4703c05,2026-08-19,1,,utf-8,,open_with_attribution
file_ted_0255,src_ted_opendata,503-2025.xml,raw/ted/xml/503-2025.xml,xml,application/xml,23409,9a98a461eb2af2a0abb89953fc0a843468e3df6207b475c9c019ad8c4c67cf57,2026-08-19,1,,utf-8,,open_with_attribution
file_ted_0256,src_ted_opendata,508-2025.xml,raw/ted/xml/508-2025.xml,xml,application/xml,131381,c1af23d36bbef8376b17092c288485d89c6f8f88b1c8f62859052a8177cb897b,2026-08-19,1,,utf-8,,open_with_attribution
file_ted_0257,src_ted_opendata,511-2025.xml,raw/ted/xml/511-2025.xml,xml,application/xml,8191,9ae50eca85d4b521c92ae2fc462af80e8613b464c2397d0244e2eb7edeab561b,2026-08-19,1,,utf-8,,open_with_attribution
file_ted_0258,src_ted_opendata,512-2025.xml,raw/ted/xml/512-2025.xml,xml,application/xml,420680,f341d14460391b35c67f560711e394db48f6cc4b8582f4dbc4c58c07b1c12f1d,2026-08-19,1,,utf-8,,open_with_attribution
file_ted_0259,src_ted_opendata,514-2025.xml,raw/ted/xml/514-2025.xml,xml,application/xml,21739,abcf0b52d4573d6f91bbb0ed30eec9b50ef85192b234aa0f8e617a279c83ea23,2026-08-19,1,,utf-8,,open_with_attribution
file_ted_0260,src_ted_opendata,517-2025.xml,raw/ted/xml/517-2025.xml,xml,application/xml,73462,89fa85fc7d6fee8e430ff7ea0e46aed4ecb8e506564b50e9f16b7cf9c16ee1e9,2026-08-19,1,,utf-8,,open_with_attribution
file_ted_0261,src_ted_opendata,518-2025.xml,raw/ted/xml/518-2025.xml,xml,application/xml,134303,44cc95518776673e6fbfdccee1d2ee8d424a319f0227a7d4dc051849da43de50,2026-08-19,1,,utf-8,,open_with_attribution
file_ted_0262,src_ted_opendata,520-2025.xml,raw/ted/xml/520-2025.xml,xml,application/xml,12378,e405ea1142d8ed65dd0733b69f6358c87e3fa77bbbf891b8eb429ea0f7d74119,2026-08-19,1,,utf-8,,open_with_attribution
file_ted_0263,src_ted_opendata,522-2025.xml,raw/ted/xml/522-2025.xml,xml,application/xml,27845,c9640ec2a1063b3536b160c4b836c9c67e3eed8707970d1746b3e5580b52a14a,2026-08-19,1,,utf-8,,open_with_attribution
file_ted_0264,src_ted_opendata,524-2025.xml,raw/ted/xml/524-2025.xml,xml,application/xml,77181,65400ad90ae729d0f23b9f85d31a0f63c54306803b728510efb496c56d57a518,2026-08-19,1,,utf-8,,open_with_attribution
file_ted_0265,src_ted_opendata,525-2025.xml,raw/ted/xml/525-2025.xml,xml,application/xml,23540,2da223b606441f65fec101676ba5f2ac41e8ffa99804a85796e949a1f10b0348,2026-08-19,1,,utf-8,,open_with_attribution
file_ted_0266,src_ted_opendata,526-2025.xml,raw/ted/xml/526-2025.xml,xml,application/xml,22295,4c34cf1967d79636aa04d76e7d81f3362c19b902e7200f545ce970f5b5957bc7,2026-08-19,1,,utf-8,,open_with_attribution
file_ted_0267,src_ted_opendata,529-2025.xml,raw/ted/xml/529-2025.xml,xml,application/xml,47554,9035fecb806fd109887c8bfc2b0bbb27f8b9e17f57568d1f9bb2adf0540cbca1,2026-08-19,1,,utf-8,,open_with_attribution
file_ted_0268,src_ted_opendata,530-2025.xml,raw/ted/xml/530-2025.xml,xml,application/xml,25700,1189bcc95a9f61e4e8e7ab44beb29ad1765769c1e3be5f89dc1996470bef78a7,2026-08-19,1,,utf-8,,open_with_attribution
file_ted_0269,src_ted_opendata,532-2025.xml,raw/ted/xml/532-2025.xml,xml,application/xml,21068,1c9e176e6cfa3195cb7ae1d7d414a1384ede4b5e88831d1bf48484548add3b6c,2026-08-19,1,,utf-8,,open_with_attribution
file_ted_0270,src_ted_opendata,533-2025.xml,raw/ted/xml/533-2025.xml,xml,application/xml,25444,28bef8bba82b1b9ac76b62a9464548d883df7d11c354285f7e4e9f84fd213fed,2026-08-19,1,,utf-8,,open_with_attribution
file_ted_0271,src_ted_opendata,534-2025.xml,raw/ted/xml/534-2025.xml,xml,application/xml,26044,13d5ae119728ee4dc603aeed8d5e376c842a2e2850e0497a40553de9b4f8a1c6,2026-08-19,1,,utf-8,,open_with_attribution
file_ted_0272,src_ted_opendata,540-2025.xml,raw/ted/xml/540-2025.xml,xml,application/xml,19320,ee0a44049629572c233dc4ce1c7e974b1da720c475767f4c330734ec17db4661,2026-08-19,1,,utf-8,,open_with_attribution
file_ted_0273,src_ted_opendata,542-2025.xml,raw/ted/xml/542-2025.xml,xml,application/xml,327481,2801e00995f625d33649c546e60deb4a172a04fdeaa938f33d322f4b24f354bb,2026-08-19,1,,utf-8,,open_with_attribution
file_ted_0274,src_ted_opendata,543-2025.xml,raw/ted/xml/543-2025.xml,xml,application/xml,10019,18ed611a553c4e695166e32d280bc1d3fe30b07bb3ace41d4f34f8e713d5ab66,2026-08-19,1,,utf-8,,open_with_attribution
file_ted_0275,src_ted_opendata,549-2025.xml,raw/ted/xml/549-2025.xml,xml,application/xml,68086,d97cb78934f03e66ebe0827cd58cf7b70bc4d7a5079fb5e8db3a58b2f55edaf2,2026-08-19,1,,utf-8,,open_with_attribution
file_ted_0276,src_ted_opendata,551-2025.xml,raw/ted/xml/551-2025.xml,xml,application/xml,22422,82f39713fe5963dea2df11f100bc2bf4fb12bf78e29d2ae7b3dc1b1e2f380fb8,2026-08-19,1,,utf-8,,open_with_attribution
file_ted_0277,src_ted_opendata,553-2025.xml,raw/ted/xml/553-2025.xml,xml,application/xml,78081,936749bda1d9ecc8e91bff785a316f0db1fee775418bbab3b5ae3f9303a0e84a,2026-08-19,1,,utf-8,,open_with_attribution
file_ted_0278,src_ted_opendata,557-2025.xml,raw/ted/xml/557-2025.xml,xml,application/xml,58305,e4b4c681a36f298640fca777146f5aaa5376f2e963972748cd0ccf6355754658,2026-08-19,1,,utf-8,,open_with_attribution
file_ted_0279,src_ted_opendata,559-2025.xml,raw/ted/xml/559-2025.xml,xml,application/xml,30385,37dd9127a9248fc5ca29109a1b0f56e03af40ed817f94a8b9169b0427b7c2193,2026-08-19,1,,utf-8,,open_with_attribution
file_ted_0280,src_ted_opendata,560-2025.xml,raw/ted/xml/560-2025.xml,xml,application/xml,11718,53557872228cd2f7bc2d44dbbadaff38f0d23e7c40b07fed8c09049d0fcfc301,2026-08-19,1,,utf-8,,open_with_attribution
file_ted_0281,src_ted_opendata,564-2025.xml,raw/ted/xml/564-2025.xml,xml,application/xml,24698,797bef94a79c4ac87282f77da7e7d9b405d3cb408dc95f348bdd4836357e8a92,2026-08-19,1,,utf-8,,open_with_attribution
file_ted_0282,src_ted_opendata,565-2025.xml,raw/ted/xml/565-2025.xml,xml,application/xml,17558,b572bfb45a9d365998671bd012121f99885111a0342b6f454b3307355ccf7fe6,2026-08-19,1,,utf-8,,open_with_attribution
file_ted_0283,src_ted_opendata,566-2025.xml,raw/ted/xml/566-2025.xml,xml,application/xml,18935,60c6ad668c0f0be80fa0c81884c593696d3848a8990cf4402133c52ca24a1e67,2026-08-19,1,,utf-8,,open_with_attribution
file_ted_0284,src_ted_opendata,569-2025.xml,raw/ted/xml/569-2025.xml,xml,application/xml,38715,3fb643a2e7aac5fcd94987272823dfdb00ad67ecd362f700dd800f90a1a3e4aa,2026-08-19,1,,utf-8,,open_with_attribution
file_ted_0285,src_ted_opendata,570-2025.xml,raw/ted/xml/570-2025.xml,xml,application/xml,45843,b68ac6de66a2e4c2816562f305fd1ae6b59611ad8fbe5f8b01116a5a0b468a27,2026-08-19,1,,utf-8,,open_with_attribution
file_ted_0286,src_ted_opendata,574-2025.xml,raw/ted/xml/574-2025.xml,xml,application/xml,132502,88b2c87dcb42d7b20af3022d0bd6639fc9e10d3b10df8691b55417a700976f22,2026-08-19,1,,utf-8,,open_with_attribution
file_ted_0287,src_ted_opendata,575-2025.xml,raw/ted/xml/575-2025.xml,xml,application/xml,23556,09ac4db567a9b00562f9ac4a48d548b3812621dd8fa25f414b151c186599ab71,2026-08-19,1,,utf-8,,open_with_attribution
file_ted_0288,src_ted_opendata,577-2025.xml,raw/ted/xml/577-2025.xml,xml,application/xml,20548,0f092a9345cf9745eaf9535fcfbc0798d93455873eeb17d593d044e28de810ba,2026-08-19,1,,utf-8,,open_with_attribution
file_ted_0289,src_ted_opendata,582-2025.xml,raw/ted/xml/582-2025.xml,xml,application/xml,22154,9c86dd701d87ca1d6114e9591959b51df787e6d9d1c63b76d4b3d70d474e2aa9,2026-08-19,1,,utf-8,,open_with_attribution
file_ted_0290,src_ted_opendata,583-2025.xml,raw/ted/xml/583-2025.xml,xml,application/xml,36185,da04fa05e717a6ca9a8a90beedf7fd85d670a0faa510b5aba75b8afb65274b5b,2026-08-19,1,,utf-8,,open_with_attribution
file_ted_0291,src_ted_opendata,586-2025.xml,raw/ted/xml/586-2025.xml,xml,application/xml,17134,233999b5f944ec8b6fbc90021c9495850138a8db9a669f77c836dcff3f347411,2026-08-19,1,,utf-8,,open_with_attribution
file_ted_0292,src_ted_opendata,587-2025.xml,raw/ted/xml/587-2025.xml,xml,application/xml,75166,6d30e57cfe1d3e16525ace205b9df24c0e335592dc2ac65dc538f59c1ba2de6b,2026-08-19,1,,utf-8,,open_with_attribution
file_ted_0293,src_ted_opendata,590-2025.xml,raw/ted/xml/590-2025.xml,xml,application/xml,12378,5efc6c2839d2f529f9d8e467360705619902fe9190b2c9e98cfd4876cde38b25,2026-08-19,1,,utf-8,,open_with_attribution
file_ted_0294,src_ted_opendata,591-2025.xml,raw/ted/xml/591-2025.xml,xml,application/xml,12380,ee68cf4b9c1d01e75900a4e815722823f7629e6f969ee05453877cf59a69f7ff,2026-08-19,1,,utf-8,,open_with_attribution
file_ted_0295,src_ted_opendata,593-2025.xml,raw/ted/xml/593-2025.xml,xml,application/xml,31642,432d857943616d61a4c9d92bf37402793bf59b0548932bb578eff672ef8e6174,2026-08-19,1,,utf-8,,open_with_attribution
file_ted_0296,src_ted_opendata,594-2025.xml,raw/ted/xml/594-2025.xml,xml,application/xml,73972,ea980a158f6f1935c5c6529ea7be8f6e21324ab31fa53c798383d95f0ca0e431,2026-08-19,1,,utf-8,,open_with_attribution
file_ted_0297,src_ted_opendata,595-2025.xml,raw/ted/xml/595-2025.xml,xml,application/xml,20758,c54289b65301ca9a425df6d6a4c94be218ff5f8cc90f8aaf77a4290a294f4dc5,2026-08-19,1,,utf-8,,open_with_attribution
file_ted_0298,src_ted_opendata,597-2025.xml,raw/ted/xml/597-2025.xml,xml,application/xml,64244,10fe5df2636ab9db34dcb4f31ab55fe82a343cdfc333b6dccbe2b45d4cbc6722,2026-08-19,1,,utf-8,,open_with_attribution
file_ted_0299,src_ted_opendata,598-2025.xml,raw/ted/xml/598-2025.xml,xml,application/xml,73871,e6157318ddba926ea5b7909674b71ed1ebe3974d558cb076a0a57ffcee0c791b,2026-08-19,1,,utf-8,,open_with_attribution
file_ted_0300,src_ted_opendata,599-2025.xml,raw/ted/xml/599-2025.xml,xml,application/xml,12378,783da793ee95b3b7a40c798d02c9b5956a2c4ef9c009eb2607f06cad8a09b10b,2026-08-19,1,,utf-8,,open_with_attribution
file_ted_api_001,src_ted_opendata,search_page_1.json,raw/ted/selection/search_page_1.json,json,application/json,1396823,5af2469a5988d544aba40a1362f9b72909cff61d72c72937bef435ebce677fab,2026-08-19,250,,utf-8,,open_with_attribution
file_ted_api_002,src_ted_opendata,search_page_2.json,raw/ted/selection/search_page_2.json,json,application/json,1401111,32fb1a37900d38ae60a014c163bb0054a1efc1ffba9b9c965a62d6ba3376d1e6,2026-08-19,250,,utf-8,,open_with_attribution
file_worldbank_ds00005_001_subset,src_worldbank_finances1,DS00005_selected_fy2025_first300.csv,raw/world_bank/DS00005_selected_fy2025_first300.csv,csv,text/csv,119381,00e30f5e6179e78568593004b271e59bd5b209c9bc0e1131d4d75781063ca5d1,2026-08-19,322,22,utf-8,comma,open
file_worldbank_ds00005_001,src_worldbank_finances1,DS00005_Contract_Awards_in_Investment_Project_Financing_Since_FY_2020.csv,raw/world_bank/DS00005_Contract_Awards_in_Investment_Project_Financing_Since_FY_2020.csv,csv,text/csv,111894077,cd9f0dddba7d0b3d4f6cf3ff169fb0968ac12a3781b25e7773aa6b10902dc16e,2026-08-19,288036,21,utf-8,comma,open
file_worldbank_ds00005_001_subset,src_worldbank_finances1,DS00005_selected_fy2025_first300.csv,raw/world_bank/DS00005_selected_fy2025_first300.csv,csv,text/csv,119381,00e30f5e6179e78568593004b271e59bd5b209c9bc0e1131d4d75781063ca5d1,2026-08-19,300,22,utf-8,comma,open
file_pdf_finance_ni_001,src_finance_ni_contract,finance_ni_contract_management_principles_procedures_2017.pdf,pdf/original/finance_ni_contract_management_principles_procedures_2017.pdf,pdf,application/pdf,828568,d883a09823c307923d84ad0b65c17a8957d1859653b0360610fc191263bb451c,2026-08-19,63,,embedded text,,open_reuse_with_attribution
file_pdf_uk_supplier_001,src_uk_supplier_selection,uk_standard_selection_questionnaire_2016.pdf,pdf/original/uk_standard_selection_questionnaire_2016.pdf,pdf,application/pdf,721390,5affbd4988b7e4a79bdaf285f13bff7d566a05c015ef064aa857ba7634f09af7,2026-08-19,38,,embedded text,,open_reuse_with_attribution
